Workbook
Name _Toc252461075: Guidance!$A$3
Name Data: #REF!
Name Data: #REF!
Name FS3_f: #REF!
Name FS3_formula: #REF!
Name FS4_formula: #REF!
Name FS5_formula: #REF!
Name FS9_f: '[1]FS9 2020-21'!#REF!
Name FS9_formula: [1]FS9!#REF!
Name HR1_formula: #REF!
Name HR2_f: #REF!
Name HR2_formula: #REF!
Name HR2_formula: #REF!
Name HR2_formula: #REF!
Name HR2_formula: #REF!
Name HR2_formula: #REF!
Name HR3_formula: #REF!
Name HR3_formula: #REF!
Name HR3_formula: #REF!
Name HR3_formula: #REF!
Name HR3_formula: #REF!
Name HR3_formula: #REF!
Name HR3_formula: #REF!
Name HR4_formula: #REF!
Name HR4_formula: #REF!
Name HR4_formula: #REF!
Name HR4_formula: #REF!
Name HR4_formula: #REF!
Name HR4_formula: #REF!
Name HR4_formula: #REF!
Name HR5_formula: #REF!
Name HR5_formula: #REF!
Name HR5_formula: #REF!
Name HR5_formula: #REF!
Name HR5_formula: #REF!
Name HR5_formula: #REF!
Name HR5_formula: #REF!

Sheet Cover
A6: 2025_26
A7: Operational Statistics Collection
A8: LE Tables
A10: =VLOOKUP(B250,B251:D316,2,FALSE) -> Shropshire
A11: =VLOOKUP(B250,B251:D316,3,FALSE) -> E31000032
A14: Index of Tables | B14: Description
A15: LE1a | B15: Number of wholetime firefighters leaving by reason
A16: LE1b | B16: Number of wholetime firefighters leaving by gender, age, disability, ethnicity, religion and sexual orientation
A17: LE2a | B17: Number of on call firefighters leaving by reason
A18: LE2b | B18: Number of on call firefighters leaving by gender, age, disability, ethnicity, religion and sexual orientation
A19: LE3a | B19: Number of fire control staff leaving by reason
A20: LE3b | B20: Number of fire control staff leaving by gender, age, disability, ethnicity, religion and sexual orientation
A21: LE4a | B21: Number of support staff leaving by reason
A22: LE4b | B22: Number of support staff leaving by gender, age, disability, ethnicity, religion and sexual orientation
A23: Guidance | B23: Guidance notes
A25: Key
A26: 999999999 | B26: Cells highlighted yellow following data entry indicate a significant change in the figures inputted relative to the previous year. Please double check the relevant figures prior to submitting this return.
A28: Please complete by Friday 12 June 2026 and send the spreadsheet by e-mail to: FireStatistics@homeoffice.gov.uk
A31: Contact
A32: E-mail Address
A34: If you have any comments on the data submitted please provide them in the box below. If not, please leave blank.
G38: 1
G39: 2
G40: 3
G41: 4
A250: FRS Selector>>>>> | B250: 35 | C250: =MAX(B251:B316) -> 45
B251: 1 | C251: Avon | D251: E31000001
B252: 2 | C252: Bedfordshire | D252: E31000002
B253: 3 | C253: Berkshire | D253: E31000003
B254: 4 | C254: Buckinghamshire | D254: E31000004
B255: 5 | C255: Cambridgeshire | D255: E31000005
B256: 6 | C256: Cheshire | D256: E31000006
B257: 7 | C257: Cleveland | D257: E31000007
B258: 8 | C258: Cornwall | D258: E31000008
B259: 9 | C259: Cumbria | D259: E31000009
B260: 10 | C260: Derbyshire | D260: E31000010
B261: 11 | C261: Devon and Somerset | D261: E31000011
B262: 12 | C262: Dorset and Wiltshire | D262: E31000047
... B295: 45 | C295: North West Fire Control | D295: NWFC
B316: 0 | C316: Template FRS | D316: 0
B319: 2023_24 | C319: 2022/23
B320: 2024_25 | C320: 2023/24
B321: 2025_26 | C321: 2024/25
B322: 2026_27 | C322: 2025/26
B323: 2027_28 | C323: 2026/27
B324: 2028_29 | C324: 2027/28

Sheet Guidance
A1: Guidance notes for the forms on numbers of leavers (LE1-4)
A3: General guidance
A4: LE1a, LE2a, LE3a & LE4a provide information on the number (headcount) of staff leaving the fire service during the latest reporting period 1 April to 31 March.
A5: These returns enable monitoring of retention of firefighters on a national basis, assessing the reasons for leaving the FRS.
A6: The forms collect information on the following reasons for leaving the service:
A7: 1a. Moving - to another FRS
A8: 1b. Moving - within FRS from operational (firefighter or control) to support staff
A9: 1b. Moving - within FRS from support to operational (firefighter or control) staff [LE4 only]
A10: 2a. Resignation - to take up alternative employment
A11: 2b. Resignation - due to ill health
A12: 2c. Resignation - any other reason (please specify)
A13: 2d. Resignation - issues with primary employment/other work commitments [LE2 only]
... A27: Definitions
A28: Leavers: | C28: All personnel who ceased to be employed by the FRS during the reporting period. Include personnel whose last day of employment in the fire service, regardless of any prior periods of sickness or suspension, falls within the latest period 1 April to 31 March. New temporary and fixed-term staff who leave the service should also be included.
C29: Personnel who's last day is the 31st March should be counted in the workforce total HR return and should then be counted in the leavers return in the following year.
C30: Exclude personnel transferring to other FRSs (e.g. during a merger) or being seconded to Home Office, Fire Service College etc.
C31: Where, at the end of the reporting year, it is known that an appeal is pending over the dismissal of an individual, be it for disciplinary, medical or proficiency reasons, then the person should not to be included in the leavers return until the outcome of the appeal is known, which may be in the following reporting year.
C32: Personnel leaving should only be counted once, even if they have 2 contracts of employment. Personnel who have 2 contracts of employment and leave the service for different reasons for each contract should be counted once under their primary contract. If they only resign from 1 of the 2 contracts, they should not be included in these returns.
A33: Moving to another Fire and Rescue Service: | C33: Resignation to take employment with another FRS, please do not include transfers (e.g. that occur during a merger)
A34: Moving within the same Fire and Rescue Service from operational to support personnel or support to operational personnel: | C34: Where a person leaves to take up another type of employment within the same FRS as support staff (e.g. wholetime staff re-engaged under the FPS scheme) or moves from support to operational staff.
A35: Resignation to take up alternative employment: | C35: Resignation to take any other employment outside the FRS
A36: Resignation - ill health: | C36: Personnel resigning on the grounds of ill-health only
A37: Resignation - any other reason: | C37: Include personnel resigning as a result of harassment or discrimination, not on the grounds of ill-health.
A38: Redundancy - compulsory: | C38: Where a person has been made compulsory redundant by the FRS
A39: Redundancy - voluntary: | C39: Where a person has taken voluntary redundancy
A40: Retirement - early: | C40: Where a person has taken early retirement, this includes due to ill health
A41: Retirement - normal: | C41: Where a person leaves the FRS to take up retirement after having served their eligible length of service to receive a full pension.
A42: Dismissal - poor performance (including failure to maintain fitness): | C42: Termination of the contract of employment with FRS as a consequence of poor performance. This includes failure to maintain fitness.
A43: Dismissal - disciplinary grounds: | C43: Termination of the contract of employment with FRS for disciplinary reasons such as gross misconduct.
A44: Deceased: | C44: Please record if a person had died in the period 1 April 2025 to 31 March 2026.
A45: LE1b, LE2b, LE3b & LE4b provide information on the diversity characteristics of staff leaving the fire service during the latest reporting period 1 April to 31 March.
A46: Gender: | C46: Gender is to be recorded as gender identity.
C47: Guidance on reporting gender identity can be found here:
C48: Gender Identity Data Harmonisation Guidance
C49: The categories provided are "Male", "Female", "Other" and "Unknown". Anyone choosing "prefer not to say" or similar terms should be included in "unknown". While we acknowledge there are many other gender identity categories, the "Other" category is currently being used while the central government Analysis Function draft and update their guidance on gender harmonisation standard.
A50: Age groups: | C50: Staff should be entered in the appropriate age categories in sheets HR2-7.
C51: If the age is not known or staff have opted for "prefer not to say" or similar terms, please record under ‘Not stated’.
A52: Ethnicity: | C52: From the data collection in 2025 (data for 2025/26), the ethnicity categories aligned to the central government Analysis Function ethnicity harmonisation standard.
C53: Data for ethnicity are collected from the following categories and sub-categories:
C54: o White
C55: → English/ Welsh/ Scottish/ Northern Irish/ British
C56: → Irish
C57: → Gypsy or Irish Traveller
C58: → Roma
C59: → Any other White background
C60: o Mixed or Multiple Ethnic Groups
C61: → White and Black Caribbean
C62: → White and Black African
C63: → White and Asian
C64: → Any other Mixed / Multiple ethnic background
... C79: If the ethnicity is not known or staff have opted for "prefer not to say" or similar terms, please record under ‘Not stated’.
A80: Disability: | C80: As defined in the Equality Act 2010. A person has a disability if:
C81: a) they have a physical or mental impairment
C82: b) the impairment has a substantial and long-term adverse effect on their ability to perform normal day-to-day activities
C83: If disability status is not known or staff have opted for "prefer not to say" or similar terms, please record under ‘Not stated’.
A84: Sexual orientation: | C84: Data on sexual orientation are collected for the following categories:
C85: o Bisexual
C86: o Gay / Lesbian
C87: o Heterosexual
C88: o Other
C89: o Not stated
C90: If the sexual orientation is not known or staff have opted for "prefer not to say" or similar terms, please record under ‘Not stated’.
A91: Religion: | C91: Information on religion is collected for the following categories:
C92: o Christian
C93: o Buddhist
C94: o Hindu
C95: o Jewish
C96: o Muslim
C97: o Sikh
C98: o Any other religion
C99: o No religion at all
C100: o Not stated
C101: If the religion is not known or staff have opted for "prefer not to say" or similar terms, please record under ‘Not stated’.

Sheet LE - PY data
A1: SHEET | B1: FINANCIAL_YEAR | C1: FRS_NAME | D1: ROLE | E1: RANK | F1: LEAVING_REASON | G1: TOTAL

Sheet LE1a PY
C4: LE1 | D4: =VLOOKUP(Cover!A6,Cover!B319:D331,2,FALSE) -> 2024/25 | E4: =Cover!A10 -> Shropshire
B7: Brigade Manager | C7: Area Manager | D7: Group Manager | E7: Station Manager | F7: Watch Manager | G7: Crew Manager | H7: Firefighter | I7: Total
A8: 1a. Moving - to another FRS | B8: {=SUMPRODUCT(('LE - PY data'!$A$2:$A$10000='LE1a PY'!$C$4)*('LE - PY data'!$B$2:$B$10000='LE1a PY'!$D$4)*('LE - PY data'!$C$2:$C$10000='LE1a PY'!$E$4)*('LE - PY data'!$E$2:$E$10000='LE1a PY'!B$7)*('LE - PY data'!$F$2:$F$10000='LE1a PY'!$A8)*('LE - PY data'!$G$2:$G$10000))} -> 0 | C8: {=SUMPRODUCT(('LE - PY data'!$A$2:$A$10000='LE1a PY'!$C$4)*('LE - PY data'!$B$2:$B$10000='LE1a PY'!$D$4)*('LE - PY data'!$C$2:$C$10000='LE1a PY'!$E$4)*('LE - PY data'!$E$2:$E$10000='LE1a PY'!C$7)*('LE - PY data'!$F$2:$F$10000='LE1a PY'!$A8)*('LE - PY data'!$G$2:$G$10000))} -> 0 | D8: {=SUMPRODUCT(('LE - PY data'!$A$2:$A$10000='LE1a PY'!$C$4)*('LE - PY data'!$B$2:$B$10000='LE1a PY'!$D$4)*('LE - PY data'!$C$2:$C$10000='LE1a PY'!$E$4)*('LE - PY data'!$E$2:$E$10000='LE1a PY'!D$7)*('LE - PY data'!$F$2:$F$10000='LE1a PY'!$A8)*('LE - PY data'!$G$2:$G$10000))} -> 0 | E8: {=SUMPRODUCT(('LE - PY data'!$A$2:$A$10000='LE1a PY'!$C$4)*('LE - PY data'!$B$2:$B$10000='LE1a PY'!$D$4)*('LE - PY data'!$C$2:$C$10000='LE1a PY'!$E$4)*('LE - PY data'!$E$2:$E$10000='LE1a PY'!E$7)*('LE - PY data'!$F$2:$F$10000='LE1a PY'!$A8)*('LE - PY data'!$G$2:$G$10000))} -> 0 | F8: {=SUMPRODUCT(('LE - PY data'!$A$2:$A$10000='LE1a PY'!$C$4)*('LE - PY data'!$B$2:$B$10000='LE1a PY'!$D$4)*('LE - PY data'!$C$2:$C$10000='LE1a PY'!$E$4)*('LE - PY data'!$E$2:$E$10000='LE1a PY'!F$7)*('LE - PY data'!$F$2:$F$10000='LE1a PY'!$A8)*('LE - PY data'!$G$2:$G$10000))} -> 0 | G8: {=SUMPRODUCT(('LE - PY data'!$A$2:$A$10000='LE1a PY'!$C$4)*('LE - PY data'!$B$2:$B$10000='LE1a PY'!$D$4)*('LE - PY data'!$C$2:$C$10000='LE1a PY'!$E$4)*('LE - PY data'!$E$2:$E$10000='LE1a PY'!G$7)*('LE - PY data'!$F$2:$F$10000='LE1a PY'!$A8)*('LE - PY data'!$G$2:$G$10000))} -> 0 | H8: {=SUMPRODUCT(('LE - PY data'!$A$2:$A$10000='LE1a PY'!$C$4)*('LE - PY data'!$B$2:$B$10000='LE1a PY'!$D$4)*('LE - PY data'!$C$2:$C$10000='LE1a PY'!$E$4)*('LE - PY data'!$E$2:$E$10000='LE1a PY'!H$7)*('LE - PY data'!$F$2:$F$10000='LE1a PY'!$A8)*('LE - PY data'!$G$2:$G$10000))} -> 0 | I8: {=SUMPRODUCT(('LE - PY data'!$A$2:$A$10000='LE1a PY'!$C$4)*('LE - PY data'!$B$2:$B$10000='LE1a PY'!$D$4)*('LE - PY data'!$C$2:$C$10000='LE1a PY'!$E$4)*('LE - PY data'!$F$2:$F$10000='LE1a PY'!$A8)*('LE - PY data'!$G$2:$G$10000))} -> 0
A9: 1b. Moving - within FRS from operational (firefighter or control) to support staff | B9: {=SUMPRODUCT(('LE - PY data'!$A$2:$A$10000='LE1a PY'!$C$4)*('LE - PY data'!$B$2:$B$10000='LE1a PY'!$D$4)*('LE - PY data'!$C$2:$C$10000='LE1a PY'!$E$4)*('LE - PY data'!$E$2:$E$10000='LE1a PY'!B$7)*('LE - PY data'!$F$2:$F$10000='LE1a PY'!$A9)*('LE - PY data'!$G$2:$G$10000))} -> 0 | C9: {=SUMPRODUCT(('LE - PY data'!$A$2:$A$10000='LE1a PY'!$C$4)*('LE - PY data'!$B$2:$B$10000='LE1a PY'!$D$4)*('LE - PY data'!$C$2:$C$10000='LE1a PY'!$E$4)*('LE - PY data'!$E$2:$E$10000='LE1a PY'!C$7)*('LE - PY data'!$F$2:$F$10000='LE1a PY'!$A9)*('LE - PY data'!$G$2:$G$10000))} -> 0 | D9: {=SUMPRODUCT(('LE - PY data'!$A$2:$A$10000='LE1a PY'!$C$4)*('LE - PY data'!$B$2:$B$10000='LE1a PY'!$D$4)*('LE - PY data'!$C$2:$C$10000='LE1a PY'!$E$4)*('LE - PY data'!$E$2:$E$10000='LE1a PY'!D$7)*('LE - PY data'!$F$2:$F$10000='LE1a PY'!$A9)*('LE - PY data'!$G$2:$G$10000))} -> 0 | E9: {=SUMPRODUCT(('LE - PY data'!$A$2:$A$10000='LE1a PY'!$C$4)*('LE - PY data'!$B$2:$B$10000='LE1a PY'!$D$4)*('LE - PY data'!$C$2:$C$10000='LE1a PY'!$E$4)*('LE - PY data'!$E$2:$E$10000='LE1a PY'!E$7)*('LE - PY data'!$F$2:$F$10000='LE1a PY'!$A9)*('LE - PY data'!$G$2:$G$10000))} -> 0 | F9: {=SUMPRODUCT(('LE - PY data'!$A$2:$A$10000='LE1a PY'!$C$4)*('LE - PY data'!$B$2:$B$10000='LE1a PY'!$D$4)*('LE - PY data'!$C$2:$C$10000='LE1a PY'!$E$4)*('LE - PY data'!$E$2:$E$10000='LE1a PY'!F$7)*('LE - PY data'!$F$2:$F$10000='LE1a PY'!$A9)*('LE - PY data'!$G$2:$G$10000))} -> 0 | G9: {=SUMPRODUCT(('LE - PY data'!$A$2:$A$10000='LE1a PY'!$C$4)*('LE - PY data'!$B$2:$B$10000='LE1a PY'!$D$4)*('LE - PY data'!$C$2:$C$10000='LE1a PY'!$E$4)*('LE - PY data'!$E$2:$E$10000='LE1a PY'!G$7)*('LE - PY data'!$F$2:$F$10000='LE1a PY'!$A9)*('LE - PY data'!$G$2:$G$10000))} -> 0 | H9: {=SUMPRODUCT(('LE - PY data'!$A$2:$A$10000='LE1a PY'!$C$4)*('LE - PY data'!$B$2:$B$10000='LE1a PY'!$D$4)*('LE - PY data'!$C$2:$C$10000='LE1a PY'!$E$4)*('LE - PY data'!$E$2:$E$10000='LE1a PY'!H$7)*('LE - PY data'!$F$2:$F$10000='LE1a PY'!$A9)*('LE - PY data'!$G$2:$G$10000))} -> 0 | I9: {=SUMPRODUCT(('LE - PY data'!$A$2:$A$10000='LE1a PY'!$C$4)*('LE - PY data'!$B$2:$B$10000='LE1a PY'!$D$4)*('LE - PY data'!$C$2:$C$10000='LE1a PY'!$E$4)*('LE - PY data'!$F$2:$F$10000='LE1a PY'!$A9)*('LE - PY data'!$G$2:$G$10000))} -> 0
A10: 1. Total moving | B10: {=SUMPRODUCT(('LE - PY data'!$A$2:$A$10000='LE1a PY'!$C$4)*('LE - PY data'!$B$2:$B$10000='LE1a PY'!$D$4)*('LE - PY data'!$C$2:$C$10000='LE1a PY'!$E$4)*('LE - PY data'!$E$2:$E$10000='LE1a PY'!B$7)*('LE - PY data'!$F$2:$F$10000='LE1a PY'!$A10)*('LE - PY data'!$G$2:$G$10000))} -> 0 | C10: {=SUMPRODUCT(('LE - PY data'!$A$2:$A$10000='LE1a PY'!$C$4)*('LE - PY data'!$B$2:$B$10000='LE1a PY'!$D$4)*('LE - PY data'!$C$2:$C$10000='LE1a PY'!$E$4)*('LE - PY data'!$E$2:$E$10000='LE1a PY'!C$7)*('LE - PY data'!$F$2:$F$10000='LE1a PY'!$A10)*('LE - PY data'!$G$2:$G$10000))} -> 0 | D10: {=SUMPRODUCT(('LE - PY data'!$A$2:$A$10000='LE1a PY'!$C$4)*('LE - PY data'!$B$2:$B$10000='LE1a PY'!$D$4)*('LE - PY data'!$C$2:$C$10000='LE1a PY'!$E$4)*('LE - PY data'!$E$2:$E$10000='LE1a PY'!D$7)*('LE - PY data'!$F$2:$F$10000='LE1a PY'!$A10)*('LE - PY data'!$G$2:$G$10000))} -> 0 | E10: {=SUMPRODUCT(('LE - PY data'!$A$2:$A$10000='LE1a PY'!$C$4)*('LE - PY data'!$B$2:$B$10000='LE1a PY'!$D$4)*('LE - PY data'!$C$2:$C$10000='LE1a PY'!$E$4)*('LE - PY data'!$E$2:$E$10000='LE1a PY'!E$7)*('LE - PY data'!$F$2:$F$10000='LE1a PY'!$A10)*('LE - PY data'!$G$2:$G$10000))} -> 0 | F10: {=SUMPRODUCT(('LE - PY data'!$A$2:$A$10000='LE1a PY'!$C$4)*('LE - PY data'!$B$2:$B$10000='LE1a PY'!$D$4)*('LE - PY data'!$C$2:$C$10000='LE1a PY'!$E$4)*('LE - PY data'!$E$2:$E$10000='LE1a PY'!F$7)*('LE - PY data'!$F$2:$F$10000='LE1a PY'!$A10)*('LE - PY data'!$G$2:$G$10000))} -> 0 | G10: {=SUMPRODUCT(('LE - PY data'!$A$2:$A$10000='LE1a PY'!$C$4)*('LE - PY data'!$B$2:$B$10000='LE1a PY'!$D$4)*('LE - PY data'!$C$2:$C$10000='LE1a PY'!$E$4)*('LE - PY data'!$E$2:$E$10000='LE1a PY'!G$7)*('LE - PY data'!$F$2:$F$10000='LE1a PY'!$A10)*('LE - PY data'!$G$2:$G$10000))} -> 0 | H10: {=SUMPRODUCT(('LE - PY data'!$A$2:$A$10000='LE1a PY'!$C$4)*('LE - PY data'!$B$2:$B$10000='LE1a PY'!$D$4)*('LE - PY data'!$C$2:$C$10000='LE1a PY'!$E$4)*('LE - PY data'!$E$2:$E$10000='LE1a PY'!H$7)*('LE - PY data'!$F$2:$F$10000='LE1a PY'!$A10)*('LE - PY data'!$G$2:$G$10000))} -> 0 | I10: {=SUMPRODUCT(('LE - PY data'!$A$2:$A$10000='LE1a PY'!$C$4)*('LE - PY data'!$B$2:$B$10000='LE1a PY'!$D$4)*('LE - PY data'!$C$2:$C$10000='LE1a PY'!$E$4)*('LE - PY data'!$F$2:$F$10000='LE1a PY'!$A10)*('LE - PY data'!$G$2:$G$10000))} -> 0
A11: 2a. Resignation - to take up alternative employment | B11: {=SUMPRODUCT(('LE - PY data'!$A$2:$A$10000='LE1a PY'!$C$4)*('LE - PY data'!$B$2:$B$10000='LE1a PY'!$D$4)*('LE - PY data'!$C$2:$C$10000='LE1a PY'!$E$4)*('LE - PY data'!$E$2:$E$10000='LE1a PY'!B$7)*('LE - PY data'!$F$2:$F$10000='LE1a PY'!$A11)*('LE - PY data'!$G$2:$G$10000))} -> 0 | C11: {=SUMPRODUCT(('LE - PY data'!$A$2:$A$10000='LE1a PY'!$C$4)*('LE - PY data'!$B$2:$B$10000='LE1a PY'!$D$4)*('LE - PY data'!$C$2:$C$10000='LE1a PY'!$E$4)*('LE - PY data'!$E$2:$E$10000='LE1a PY'!C$7)*('LE - PY data'!$F$2:$F$10000='LE1a PY'!$A11)*('LE - PY data'!$G$2:$G$10000))} -> 0 | D11: {=SUMPRODUCT(('LE - PY data'!$A$2:$A$10000='LE1a PY'!$C$4)*('LE - PY data'!$B$2:$B$10000='LE1a PY'!$D$4)*('LE - PY data'!$C$2:$C$10000='LE1a PY'!$E$4)*('LE - PY data'!$E$2:$E$10000='LE1a PY'!D$7)*('LE - PY data'!$F$2:$F$10000='LE1a PY'!$A11)*('LE - PY data'!$G$2:$G$10000))} -> 0 | E11: {=SUMPRODUCT(('LE - PY data'!$A$2:$A$10000='LE1a PY'!$C$4)*('LE - PY data'!$B$2:$B$10000='LE1a PY'!$D$4)*('LE - PY data'!$C$2:$C$10000='LE1a PY'!$E$4)*('LE - PY data'!$E$2:$E$10000='LE1a PY'!E$7)*('LE - PY data'!$F$2:$F$10000='LE1a PY'!$A11)*('LE - PY data'!$G$2:$G$10000))} -> 0 | F11: {=SUMPRODUCT(('LE - PY data'!$A$2:$A$10000='LE1a PY'!$C$4)*('LE - PY data'!$B$2:$B$10000='LE1a PY'!$D$4)*('LE - PY data'!$C$2:$C$10000='LE1a PY'!$E$4)*('LE - PY data'!$E$2:$E$10000='LE1a PY'!F$7)*('LE - PY data'!$F$2:$F$10000='LE1a PY'!$A11)*('LE - PY data'!$G$2:$G$10000))} -> 0 | G11: {=SUMPRODUCT(('LE - PY data'!$A$2:$A$10000='LE1a PY'!$C$4)*('LE - PY data'!$B$2:$B$10000='LE1a PY'!$D$4)*('LE - PY data'!$C$2:$C$10000='LE1a PY'!$E$4)*('LE - PY data'!$E$2:$E$10000='LE1a PY'!G$7)*('LE - PY data'!$F$2:$F$10000='LE1a PY'!$A11)*('LE - PY data'!$G$2:$G$10000))} -> 0 | H11: {=SUMPRODUCT(('LE - PY data'!$A$2:$A$10000='LE1a PY'!$C$4)*('LE - PY data'!$B$2:$B$10000='LE1a PY'!$D$4)*('LE - PY data'!$C$2:$C$10000='LE1a PY'!$E$4)*('LE - PY data'!$E$2:$E$10000='LE1a PY'!H$7)*('LE - PY data'!$F$2:$F$10000='LE1a PY'!$A11)*('LE - PY data'!$G$2:$G$10000))} -> 0 | I11: {=SUMPRODUCT(('LE - PY data'!$A$2:$A$10000='LE1a PY'!$C$4)*('LE - PY data'!$B$2:$B$10000='LE1a PY'!$D$4)*('LE - PY data'!$C$2:$C$10000='LE1a PY'!$E$4)*('LE - PY data'!$F$2:$F$10000='LE1a PY'!$A11)*('LE - PY data'!$G$2:$G$10000))} -> 0
A12: 2b. Resignation - due to ill health | B12: {=SUMPRODUCT(('LE - PY data'!$A$2:$A$10000='LE1a PY'!$C$4)*('LE - PY data'!$B$2:$B$10000='LE1a PY'!$D$4)*('LE - PY data'!$C$2:$C$10000='LE1a PY'!$E$4)*('LE - PY data'!$E$2:$E$10000='LE1a PY'!B$7)*('LE - PY data'!$F$2:$F$10000='LE1a PY'!$A12)*('LE - PY data'!$G$2:$G$10000))} -> 0 | C12: {=SUMPRODUCT(('LE - PY data'!$A$2:$A$10000='LE1a PY'!$C$4)*('LE - PY data'!$B$2:$B$10000='LE1a PY'!$D$4)*('LE - PY data'!$C$2:$C$10000='LE1a PY'!$E$4)*('LE - PY data'!$E$2:$E$10000='LE1a PY'!C$7)*('LE - PY data'!$F$2:$F$10000='LE1a PY'!$A12)*('LE - PY data'!$G$2:$G$10000))} -> 0 | D12: {=SUMPRODUCT(('LE - PY data'!$A$2:$A$10000='LE1a PY'!$C$4)*('LE - PY data'!$B$2:$B$10000='LE1a PY'!$D$4)*('LE - PY data'!$C$2:$C$10000='LE1a PY'!$E$4)*('LE - PY data'!$E$2:$E$10000='LE1a PY'!D$7)*('LE - PY data'!$F$2:$F$10000='LE1a PY'!$A12)*('LE - PY data'!$G$2:$G$10000))} -> 0 | E12: {=SUMPRODUCT(('LE - PY data'!$A$2:$A$10000='LE1a PY'!$C$4)*('LE - PY data'!$B$2:$B$10000='LE1a PY'!$D$4)*('LE - PY data'!$C$2:$C$10000='LE1a PY'!$E$4)*('LE - PY data'!$E$2:$E$10000='LE1a PY'!E$7)*('LE - PY data'!$F$2:$F$10000='LE1a PY'!$A12)*('LE - PY data'!$G$2:$G$10000))} -> 0 | F12: {=SUMPRODUCT(('LE - PY data'!$A$2:$A$10000='LE1a PY'!$C$4)*('LE - PY data'!$B$2:$B$10000='LE1a PY'!$D$4)*('LE - PY data'!$C$2:$C$10000='LE1a PY'!$E$4)*('LE - PY data'!$E$2:$E$10000='LE1a PY'!F$7)*('LE - PY data'!$F$2:$F$10000='LE1a PY'!$A12)*('LE - PY data'!$G$2:$G$10000))} -> 0 | G12: {=SUMPRODUCT(('LE - PY data'!$A$2:$A$10000='LE1a PY'!$C$4)*('LE - PY data'!$B$2:$B$10000='LE1a PY'!$D$4)*('LE - PY data'!$C$2:$C$10000='LE1a PY'!$E$4)*('LE - PY data'!$E$2:$E$10000='LE1a PY'!G$7)*('LE - PY data'!$F$2:$F$10000='LE1a PY'!$A12)*('LE - PY data'!$G$2:$G$10000))} -> 0 | H12: {=SUMPRODUCT(('LE - PY data'!$A$2:$A$10000='LE1a PY'!$C$4)*('LE - PY data'!$B$2:$B$10000='LE1a PY'!$D$4)*('LE - PY data'!$C$2:$C$10000='LE1a PY'!$E$4)*('LE - PY data'!$E$2:$E$10000='LE1a PY'!H$7)*('LE - PY data'!$F$2:$F$10000='LE1a PY'!$A12)*('LE - PY data'!$G$2:$G$10000))} -> 0 | I12: {=SUMPRODUCT(('LE - PY data'!$A$2:$A$10000='LE1a PY'!$C$4)*('LE - PY data'!$B$2:$B$10000='LE1a PY'!$D$4)*('LE - PY data'!$C$2:$C$10000='LE1a PY'!$E$4)*('LE - PY data'!$F$2:$F$10000='LE1a PY'!$A12)*('LE - PY data'!$G$2:$G$10000))} -> 0
A13: 2c. Resignation - any other reason (please specify) | B13: {=SUMPRODUCT(('LE - PY data'!$A$2:$A$10000='LE1a PY'!$C$4)*('LE - PY data'!$B$2:$B$10000='LE1a PY'!$D$4)*('LE - PY data'!$C$2:$C$10000='LE1a PY'!$E$4)*('LE - PY data'!$E$2:$E$10000='LE1a PY'!B$7)*('LE - PY data'!$F$2:$F$10000='LE1a PY'!$A13)*('LE - PY data'!$G$2:$G$10000))} -> 0 | C13: {=SUMPRODUCT(('LE - PY data'!$A$2:$A$10000='LE1a PY'!$C$4)*('LE - PY data'!$B$2:$B$10000='LE1a PY'!$D$4)*('LE - PY data'!$C$2:$C$10000='LE1a PY'!$E$4)*('LE - PY data'!$E$2:$E$10000='LE1a PY'!C$7)*('LE - PY data'!$F$2:$F$10000='LE1a PY'!$A13)*('LE - PY data'!$G$2:$G$10000))} -> 0 | D13: {=SUMPRODUCT(('LE - PY data'!$A$2:$A$10000='LE1a PY'!$C$4)*('LE - PY data'!$B$2:$B$10000='LE1a PY'!$D$4)*('LE - PY data'!$C$2:$C$10000='LE1a PY'!$E$4)*('LE - PY data'!$E$2:$E$10000='LE1a PY'!D$7)*('LE - PY data'!$F$2:$F$10000='LE1a PY'!$A13)*('LE - PY data'!$G$2:$G$10000))} -> 0 | E13: {=SUMPRODUCT(('LE - PY data'!$A$2:$A$10000='LE1a PY'!$C$4)*('LE - PY data'!$B$2:$B$10000='LE1a PY'!$D$4)*('LE - PY data'!$C$2:$C$10000='LE1a PY'!$E$4)*('LE - PY data'!$E$2:$E$10000='LE1a PY'!E$7)*('LE - PY data'!$F$2:$F$10000='LE1a PY'!$A13)*('LE - PY data'!$G$2:$G$10000))} -> 0 | F13: {=SUMPRODUCT(('LE - PY data'!$A$2:$A$10000='LE1a PY'!$C$4)*('LE - PY data'!$B$2:$B$10000='LE1a PY'!$D$4)*('LE - PY data'!$C$2:$C$10000='LE1a PY'!$E$4)*('LE - PY data'!$E$2:$E$10000='LE1a PY'!F$7)*('LE - PY data'!$F$2:$F$10000='LE1a PY'!$A13)*('LE - PY data'!$G$2:$G$10000))} -> 0 | G13: {=SUMPRODUCT(('LE - PY data'!$A$2:$A$10000='LE1a PY'!$C$4)*('LE - PY data'!$B$2:$B$10000='LE1a PY'!$D$4)*('LE - PY data'!$C$2:$C$10000='LE1a PY'!$E$4)*('LE - PY data'!$E$2:$E$10000='LE1a PY'!G$7)*('LE - PY data'!$F$2:$F$10000='LE1a PY'!$A13)*('LE - PY data'!$G$2:$G$10000))} -> 0 | H13: {=SUMPRODUCT(('LE - PY data'!$A$2:$A$10000='LE1a PY'!$C$4)*('LE - PY data'!$B$2:$B$10000='LE1a PY'!$D$4)*('LE - PY data'!$C$2:$C$10000='LE1a PY'!$E$4)*('LE - PY data'!$E$2:$E$10000='LE1a PY'!H$7)*('LE - PY data'!$F$2:$F$10000='LE1a PY'!$A13)*('LE - PY data'!$G$2:$G$10000))} -> 0 | I13: {=SUMPRODUCT(('LE - PY data'!$A$2:$A$10000='LE1a PY'!$C$4)*('LE - PY data'!$B$2:$B$10000='LE1a PY'!$D$4)*('LE - PY data'!$C$2:$C$10000='LE1a PY'!$E$4)*('LE - PY data'!$F$2:$F$10000='LE1a PY'!$A13)*('LE - PY data'!$G$2:$G$10000))} -> 0
A14: 2. Total resignation | B14: {=SUMPRODUCT(('LE - PY data'!$A$2:$A$10000='LE1a PY'!$C$4)*('LE - PY data'!$B$2:$B$10000='LE1a PY'!$D$4)*('LE - PY data'!$C$2:$C$10000='LE1a PY'!$E$4)*('LE - PY data'!$E$2:$E$10000='LE1a PY'!B$7)*('LE - PY data'!$F$2:$F$10000='LE1a PY'!$A14)*('LE - PY data'!$G$2:$G$10000))} -> 0 | C14: {=SUMPRODUCT(('LE - PY data'!$A$2:$A$10000='LE1a PY'!$C$4)*('LE - PY data'!$B$2:$B$10000='LE1a PY'!$D$4)*('LE - PY data'!$C$2:$C$10000='LE1a PY'!$E$4)*('LE - PY data'!$E$2:$E$10000='LE1a PY'!C$7)*('LE - PY data'!$F$2:$F$10000='LE1a PY'!$A14)*('LE - PY data'!$G$2:$G$10000))} -> 0 | D14: {=SUMPRODUCT(('LE - PY data'!$A$2:$A$10000='LE1a PY'!$C$4)*('LE - PY data'!$B$2:$B$10000='LE1a PY'!$D$4)*('LE - PY data'!$C$2:$C$10000='LE1a PY'!$E$4)*('LE - PY data'!$E$2:$E$10000='LE1a PY'!D$7)*('LE - PY data'!$F$2:$F$10000='LE1a PY'!$A14)*('LE - PY data'!$G$2:$G$10000))} -> 0 | E14: {=SUMPRODUCT(('LE - PY data'!$A$2:$A$10000='LE1a PY'!$C$4)*('LE - PY data'!$B$2:$B$10000='LE1a PY'!$D$4)*('LE - PY data'!$C$2:$C$10000='LE1a PY'!$E$4)*('LE - PY data'!$E$2:$E$10000='LE1a PY'!E$7)*('LE - PY data'!$F$2:$F$10000='LE1a PY'!$A14)*('LE - PY data'!$G$2:$G$10000))} -> 0 | F14: {=SUMPRODUCT(('LE - PY data'!$A$2:$A$10000='LE1a PY'!$C$4)*('LE - PY data'!$B$2:$B$10000='LE1a PY'!$D$4)*('LE - PY data'!$C$2:$C$10000='LE1a PY'!$E$4)*('LE - PY data'!$E$2:$E$10000='LE1a PY'!F$7)*('LE - PY data'!$F$2:$F$10000='LE1a PY'!$A14)*('LE - PY data'!$G$2:$G$10000))} -> 0 | G14: {=SUMPRODUCT(('LE - PY data'!$A$2:$A$10000='LE1a PY'!$C$4)*('LE - PY data'!$B$2:$B$10000='LE1a PY'!$D$4)*('LE - PY data'!$C$2:$C$10000='LE1a PY'!$E$4)*('LE - PY data'!$E$2:$E$10000='LE1a PY'!G$7)*('LE - PY data'!$F$2:$F$10000='LE1a PY'!$A14)*('LE - PY data'!$G$2:$G$10000))} -> 0 | H14: {=SUMPRODUCT(('LE - PY data'!$A$2:$A$10000='LE1a PY'!$C$4)*('LE - PY data'!$B$2:$B$10000='LE1a PY'!$D$4)*('LE - PY data'!$C$2:$C$10000='LE1a PY'!$E$4)*('LE - PY data'!$E$2:$E$10000='LE1a PY'!H$7)*('LE - PY data'!$F$2:$F$10000='LE1a PY'!$A14)*('LE - PY data'!$G$2:$G$10000))} -> 0 | I14: {=SUMPRODUCT(('LE - PY data'!$A$2:$A$10000='LE1a PY'!$C$4)*('LE - PY data'!$B$2:$B$10000='LE1a PY'!$D$4)*('LE - PY data'!$C$2:$C$10000='LE1a PY'!$E$4)*('LE - PY data'!$F$2:$F$10000='LE1a PY'!$A14)*('LE - PY data'!$G$2:$G$10000))} -> 0
A15: 3a. Redundancy - compulsory | B15: {=SUMPRODUCT(('LE - PY data'!$A$2:$A$10000='LE1a PY'!$C$4)*('LE - PY data'!$B$2:$B$10000='LE1a PY'!$D$4)*('LE - PY data'!$C$2:$C$10000='LE1a PY'!$E$4)*('LE - PY data'!$E$2:$E$10000='LE1a PY'!B$7)*('LE - PY data'!$F$2:$F$10000='LE1a PY'!$A15)*('LE - PY data'!$G$2:$G$10000))} -> 0 | C15: {=SUMPRODUCT(('LE - PY data'!$A$2:$A$10000='LE1a PY'!$C$4)*('LE - PY data'!$B$2:$B$10000='LE1a PY'!$D$4)*('LE - PY data'!$C$2:$C$10000='LE1a PY'!$E$4)*('LE - PY data'!$E$2:$E$10000='LE1a PY'!C$7)*('LE - PY data'!$F$2:$F$10000='LE1a PY'!$A15)*('LE - PY data'!$G$2:$G$10000))} -> 0 | D15: {=SUMPRODUCT(('LE - PY data'!$A$2:$A$10000='LE1a PY'!$C$4)*('LE - PY data'!$B$2:$B$10000='LE1a PY'!$D$4)*('LE - PY data'!$C$2:$C$10000='LE1a PY'!$E$4)*('LE - PY data'!$E$2:$E$10000='LE1a PY'!D$7)*('LE - PY data'!$F$2:$F$10000='LE1a PY'!$A15)*('LE - PY data'!$G$2:$G$10000))} -> 0 | E15: {=SUMPRODUCT(('LE - PY data'!$A$2:$A$10000='LE1a PY'!$C$4)*('LE - PY data'!$B$2:$B$10000='LE1a PY'!$D$4)*('LE - PY data'!$C$2:$C$10000='LE1a PY'!$E$4)*('LE - PY data'!$E$2:$E$10000='LE1a PY'!E$7)*('LE - PY data'!$F$2:$F$10000='LE1a PY'!$A15)*('LE - PY data'!$G$2:$G$10000))} -> 0 | F15: {=SUMPRODUCT(('LE - PY data'!$A$2:$A$10000='LE1a PY'!$C$4)*('LE - PY data'!$B$2:$B$10000='LE1a PY'!$D$4)*('LE - PY data'!$C$2:$C$10000='LE1a PY'!$E$4)*('LE - PY data'!$E$2:$E$10000='LE1a PY'!F$7)*('LE - PY data'!$F$2:$F$10000='LE1a PY'!$A15)*('LE - PY data'!$G$2:$G$10000))} -> 0 | G15: {=SUMPRODUCT(('LE - PY data'!$A$2:$A$10000='LE1a PY'!$C$4)*('LE - PY data'!$B$2:$B$10000='LE1a PY'!$D$4)*('LE - PY data'!$C$2:$C$10000='LE1a PY'!$E$4)*('LE - PY data'!$E$2:$E$10000='LE1a PY'!G$7)*('LE - PY data'!$F$2:$F$10000='LE1a PY'!$A15)*('LE - PY data'!$G$2:$G$10000))} -> 0 | H15: {=SUMPRODUCT(('LE - PY data'!$A$2:$A$10000='LE1a PY'!$C$4)*('LE - PY data'!$B$2:$B$10000='LE1a PY'!$D$4)*('LE - PY data'!$C$2:$C$10000='LE1a PY'!$E$4)*('LE - PY data'!$E$2:$E$10000='LE1a PY'!H$7)*('LE - PY data'!$F$2:$F$10000='LE1a PY'!$A15)*('LE - PY data'!$G$2:$G$10000))} -> 0 | I15: {=SUMPRODUCT(('LE - PY data'!$A$2:$A$10000='LE1a PY'!$C$4)*('LE - PY data'!$B$2:$B$10000='LE1a PY'!$D$4)*('LE - PY data'!$C$2:$C$10000='LE1a PY'!$E$4)*('LE - PY data'!$F$2:$F$10000='LE1a PY'!$A15)*('LE - PY data'!$G$2:$G$10000))} -> 0
A16: 3b. Redundancy - voluntary | B16: {=SUMPRODUCT(('LE - PY data'!$A$2:$A$10000='LE1a PY'!$C$4)*('LE - PY data'!$B$2:$B$10000='LE1a PY'!$D$4)*('LE - PY data'!$C$2:$C$10000='LE1a PY'!$E$4)*('LE - PY data'!$E$2:$E$10000='LE1a PY'!B$7)*('LE - PY data'!$F$2:$F$10000='LE1a PY'!$A16)*('LE - PY data'!$G$2:$G$10000))} -> 0 | C16: {=SUMPRODUCT(('LE - PY data'!$A$2:$A$10000='LE1a PY'!$C$4)*('LE - PY data'!$B$2:$B$10000='LE1a PY'!$D$4)*('LE - PY data'!$C$2:$C$10000='LE1a PY'!$E$4)*('LE - PY data'!$E$2:$E$10000='LE1a PY'!C$7)*('LE - PY data'!$F$2:$F$10000='LE1a PY'!$A16)*('LE - PY data'!$G$2:$G$10000))} -> 0 | D16: {=SUMPRODUCT(('LE - PY data'!$A$2:$A$10000='LE1a PY'!$C$4)*('LE - PY data'!$B$2:$B$10000='LE1a PY'!$D$4)*('LE - PY data'!$C$2:$C$10000='LE1a PY'!$E$4)*('LE - PY data'!$E$2:$E$10000='LE1a PY'!D$7)*('LE - PY data'!$F$2:$F$10000='LE1a PY'!$A16)*('LE - PY data'!$G$2:$G$10000))} -> 0 | E16: {=SUMPRODUCT(('LE - PY data'!$A$2:$A$10000='LE1a PY'!$C$4)*('LE - PY data'!$B$2:$B$10000='LE1a PY'!$D$4)*('LE - PY data'!$C$2:$C$10000='LE1a PY'!$E$4)*('LE - PY data'!$E$2:$E$10000='LE1a PY'!E$7)*('LE - PY data'!$F$2:$F$10000='LE1a PY'!$A16)*('LE - PY data'!$G$2:$G$10000))} -> 0 | F16: {=SUMPRODUCT(('LE - PY data'!$A$2:$A$10000='LE1a PY'!$C$4)*('LE - PY data'!$B$2:$B$10000='LE1a PY'!$D$4)*('LE - PY data'!$C$2:$C$10000='LE1a PY'!$E$4)*('LE - PY data'!$E$2:$E$10000='LE1a PY'!F$7)*('LE - PY data'!$F$2:$F$10000='LE1a PY'!$A16)*('LE - PY data'!$G$2:$G$10000))} -> 0 | G16: {=SUMPRODUCT(('LE - PY data'!$A$2:$A$10000='LE1a PY'!$C$4)*('LE - PY data'!$B$2:$B$10000='LE1a PY'!$D$4)*('LE - PY data'!$C$2:$C$10000='LE1a PY'!$E$4)*('LE - PY data'!$E$2:$E$10000='LE1a PY'!G$7)*('LE - PY data'!$F$2:$F$10000='LE1a PY'!$A16)*('LE - PY data'!$G$2:$G$10000))} -> 0 | H16: {=SUMPRODUCT(('LE - PY data'!$A$2:$A$10000='LE1a PY'!$C$4)*('LE - PY data'!$B$2:$B$10000='LE1a PY'!$D$4)*('LE - PY data'!$C$2:$C$10000='LE1a PY'!$E$4)*('LE - PY data'!$E$2:$E$10000='LE1a PY'!H$7)*('LE - PY data'!$F$2:$F$10000='LE1a PY'!$A16)*('LE - PY data'!$G$2:$G$10000))} -> 0 | I16: {=SUMPRODUCT(('LE - PY data'!$A$2:$A$10000='LE1a PY'!$C$4)*('LE - PY data'!$B$2:$B$10000='LE1a PY'!$D$4)*('LE - PY data'!$C$2:$C$10000='LE1a PY'!$E$4)*('LE - PY data'!$F$2:$F$10000='LE1a PY'!$A16)*('LE - PY data'!$G$2:$G$10000))} -> 0
A17: 3. Total redundancy | B17: {=SUMPRODUCT(('LE - PY data'!$A$2:$A$10000='LE1a PY'!$C$4)*('LE - PY data'!$B$2:$B$10000='LE1a PY'!$D$4)*('LE - PY data'!$C$2:$C$10000='LE1a PY'!$E$4)*('LE - PY data'!$E$2:$E$10000='LE1a PY'!B$7)*('LE - PY data'!$F$2:$F$10000='LE1a PY'!$A17)*('LE - PY data'!$G$2:$G$10000))} -> 0 | C17: {=SUMPRODUCT(('LE - PY data'!$A$2:$A$10000='LE1a PY'!$C$4)*('LE - PY data'!$B$2:$B$10000='LE1a PY'!$D$4)*('LE - PY data'!$C$2:$C$10000='LE1a PY'!$E$4)*('LE - PY data'!$E$2:$E$10000='LE1a PY'!C$7)*('LE - PY data'!$F$2:$F$10000='LE1a PY'!$A17)*('LE - PY data'!$G$2:$G$10000))} -> 0 | D17: {=SUMPRODUCT(('LE - PY data'!$A$2:$A$10000='LE1a PY'!$C$4)*('LE - PY data'!$B$2:$B$10000='LE1a PY'!$D$4)*('LE - PY data'!$C$2:$C$10000='LE1a PY'!$E$4)*('LE - PY data'!$E$2:$E$10000='LE1a PY'!D$7)*('LE - PY data'!$F$2:$F$10000='LE1a PY'!$A17)*('LE - PY data'!$G$2:$G$10000))} -> 0 | E17: {=SUMPRODUCT(('LE - PY data'!$A$2:$A$10000='LE1a PY'!$C$4)*('LE - PY data'!$B$2:$B$10000='LE1a PY'!$D$4)*('LE - PY data'!$C$2:$C$10000='LE1a PY'!$E$4)*('LE - PY data'!$E$2:$E$10000='LE1a PY'!E$7)*('LE - PY data'!$F$2:$F$10000='LE1a PY'!$A17)*('LE - PY data'!$G$2:$G$10000))} -> 0 | F17: {=SUMPRODUCT(('LE - PY data'!$A$2:$A$10000='LE1a PY'!$C$4)*('LE - PY data'!$B$2:$B$10000='LE1a PY'!$D$4)*('LE - PY data'!$C$2:$C$10000='LE1a PY'!$E$4)*('LE - PY data'!$E$2:$E$10000='LE1a PY'!F$7)*('LE - PY data'!$F$2:$F$10000='LE1a PY'!$A17)*('LE - PY data'!$G$2:$G$10000))} -> 0 | G17: {=SUMPRODUCT(('LE - PY data'!$A$2:$A$10000='LE1a PY'!$C$4)*('LE - PY data'!$B$2:$B$10000='LE1a PY'!$D$4)*('LE - PY data'!$C$2:$C$10000='LE1a PY'!$E$4)*('LE - PY data'!$E$2:$E$10000='LE1a PY'!G$7)*('LE - PY data'!$F$2:$F$10000='LE1a PY'!$A17)*('LE - PY data'!$G$2:$G$10000))} -> 0 | H17: {=SUMPRODUCT(('LE - PY data'!$A$2:$A$10000='LE1a PY'!$C$4)*('LE - PY data'!$B$2:$B$10000='LE1a PY'!$D$4)*('LE - PY data'!$C$2:$C$10000='LE1a PY'!$E$4)*('LE - PY data'!$E$2:$E$10000='LE1a PY'!H$7)*('LE - PY data'!$F$2:$F$10000='LE1a PY'!$A17)*('LE - PY data'!$G$2:$G$10000))} -> 0 | I17: {=SUMPRODUCT(('LE - PY data'!$A$2:$A$10000='LE1a PY'!$C$4)*('LE - PY data'!$B$2:$B$10000='LE1a PY'!$D$4)*('LE - PY data'!$C$2:$C$10000='LE1a PY'!$E$4)*('LE - PY data'!$F$2:$F$10000='LE1a PY'!$A17)*('LE - PY data'!$G$2:$G$10000))} -> 0
A18: 4a. Retirement - early | B18: {=SUMPRODUCT(('LE - PY data'!$A$2:$A$10000='LE1a PY'!$C$4)*('LE - PY data'!$B$2:$B$10000='LE1a PY'!$D$4)*('LE - PY data'!$C$2:$C$10000='LE1a PY'!$E$4)*('LE - PY data'!$E$2:$E$10000='LE1a PY'!B$7)*('LE - PY data'!$F$2:$F$10000='LE1a PY'!$A18)*('LE - PY data'!$G$2:$G$10000))} -> 0 | C18: {=SUMPRODUCT(('LE - PY data'!$A$2:$A$10000='LE1a PY'!$C$4)*('LE - PY data'!$B$2:$B$10000='LE1a PY'!$D$4)*('LE - PY data'!$C$2:$C$10000='LE1a PY'!$E$4)*('LE - PY data'!$E$2:$E$10000='LE1a PY'!C$7)*('LE - PY data'!$F$2:$F$10000='LE1a PY'!$A18)*('LE - PY data'!$G$2:$G$10000))} -> 0 | D18: {=SUMPRODUCT(('LE - PY data'!$A$2:$A$10000='LE1a PY'!$C$4)*('LE - PY data'!$B$2:$B$10000='LE1a PY'!$D$4)*('LE - PY data'!$C$2:$C$10000='LE1a PY'!$E$4)*('LE - PY data'!$E$2:$E$10000='LE1a PY'!D$7)*('LE - PY data'!$F$2:$F$10000='LE1a PY'!$A18)*('LE - PY data'!$G$2:$G$10000))} -> 0 | E18: {=SUMPRODUCT(('LE - PY data'!$A$2:$A$10000='LE1a PY'!$C$4)*('LE - PY data'!$B$2:$B$10000='LE1a PY'!$D$4)*('LE - PY data'!$C$2:$C$10000='LE1a PY'!$E$4)*('LE - PY data'!$E$2:$E$10000='LE1a PY'!E$7)*('LE - PY data'!$F$2:$F$10000='LE1a PY'!$A18)*('LE - PY data'!$G$2:$G$10000))} -> 0 | F18: {=SUMPRODUCT(('LE - PY data'!$A$2:$A$10000='LE1a PY'!$C$4)*('LE - PY data'!$B$2:$B$10000='LE1a PY'!$D$4)*('LE - PY data'!$C$2:$C$10000='LE1a PY'!$E$4)*('LE - PY data'!$E$2:$E$10000='LE1a PY'!F$7)*('LE - PY data'!$F$2:$F$10000='LE1a PY'!$A18)*('LE - PY data'!$G$2:$G$10000))} -> 0 | G18: {=SUMPRODUCT(('LE - PY data'!$A$2:$A$10000='LE1a PY'!$C$4)*('LE - PY data'!$B$2:$B$10000='LE1a PY'!$D$4)*('LE - PY data'!$C$2:$C$10000='LE1a PY'!$E$4)*('LE - PY data'!$E$2:$E$10000='LE1a PY'!G$7)*('LE - PY data'!$F$2:$F$10000='LE1a PY'!$A18)*('LE - PY data'!$G$2:$G$10000))} -> 0 | H18: {=SUMPRODUCT(('LE - PY data'!$A$2:$A$10000='LE1a PY'!$C$4)*('LE - PY data'!$B$2:$B$10000='LE1a PY'!$D$4)*('LE - PY data'!$C$2:$C$10000='LE1a PY'!$E$4)*('LE - PY data'!$E$2:$E$10000='LE1a PY'!H$7)*('LE - PY data'!$F$2:$F$10000='LE1a PY'!$A18)*('LE - PY data'!$G$2:$G$10000))} -> 0 | I18: {=SUMPRODUCT(('LE - PY data'!$A$2:$A$10000='LE1a PY'!$C$4)*('LE - PY data'!$B$2:$B$10000='LE1a PY'!$D$4)*('LE - PY data'!$C$2:$C$10000='LE1a PY'!$E$4)*('LE - PY data'!$F$2:$F$10000='LE1a PY'!$A18)*('LE - PY data'!$G$2:$G$10000))} -> 0
A19: 4b. Retirement - normal | B19: {=SUMPRODUCT(('LE - PY data'!$A$2:$A$10000='LE1a PY'!$C$4)*('LE - PY data'!$B$2:$B$10000='LE1a PY'!$D$4)*('LE - PY data'!$C$2:$C$10000='LE1a PY'!$E$4)*('LE - PY data'!$E$2:$E$10000='LE1a PY'!B$7)*('LE - PY data'!$F$2:$F$10000='LE1a PY'!$A19)*('LE - PY data'!$G$2:$G$10000))} -> 0 | C19: {=SUMPRODUCT(('LE - PY data'!$A$2:$A$10000='LE1a PY'!$C$4)*('LE - PY data'!$B$2:$B$10000='LE1a PY'!$D$4)*('LE - PY data'!$C$2:$C$10000='LE1a PY'!$E$4)*('LE - PY data'!$E$2:$E$10000='LE1a PY'!C$7)*('LE - PY data'!$F$2:$F$10000='LE1a PY'!$A19)*('LE - PY data'!$G$2:$G$10000))} -> 0 | D19: {=SUMPRODUCT(('LE - PY data'!$A$2:$A$10000='LE1a PY'!$C$4)*('LE - PY data'!$B$2:$B$10000='LE1a PY'!$D$4)*('LE - PY data'!$C$2:$C$10000='LE1a PY'!$E$4)*('LE - PY data'!$E$2:$E$10000='LE1a PY'!D$7)*('LE - PY data'!$F$2:$F$10000='LE1a PY'!$A19)*('LE - PY data'!$G$2:$G$10000))} -> 0 | E19: {=SUMPRODUCT(('LE - PY data'!$A$2:$A$10000='LE1a PY'!$C$4)*('LE - PY data'!$B$2:$B$10000='LE1a PY'!$D$4)*('LE - PY data'!$C$2:$C$10000='LE1a PY'!$E$4)*('LE - PY data'!$E$2:$E$10000='LE1a PY'!E$7)*('LE - PY data'!$F$2:$F$10000='LE1a PY'!$A19)*('LE - PY data'!$G$2:$G$10000))} -> 0 | F19: {=SUMPRODUCT(('LE - PY data'!$A$2:$A$10000='LE1a PY'!$C$4)*('LE - PY data'!$B$2:$B$10000='LE1a PY'!$D$4)*('LE - PY data'!$C$2:$C$10000='LE1a PY'!$E$4)*('LE - PY data'!$E$2:$E$10000='LE1a PY'!F$7)*('LE - PY data'!$F$2:$F$10000='LE1a PY'!$A19)*('LE - PY data'!$G$2:$G$10000))} -> 0 | G19: {=SUMPRODUCT(('LE - PY data'!$A$2:$A$10000='LE1a PY'!$C$4)*('LE - PY data'!$B$2:$B$10000='LE1a PY'!$D$4)*('LE - PY data'!$C$2:$C$10000='LE1a PY'!$E$4)*('LE - PY data'!$E$2:$E$10000='LE1a PY'!G$7)*('LE - PY data'!$F$2:$F$10000='LE1a PY'!$A19)*('LE - PY data'!$G$2:$G$10000))} -> 0 | H19: {=SUMPRODUCT(('LE - PY data'!$A$2:$A$10000='LE1a PY'!$C$4)*('LE - PY data'!$B$2:$B$10000='LE1a PY'!$D$4)*('LE - PY data'!$C$2:$C$10000='LE1a PY'!$E$4)*('LE - PY data'!$E$2:$E$10000='LE1a PY'!H$7)*('LE - PY data'!$F$2:$F$10000='LE1a PY'!$A19)*('LE - PY data'!$G$2:$G$10000))} -> 0 | I19: {=SUMPRODUCT(('LE - PY data'!$A$2:$A$10000='LE1a PY'!$C$4)*('LE - PY data'!$B$2:$B$10000='LE1a PY'!$D$4)*('LE - PY data'!$C$2:$C$10000='LE1a PY'!$E$4)*('LE - PY data'!$F$2:$F$10000='LE1a PY'!$A19)*('LE - PY data'!$G$2:$G$10000))} -> 0
... A26: 8. Unknown / Reason for leaving not recorded | B26: {=SUMPRODUCT(('LE - PY data'!$A$2:$A$10000='LE1a PY'!$C$4)*('LE - PY data'!$B$2:$B$10000='LE1a PY'!$D$4)*('LE - PY data'!$C$2:$C$10000='LE1a PY'!$E$4)*('LE - PY data'!$E$2:$E$10000='LE1a PY'!B$7)*('LE - PY data'!$F$2:$F$10000='LE1a PY'!$A26)*('LE - PY data'!$G$2:$G$10000))} -> 0 | C26: {=SUMPRODUCT(('LE - PY data'!$A$2:$A$10000='LE1a PY'!$C$4)*('LE - PY data'!$B$2:$B$10000='LE1a PY'!$D$4)*('LE - PY data'!$C$2:$C$10000='LE1a PY'!$E$4)*('LE - PY data'!$E$2:$E$10000='LE1a PY'!C$7)*('LE - PY data'!$F$2:$F$10000='LE1a PY'!$A26)*('LE - PY data'!$G$2:$G$10000))} -> 0 | D26: {=SUMPRODUCT(('LE - PY data'!$A$2:$A$10000='LE1a PY'!$C$4)*('LE - PY data'!$B$2:$B$10000='LE1a PY'!$D$4)*('LE - PY data'!$C$2:$C$10000='LE1a PY'!$E$4)*('LE - PY data'!$E$2:$E$10000='LE1a PY'!D$7)*('LE - PY data'!$F$2:$F$10000='LE1a PY'!$A26)*('LE - PY data'!$G$2:$G$10000))} -> 0 | E26: {=SUMPRODUCT(('LE - PY data'!$A$2:$A$10000='LE1a PY'!$C$4)*('LE - PY data'!$B$2:$B$10000='LE1a PY'!$D$4)*('LE - PY data'!$C$2:$C$10000='LE1a PY'!$E$4)*('LE - PY data'!$E$2:$E$10000='LE1a PY'!E$7)*('LE - PY data'!$F$2:$F$10000='LE1a PY'!$A26)*('LE - PY data'!$G$2:$G$10000))} -> 0 | F26: {=SUMPRODUCT(('LE - PY data'!$A$2:$A$10000='LE1a PY'!$C$4)*('LE - PY data'!$B$2:$B$10000='LE1a PY'!$D$4)*('LE - PY data'!$C$2:$C$10000='LE1a PY'!$E$4)*('LE - PY data'!$E$2:$E$10000='LE1a PY'!F$7)*('LE - PY data'!$F$2:$F$10000='LE1a PY'!$A26)*('LE - PY data'!$G$2:$G$10000))} -> 0 | G26: {=SUMPRODUCT(('LE - PY data'!$A$2:$A$10000='LE1a PY'!$C$4)*('LE - PY data'!$B$2:$B$10000='LE1a PY'!$D$4)*('LE - PY data'!$C$2:$C$10000='LE1a PY'!$E$4)*('LE - PY data'!$E$2:$E$10000='LE1a PY'!G$7)*('LE - PY data'!$F$2:$F$10000='LE1a PY'!$A26)*('LE - PY data'!$G$2:$G$10000))} -> 0 | H26: {=SUMPRODUCT(('LE - PY data'!$A$2:$A$10000='LE1a PY'!$C$4)*('LE - PY data'!$B$2:$B$10000='LE1a PY'!$D$4)*('LE - PY data'!$C$2:$C$10000='LE1a PY'!$E$4)*('LE - PY data'!$E$2:$E$10000='LE1a PY'!H$7)*('LE - PY data'!$F$2:$F$10000='LE1a PY'!$A26)*('LE - PY data'!$G$2:$G$10000))} -> 0 | I26: {=SUMPRODUCT(('LE - PY data'!$A$2:$A$10000='LE1a PY'!$C$4)*('LE - PY data'!$B$2:$B$10000='LE1a PY'!$D$4)*('LE - PY data'!$C$2:$C$10000='LE1a PY'!$E$4)*('LE - PY data'!$F$2:$F$10000='LE1a PY'!$A26)*('LE - PY data'!$G$2:$G$10000))} -> 0
A27: Total | B27: {=SUMPRODUCT(('LE - PY data'!$A$2:$A$10000='LE1a PY'!$C$4)*('LE - PY data'!$B$2:$B$10000='LE1a PY'!$D$4)*('LE - PY data'!$C$2:$C$10000='LE1a PY'!$E$4)*('LE - PY data'!$E$2:$E$10000='LE1a PY'!B$7)*('LE - PY data'!$G$2:$G$10000))} -> 0 | C27: {=SUMPRODUCT(('LE - PY data'!$A$2:$A$10000='LE1a PY'!$C$4)*('LE - PY data'!$B$2:$B$10000='LE1a PY'!$D$4)*('LE - PY data'!$C$2:$C$10000='LE1a PY'!$E$4)*('LE - PY data'!$E$2:$E$10000='LE1a PY'!C$7)*('LE - PY data'!$G$2:$G$10000))} -> 0 | D27: {=SUMPRODUCT(('LE - PY data'!$A$2:$A$10000='LE1a PY'!$C$4)*('LE - PY data'!$B$2:$B$10000='LE1a PY'!$D$4)*('LE - PY data'!$C$2:$C$10000='LE1a PY'!$E$4)*('LE - PY data'!$E$2:$E$10000='LE1a PY'!D$7)*('LE - PY data'!$G$2:$G$10000))} -> 0 | E27: {=SUMPRODUCT(('LE - PY data'!$A$2:$A$10000='LE1a PY'!$C$4)*('LE - PY data'!$B$2:$B$10000='LE1a PY'!$D$4)*('LE - PY data'!$C$2:$C$10000='LE1a PY'!$E$4)*('LE - PY data'!$E$2:$E$10000='LE1a PY'!E$7)*('LE - PY data'!$G$2:$G$10000))} -> 0 | F27: {=SUMPRODUCT(('LE - PY data'!$A$2:$A$10000='LE1a PY'!$C$4)*('LE - PY data'!$B$2:$B$10000='LE1a PY'!$D$4)*('LE - PY data'!$C$2:$C$10000='LE1a PY'!$E$4)*('LE - PY data'!$E$2:$E$10000='LE1a PY'!F$7)*('LE - PY data'!$G$2:$G$10000))} -> 0 | G27: {=SUMPRODUCT(('LE - PY data'!$A$2:$A$10000='LE1a PY'!$C$4)*('LE - PY data'!$B$2:$B$10000='LE1a PY'!$D$4)*('LE - PY data'!$C$2:$C$10000='LE1a PY'!$E$4)*('LE - PY data'!$E$2:$E$10000='LE1a PY'!G$7)*('LE - PY data'!$G$2:$G$10000))} -> 0 | H27: {=SUMPRODUCT(('LE - PY data'!$A$2:$A$10000='LE1a PY'!$C$4)*('LE - PY data'!$B$2:$B$10000='LE1a PY'!$D$4)*('LE - PY data'!$C$2:$C$10000='LE1a PY'!$E$4)*('LE - PY data'!$E$2:$E$10000='LE1a PY'!H$7)*('LE - PY data'!$G$2:$G$10000))} -> 0 | I27: {=SUMPRODUCT(('LE - PY data'!$A$2:$A$10000='LE1a PY'!$C$4)*('LE - PY data'!$B$2:$B$10000='LE1a PY'!$D$4)*('LE - PY data'!$C$2:$C$10000='LE1a PY'!$E$4)*('LE - PY data'!$G$2:$G$10000))} -> 0

Sheet LE1a
A5: LE1 Number of wholetime firefighters leaving (headcount)
B7: Brigade Manager | C7: Area Manager | D7: Group Manager | E7: Station Manager | F7: Watch Manager | G7: Crew Manager | H7: Firefighter | I7: Total
A8: 1a. Moving - to another FRS | I8: =SUM(B8:H8) -> 0
A9: 1b. Moving - within FRS from operational (firefighter or control) to support staff | I9: =SUM(B9:H9) -> 0
A10: 1. Total moving | B10: =SUM(B8:B9) -> 0 | C10: =SUM(C8:C9) -> 0 | D10: =SUM(D8:D9) -> 0 | E10: =SUM(E8:E9) -> 0 | F10: =SUM(F8:F9) -> 0 | G10: =SUM(G8:G9) -> 0 | H10: =SUM(H8:H9) -> 0 | I10: =SUM(B10:H10) -> 0
A11: 2a. Resignation - to take up alternative employment | I11: =SUM(B11:H11) -> 0
A12: 2b. Resignation - due to ill health | I12: =SUM(B12:H12) -> 0
A13: 2c. Resignation - any other reason (please specify) | I13: =SUM(B13:H13) -> 0
A14: 2. Total resignation | B14: =SUM(B11:B13) -> 0 | C14: =SUM(C11:C13) -> 0 | D14: =SUM(D11:D13) -> 0 | E14: =SUM(E11:E13) -> 0 | F14: =SUM(F11:F13) -> 0 | G14: =SUM(G11:G13) -> 0 | H14: =SUM(H11:H13) -> 0 | I14: =SUM(B14:H14) -> 0
A15: 3a. Redundancy - compulsory | I15: =SUM(B15:H15) -> 0
A16: 3b. Redundancy - voluntary | I16: =SUM(B16:H16) -> 0
A17: 3. Total redundancy | B17: =SUM(B15:B16) -> 0 | C17: =SUM(C15:C16) -> 0 | D17: =SUM(D15:D16) -> 0 | E17: =SUM(E15:E16) -> 0 | F17: =SUM(F15:F16) -> 0 | G17: =SUM(G15:G16) -> 0 | H17: =SUM(H15:H16) -> 0 | I17: =SUM(B17:H17) -> 0
A18: 4a. Retirement - early | I18: =SUM(B18:H18) -> 0
A19: 4b. Retirement - normal | I19: =SUM(B19:H19) -> 0
A20: 4. Total retirement | B20: =SUM(B18:B19) -> 0 | C20: =SUM(C18:C19) -> 0 | D20: =SUM(D18:D19) -> 0 | E20: =SUM(E18:E19) -> 0 | F20: =SUM(F18:F19) -> 0 | G20: =SUM(G18:G19) -> 0 | H20: =SUM(H18:H19) -> 0 | I20: =SUM(B20:H20) -> 0
A21: 5a. Dismissal - poor performance (including failure to maintain fitness) | I21: =SUM(B21:H21) -> 0
A22: 5b. Dismissal - disciplinary grounds | I22: =SUM(B22:H22) -> 0
A23: 5. Total dismissal | B23: =SUM(B21:B22) -> 0 | C23: =SUM(C21:C22) -> 0 | D23: =SUM(D21:D22) -> 0 | E23: =SUM(E21:E22) -> 0 | F23: =SUM(F21:F22) -> 0 | G23: =SUM(G21:G22) -> 0 | H23: =SUM(H21:H22) -> 0 | I23: =SUM(B23:H23) -> 0
A24: 6. Deceased | I24: =SUM(B24:H24) -> 0
A25: 7. Other (please supply details in text box below) | I25: =SUM(B25:H25) -> 0
A26: 8. Unknown / Reason for leaving not recorded | I26: =SUM(B26:H26) -> 0
A27: Total | B27: =SUM(B10,B14,B17,B20,B23,B24:B26) -> 0 | C27: =SUM(C10,C14,C17,C20,C23,C24:C26) -> 0 | D27: =SUM(D10,D14,D17,D20,D23,D24:D26) -> 0 | E27: =SUM(E10,E14,E17,E20,E23,E24:E26) -> 0 | F27: =SUM(F10,F14,F17,F20,F23,F24:F26) -> 0 | G27: =SUM(G10,G14,G17,G20,G23,G24:G26) -> 0 | H27: =SUM(H10,H14,H17,H20,H23,H24:H26) -> 0 | I27: =SUM(B27:H27) -> 0
A29: FRS Notes

Sheet LE1b
A5: LE1 Number of wholetime firefighters leaving by gender, age, disability, ethnicity, religion and sexual orientation
A8: Gender and age of wholetime firefighters leaving in the latest year 1 April to 31 March
C9: Age: 17-24 | H9: Age: 25-35 | M9: Age: 36-45 | R9: Age: 46-55
C10: Men | D10: Women | E10: Other | F10: Unknown | G10: Total | H10: Men | I10: Women | J10: Other | K10: Unknown | L10: Total | M10: Men | N10: Women | O10: Other | P10: Unknown | Q10: Total | R10: Men | S10: Women | T10: Other | U10: Unknown | V10: Total
C11: 17m | D11: 17f | E11: 17f | H11: 25m | I11: 25f | J11: 25f | M11: 36m | N11: 36f | O11: 36f | R11: 46m | S11: 46f | T11: 46f
A12: Brigade Manager | B12: bm | G12: =SUM(C12:F12) -> 0 | L12: =SUM(H12:K12) -> 0 | Q12: =SUM(M12:P12) -> 0 | V12: =SUM(R12:U12) -> 0
A13: Area Manager | B13: am | G13: =SUM(C13:F13) -> 0 | L13: =SUM(H13:K13) -> 0 | Q13: =SUM(M13:P13) -> 0 | V13: =SUM(R13:U13) -> 0
A14: Group Manager | B14: gm | G14: =SUM(C14:F14) -> 0 | L14: =SUM(H14:K14) -> 0 | Q14: =SUM(M14:P14) -> 0 | V14: =SUM(R14:U14) -> 0
A15: Station Manager | B15: sm | G15: =SUM(C15:F15) -> 0 | L15: =SUM(H15:K15) -> 0 | Q15: =SUM(M15:P15) -> 0 | V15: =SUM(R15:U15) -> 0
A16: Watch Manager | B16: wm | G16: =SUM(C16:F16) -> 0 | L16: =SUM(H16:K16) -> 0 | Q16: =SUM(M16:P16) -> 0 | V16: =SUM(R16:U16) -> 0
A17: Crew Manager | B17: cm | G17: =SUM(C17:F17) -> 0 | L17: =SUM(H17:K17) -> 0 | Q17: =SUM(M17:P17) -> 0 | V17: =SUM(R17:U17) -> 0
A18: Firefighter | B18: ff | G18: =SUM(C18:F18) -> 0 | L18: =SUM(H18:K18) -> 0 | Q18: =SUM(M18:P18) -> 0 | V18: =SUM(R18:U18) -> 0
A19: Total | C19: =SUM(C12:C18) -> 0 | D19: =SUM(D12:D18) -> 0 | E19: =SUM(E12:E18) -> 0 | F19: =SUM(F12:F18) -> 0 | G19: =SUM(C19:F19) -> 0 | H19: =SUM(H12:H18) -> 0 | I19: =SUM(I12:I18) -> 0 | J19: =SUM(J12:J18) -> 0 | K19: =SUM(K12:K18) -> 0 | L19: =SUM(H19:K19) -> 0 | M19: =SUM(M12:M18) -> 0 | N19: =SUM(N12:N18) -> 0 | O19: =SUM(O12:O18) -> 0 | P19: =SUM(P12:P18) -> 0 | Q19: =SUM(M19:P19) -> 0 | R19: =SUM(R12:R18) -> 0 | S19: =SUM(S12:S18) -> 0 | T19: =SUM(T12:T18) -> 0 | U19: =SUM(U12:U18) -> 0 | V19: =SUM(R19:U19) -> 0
C22: Age: 56-65 | H22: Age: 66+ | M22: Age not stated
C23: Men | D23: Women | E23: Other | F23: Unknown | G23: Total | H23: Men | I23: Women | J23: Other | K23: Unknown | L23: Total | M23: Men | N23: Women | O23: Other | P23: Unknown | Q23: Total | S23: Consistency QA check
C24: 56m | D24: 56f | E24: 56f | H24: 66m | I24: 66f | J24: 66f
A25: Brigade Manager | B25: bm | G25: =SUM(C25:F25) -> 0 | L25: =SUM(H25:K25) -> 0 | Q25: =SUM(M25:P25) -> 0 | S25: Total wholetime firefighters - all ages | V25: =SUM($G$19+$L$19+$Q$19+$V$19+$G$32+$L$32+$Q$32) -> 0
A26: Area Manager | B26: am | G26: =SUM(C26:F26) -> 0 | L26: =SUM(H26:K26) -> 0 | Q26: =SUM(M26:P26) -> 0 | S26: Total wholetime firefighters - all ethnicities | V26: =SUM(C44+I44+C56+I56+M56+P56) -> 0
A27: Group Manager | B27: gm | G27: =SUM(C27:F27) -> 0 | L27: =SUM(H27:K27) -> 0 | Q27: =SUM(M27:P27) -> 0 | S27: Total wholetime firefighters - all sexual orientations | V27: =SUM($O$69:$S$69) -> 0
A28: Station Manager | B28: sm | G28: =SUM(C28:F28) -> 0 | L28: =SUM(H28:K28) -> 0 | Q28: =SUM(M28:P28) -> 0 | S28: Total wholetime firefighters - all disability statuses | V28: =SUM($C$69:$E$69) -> 0
A29: Watch Manager | B29: wm | G29: =SUM(C29:F29) -> 0 | L29: =SUM(H29:K29) -> 0 | Q29: =SUM(M29:P29) -> 0 | S29: Total wholetime firefighters - all religious identities | V29: =SUM($F$69:$N$69) -> 0
A30: Crew Manager | B30: cm | G30: =SUM(C30:F30) -> 0 | L30: =SUM(H30:K30) -> 0 | Q30: =SUM(M30:P30) -> 0
A31: Firefighter | B31: ff | G31: =SUM(C31:F31) -> 0 | L31: =SUM(H31:K31) -> 0 | Q31: =SUM(M31:P31) -> 0 | S31: Totals for each characteristic match | V31: =IF(AND(V25=V26, V25=V27, V25=V28, V25=V29), "Yes", "No") -> Yes
A32: Total | C32: =SUM(C25:C31) -> 0 | D32: =SUM(D25:D31) -> 0 | E32: =SUM(E25:E31) -> 0 | F32: =SUM(F25:F31) -> 0 | G32: =SUM(C32:F32) -> 0 | H32: =SUM(H25:H31) -> 0 | I32: =SUM(I25:I31) -> 0 | J32: =SUM(J25:J31) -> 0 | K32: =SUM(K25:K31) -> 0 | L32: =SUM(H32:K32) -> 0 | M32: =SUM(M25:M31) -> 0 | N32: =SUM(N25:N31) -> 0 | O32: =SUM(O25:O31) -> 0 | P32: =SUM(P25:P31) -> 0 | Q32: =SUM(M32:P32) -> 0
S33: The total number of wholetime firefighters reported against each diversity characteristic should be the same. If this is not possible for any reason please explain below.
A35: Ethnic origin of wholetime firefighters leaving in the latest year 1 April to 31 March
C36: White | D36: White: English/ Welsh/ Scottish/ Northern Irish/ British | E36: White: Irish | F36: White: Gypsy or Irish Traveller | G36: White: Roma | H36: Any other White background | I36: Mixed or Multiple Ethnic Groups | J36: Mixed or Multiple Ethnic Groups: White and Black Caribbean | K36: Mixed or Multiple Ethnic Groups: White and Black African | L36: Mixed or Multiple Ethnic Groups: White and Asian | M36: Any other Mixed / Multiple ethnic background
A37: Brigade Manager | B37: bm | C37: =SUM(D37:H37) -> 0 | I37: =SUM(J37:M37) -> 0
A38: Area Manager | B38: am | C38: =SUM(D38:H38) -> 0 | I38: =SUM(J38:M38) -> 0
A39: Group Manager | B39: gm | C39: =SUM(D39:H39) -> 0 | I39: =SUM(J39:M39) -> 0
A40: Station Manager | B40: sm | C40: =SUM(D40:H40) -> 0 | I40: =SUM(J40:M40) -> 0
A41: Watch Manager | B41: wm | C41: =SUM(D41:H41) -> 0 | I41: =SUM(J41:M41) -> 0
A42: Crew Manager | B42: cm | C42: =SUM(D42:H42) -> 0 | I42: =SUM(J42:M42) -> 0
A43: Firefighter | B43: ff | C43: =SUM(D43:H43) -> 0 | I43: =SUM(J43:M43) -> 0
A44: Total | C44: =SUM(C37:C43) -> 0 | D44: =SUM(D37:D43) -> 0 | E44: =SUM(E37:E43) -> 0 | F44: =SUM(F37:F43) -> 0 | G44: =SUM(G37:G43) -> 0 | H44: =SUM(H37:H43) -> 0 | I44: =SUM(I37:I43) -> 0 | J44: =SUM(J37:J43) -> 0 | ... M44: =SUM(M37:M43) -> 0
A47: Ethnic origin of wholetime firefighters leaving in the latest year 1 April to 31 March
C48: Asian/Asian British | D48: Asian/Asian British: Indian | E48: Asian/Asian British: Pakistani | F48: Asian/Asian British: Bangladeshi | G48: Asian/Asian British: Chinese | H48: Any other Asian/Asian British background | I48: Black / African / Caribbean / Black British | J48: Black / African / Caribbean / Black British: African | K48: Black / African / Caribbean / Black British: Caribbean | L48: Any other Black/African/ Caribbean background | M48: Other ethnic group | N48: Other ethnic group: Arab | O48: Any other ethnic group | P48: Ethnic origin Not Stated
A49: Brigade Manager | B49: bm | C49: =SUM(D49:H49) -> 0 | I49: =SUM(J49:L49) -> 0 | M49: =SUM(N49:O49) -> 0
A50: Area Manager | B50: am | C50: =SUM(D50:H50) -> 0 | I50: =SUM(J50:L50) -> 0 | M50: =SUM(N50:O50) -> 0
A51: Group Manager | B51: gm | C51: =SUM(D51:H51) -> 0 | I51: =SUM(J51:L51) -> 0 | M51: =SUM(N51:O51) -> 0
A52: Station Manager | B52: sm | C52: =SUM(D52:H52) -> 0 | I52: =SUM(J52:L52) -> 0 | M52: =SUM(N52:O52) -> 0
A53: Watch Manager | B53: wm | C53: =SUM(D53:H53) -> 0 | I53: =SUM(J53:L53) -> 0 | M53: =SUM(N53:O53) -> 0
A54: Crew Manager | B54: cm | C54: =SUM(D54:H54) -> 0 | I54: =SUM(J54:L54) -> 0 | M54: =SUM(N54:O54) -> 0
A55: Firefighter | B55: ff | C55: =SUM(D55:H55) -> 0 | I55: =SUM(J55:L55) -> 0 | M55: =SUM(N55:O55) -> 0
A56: Total | C56: =SUM(C49:C55) -> 0 | D56: =SUM(D49:D55) -> 0 | E56: =SUM(E49:E55) -> 0 | F56: =SUM(F49:F55) -> 0 | G56: =SUM(G49:G55) -> 0 | H56: =SUM(H49:H55) -> 0 | I56: =SUM(I49:I55) -> 0 | J56: =SUM(J49:J55) -> 0 | ... P56: =SUM(P49:P55) -> 0
A59: Disability of wholetime firefighters leaving in the latest year 1 April to 31 March | F59: Religion of wholetime firefighters leaving in the latest year 1 April to 31 March | O59: Sexual orientation of wholetime firefighters leaving in the latest year 1 April to 31 March
C60: Disabled | D60: Not Disabled | E60: Disability Not Stated | F60: Christian | G60: Buddhist | H60: Hindu | I60: Jewish | J60: Muslim | K60: Sikh | L60: Other | M60: None | N60: Religion Not Stated | O60: Bisexual | P60: Gay/ Lesbian | Q60: Heterosexual | R60: Other | S60: Sexual orientation Not Stated
C61: dis | D61: notdis | E61: dns | F61: chr | G61: bud | H61: hin | I61: jew | J61: mus | K61: sik | L61: roth | M61: non | N61: rns | O61: bi | P61: gl | Q61: het | R61: soth | S61: sns
A62: Brigade Manager | B62: bm
A63: Area Manager | B63: am
A64: Group Manager | B64: gm
A65: Station Manager | B65: sm
A66: Watch Manager | B66: wm
A67: Crew Manager | B67: cm
A68: Firefighter | B68: ff
A69: Total | C69: =SUM(C62:C68) -> 0 | D69: =SUM(D62:D68) -> 0 | E69: =SUM(E62:E68) -> 0 | F69: =SUM(F62:F68) -> 0 | G69: =SUM(G62:G68) -> 0 | H69: =SUM(H62:H68) -> 0 | I69: =SUM(I62:I68) -> 0 | J69: =SUM(J62:J68) -> 0 | ... S69: =SUM(S62:S68) -> 0

Sheet LE2a PY
C4: LE2 | D4: =VLOOKUP(Cover!A6,Cover!B319:D331,2,FALSE) -> 2024/25 | E4: =Cover!A10 -> Shropshire
B7: Group Manager | C7: Station Manager | D7: Watch Manager | E7: Crew Manager | F7: Firefighter | G7: Total
A8: 1a. Moving - to another FRS | B8: {=SUMPRODUCT(('LE - PY data'!$A$2:$A$10000='LE2a PY'!$C$4)*('LE - PY data'!$B$2:$B$10000='LE2a PY'!$D$4)*('LE - PY data'!$C$2:$C$10000='LE2a PY'!$E$4)*('LE - PY data'!$E$2:$E$10000='LE2a PY'!B$7)*('LE - PY data'!$F$2:$F$10000='LE2a PY'!$A8)*('LE - PY data'!$G$2:$G$10000))} -> 0 | C8: {=SUMPRODUCT(('LE - PY data'!$A$2:$A$10000='LE2a PY'!$C$4)*('LE - PY data'!$B$2:$B$10000='LE2a PY'!$D$4)*('LE - PY data'!$C$2:$C$10000='LE2a PY'!$E$4)*('LE - PY data'!$E$2:$E$10000='LE2a PY'!C$7)*('LE - PY data'!$F$2:$F$10000='LE2a PY'!$A8)*('LE - PY data'!$G$2:$G$10000))} -> 0 | D8: {=SUMPRODUCT(('LE - PY data'!$A$2:$A$10000='LE2a PY'!$C$4)*('LE - PY data'!$B$2:$B$10000='LE2a PY'!$D$4)*('LE - PY data'!$C$2:$C$10000='LE2a PY'!$E$4)*('LE - PY data'!$E$2:$E$10000='LE2a PY'!D$7)*('LE - PY data'!$F$2:$F$10000='LE2a PY'!$A8)*('LE - PY data'!$G$2:$G$10000))} -> 0 | E8: {=SUMPRODUCT(('LE - PY data'!$A$2:$A$10000='LE2a PY'!$C$4)*('LE - PY data'!$B$2:$B$10000='LE2a PY'!$D$4)*('LE - PY data'!$C$2:$C$10000='LE2a PY'!$E$4)*('LE - PY data'!$E$2:$E$10000='LE2a PY'!E$7)*('LE - PY data'!$F$2:$F$10000='LE2a PY'!$A8)*('LE - PY data'!$G$2:$G$10000))} -> 0 | F8: {=SUMPRODUCT(('LE - PY data'!$A$2:$A$10000='LE2a PY'!$C$4)*('LE - PY data'!$B$2:$B$10000='LE2a PY'!$D$4)*('LE - PY data'!$C$2:$C$10000='LE2a PY'!$E$4)*('LE - PY data'!$E$2:$E$10000='LE2a PY'!F$7)*('LE - PY data'!$F$2:$F$10000='LE2a PY'!$A8)*('LE - PY data'!$G$2:$G$10000))} -> 0 | G8: {=SUMPRODUCT(('LE - PY data'!$A$2:$A$10000='LE2a PY'!$C$4)*('LE - PY data'!$B$2:$B$10000='LE2a PY'!$D$4)*('LE - PY data'!$C$2:$C$10000='LE2a PY'!$E$4)*('LE - PY data'!$F$2:$F$10000='LE2a PY'!$A8)*('LE - PY data'!$G$2:$G$10000))} -> 0
A9: 1b. Moving - within FRS from operational (firefighter or control) to support staff | B9: {=SUMPRODUCT(('LE - PY data'!$A$2:$A$10000='LE2a PY'!$C$4)*('LE - PY data'!$B$2:$B$10000='LE2a PY'!$D$4)*('LE - PY data'!$C$2:$C$10000='LE2a PY'!$E$4)*('LE - PY data'!$E$2:$E$10000='LE2a PY'!B$7)*('LE - PY data'!$F$2:$F$10000='LE2a PY'!$A9)*('LE - PY data'!$G$2:$G$10000))} -> 0 | C9: {=SUMPRODUCT(('LE - PY data'!$A$2:$A$10000='LE2a PY'!$C$4)*('LE - PY data'!$B$2:$B$10000='LE2a PY'!$D$4)*('LE - PY data'!$C$2:$C$10000='LE2a PY'!$E$4)*('LE - PY data'!$E$2:$E$10000='LE2a PY'!C$7)*('LE - PY data'!$F$2:$F$10000='LE2a PY'!$A9)*('LE - PY data'!$G$2:$G$10000))} -> 0 | D9: {=SUMPRODUCT(('LE - PY data'!$A$2:$A$10000='LE2a PY'!$C$4)*('LE - PY data'!$B$2:$B$10000='LE2a PY'!$D$4)*('LE - PY data'!$C$2:$C$10000='LE2a PY'!$E$4)*('LE - PY data'!$E$2:$E$10000='LE2a PY'!D$7)*('LE - PY data'!$F$2:$F$10000='LE2a PY'!$A9)*('LE - PY data'!$G$2:$G$10000))} -> 0 | E9: {=SUMPRODUCT(('LE - PY data'!$A$2:$A$10000='LE2a PY'!$C$4)*('LE - PY data'!$B$2:$B$10000='LE2a PY'!$D$4)*('LE - PY data'!$C$2:$C$10000='LE2a PY'!$E$4)*('LE - PY data'!$E$2:$E$10000='LE2a PY'!E$7)*('LE - PY data'!$F$2:$F$10000='LE2a PY'!$A9)*('LE - PY data'!$G$2:$G$10000))} -> 0 | F9: {=SUMPRODUCT(('LE - PY data'!$A$2:$A$10000='LE2a PY'!$C$4)*('LE - PY data'!$B$2:$B$10000='LE2a PY'!$D$4)*('LE - PY data'!$C$2:$C$10000='LE2a PY'!$E$4)*('LE - PY data'!$E$2:$E$10000='LE2a PY'!F$7)*('LE - PY data'!$F$2:$F$10000='LE2a PY'!$A9)*('LE - PY data'!$G$2:$G$10000))} -> 0 | G9: {=SUMPRODUCT(('LE - PY data'!$A$2:$A$10000='LE2a PY'!$C$4)*('LE - PY data'!$B$2:$B$10000='LE2a PY'!$D$4)*('LE - PY data'!$C$2:$C$10000='LE2a PY'!$E$4)*('LE - PY data'!$F$2:$F$10000='LE2a PY'!$A9)*('LE - PY data'!$G$2:$G$10000))} -> 0
A10: 1. Total moving | B10: {=SUMPRODUCT(('LE - PY data'!$A$2:$A$10000='LE2a PY'!$C$4)*('LE - PY data'!$B$2:$B$10000='LE2a PY'!$D$4)*('LE - PY data'!$C$2:$C$10000='LE2a PY'!$E$4)*('LE - PY data'!$E$2:$E$10000='LE2a PY'!B$7)*('LE - PY data'!$F$2:$F$10000='LE2a PY'!$A10)*('LE - PY data'!$G$2:$G$10000))} -> 0 | C10: {=SUMPRODUCT(('LE - PY data'!$A$2:$A$10000='LE2a PY'!$C$4)*('LE - PY data'!$B$2:$B$10000='LE2a PY'!$D$4)*('LE - PY data'!$C$2:$C$10000='LE2a PY'!$E$4)*('LE - PY data'!$E$2:$E$10000='LE2a PY'!C$7)*('LE - PY data'!$F$2:$F$10000='LE2a PY'!$A10)*('LE - PY data'!$G$2:$G$10000))} -> 0 | D10: {=SUMPRODUCT(('LE - PY data'!$A$2:$A$10000='LE2a PY'!$C$4)*('LE - PY data'!$B$2:$B$10000='LE2a PY'!$D$4)*('LE - PY data'!$C$2:$C$10000='LE2a PY'!$E$4)*('LE - PY data'!$E$2:$E$10000='LE2a PY'!D$7)*('LE - PY data'!$F$2:$F$10000='LE2a PY'!$A10)*('LE - PY data'!$G$2:$G$10000))} -> 0 | E10: {=SUMPRODUCT(('LE - PY data'!$A$2:$A$10000='LE2a PY'!$C$4)*('LE - PY data'!$B$2:$B$10000='LE2a PY'!$D$4)*('LE - PY data'!$C$2:$C$10000='LE2a PY'!$E$4)*('LE - PY data'!$E$2:$E$10000='LE2a PY'!E$7)*('LE - PY data'!$F$2:$F$10000='LE2a PY'!$A10)*('LE - PY data'!$G$2:$G$10000))} -> 0 | F10: {=SUMPRODUCT(('LE - PY data'!$A$2:$A$10000='LE2a PY'!$C$4)*('LE - PY data'!$B$2:$B$10000='LE2a PY'!$D$4)*('LE - PY data'!$C$2:$C$10000='LE2a PY'!$E$4)*('LE - PY data'!$E$2:$E$10000='LE2a PY'!F$7)*('LE - PY data'!$F$2:$F$10000='LE2a PY'!$A10)*('LE - PY data'!$G$2:$G$10000))} -> 0 | G10: {=SUMPRODUCT(('LE - PY data'!$A$2:$A$10000='LE2a PY'!$C$4)*('LE - PY data'!$B$2:$B$10000='LE2a PY'!$D$4)*('LE - PY data'!$C$2:$C$10000='LE2a PY'!$E$4)*('LE - PY data'!$F$2:$F$10000='LE2a PY'!$A10)*('LE - PY data'!$G$2:$G$10000))} -> 0
A11: 2a. Resignation - to take up alternative employment | B11: {=SUMPRODUCT(('LE - PY data'!$A$2:$A$10000='LE2a PY'!$C$4)*('LE - PY data'!$B$2:$B$10000='LE2a PY'!$D$4)*('LE - PY data'!$C$2:$C$10000='LE2a PY'!$E$4)*('LE - PY data'!$E$2:$E$10000='LE2a PY'!B$7)*('LE - PY data'!$F$2:$F$10000='LE2a PY'!$A11)*('LE - PY data'!$G$2:$G$10000))} -> 0 | C11: {=SUMPRODUCT(('LE - PY data'!$A$2:$A$10000='LE2a PY'!$C$4)*('LE - PY data'!$B$2:$B$10000='LE2a PY'!$D$4)*('LE - PY data'!$C$2:$C$10000='LE2a PY'!$E$4)*('LE - PY data'!$E$2:$E$10000='LE2a PY'!C$7)*('LE - PY data'!$F$2:$F$10000='LE2a PY'!$A11)*('LE - PY data'!$G$2:$G$10000))} -> 0 | D11: {=SUMPRODUCT(('LE - PY data'!$A$2:$A$10000='LE2a PY'!$C$4)*('LE - PY data'!$B$2:$B$10000='LE2a PY'!$D$4)*('LE - PY data'!$C$2:$C$10000='LE2a PY'!$E$4)*('LE - PY data'!$E$2:$E$10000='LE2a PY'!D$7)*('LE - PY data'!$F$2:$F$10000='LE2a PY'!$A11)*('LE - PY data'!$G$2:$G$10000))} -> 0 | E11: {=SUMPRODUCT(('LE - PY data'!$A$2:$A$10000='LE2a PY'!$C$4)*('LE - PY data'!$B$2:$B$10000='LE2a PY'!$D$4)*('LE - PY data'!$C$2:$C$10000='LE2a PY'!$E$4)*('LE - PY data'!$E$2:$E$10000='LE2a PY'!E$7)*('LE - PY data'!$F$2:$F$10000='LE2a PY'!$A11)*('LE - PY data'!$G$2:$G$10000))} -> 0 | F11: {=SUMPRODUCT(('LE - PY data'!$A$2:$A$10000='LE2a PY'!$C$4)*('LE - PY data'!$B$2:$B$10000='LE2a PY'!$D$4)*('LE - PY data'!$C$2:$C$10000='LE2a PY'!$E$4)*('LE - PY data'!$E$2:$E$10000='LE2a PY'!F$7)*('LE - PY data'!$F$2:$F$10000='LE2a PY'!$A11)*('LE - PY data'!$G$2:$G$10000))} -> 0 | G11: {=SUMPRODUCT(('LE - PY data'!$A$2:$A$10000='LE2a PY'!$C$4)*('LE - PY data'!$B$2:$B$10000='LE2a PY'!$D$4)*('LE - PY data'!$C$2:$C$10000='LE2a PY'!$E$4)*('LE - PY data'!$F$2:$F$10000='LE2a PY'!$A11)*('LE - PY data'!$G$2:$G$10000))} -> 0
A12: 2b. Resignation - due to ill health | B12: {=SUMPRODUCT(('LE - PY data'!$A$2:$A$10000='LE2a PY'!$C$4)*('LE - PY data'!$B$2:$B$10000='LE2a PY'!$D$4)*('LE - PY data'!$C$2:$C$10000='LE2a PY'!$E$4)*('LE - PY data'!$E$2:$E$10000='LE2a PY'!B$7)*('LE - PY data'!$F$2:$F$10000='LE2a PY'!$A12)*('LE - PY data'!$G$2:$G$10000))} -> 0 | C12: {=SUMPRODUCT(('LE - PY data'!$A$2:$A$10000='LE2a PY'!$C$4)*('LE - PY data'!$B$2:$B$10000='LE2a PY'!$D$4)*('LE - PY data'!$C$2:$C$10000='LE2a PY'!$E$4)*('LE - PY data'!$E$2:$E$10000='LE2a PY'!C$7)*('LE - PY data'!$F$2:$F$10000='LE2a PY'!$A12)*('LE - PY data'!$G$2:$G$10000))} -> 0 | D12: {=SUMPRODUCT(('LE - PY data'!$A$2:$A$10000='LE2a PY'!$C$4)*('LE - PY data'!$B$2:$B$10000='LE2a PY'!$D$4)*('LE - PY data'!$C$2:$C$10000='LE2a PY'!$E$4)*('LE - PY data'!$E$2:$E$10000='LE2a PY'!D$7)*('LE - PY data'!$F$2:$F$10000='LE2a PY'!$A12)*('LE - PY data'!$G$2:$G$10000))} -> 0 | E12: {=SUMPRODUCT(('LE - PY data'!$A$2:$A$10000='LE2a PY'!$C$4)*('LE - PY data'!$B$2:$B$10000='LE2a PY'!$D$4)*('LE - PY data'!$C$2:$C$10000='LE2a PY'!$E$4)*('LE - PY data'!$E$2:$E$10000='LE2a PY'!E$7)*('LE - PY data'!$F$2:$F$10000='LE2a PY'!$A12)*('LE - PY data'!$G$2:$G$10000))} -> 0 | F12: {=SUMPRODUCT(('LE - PY data'!$A$2:$A$10000='LE2a PY'!$C$4)*('LE - PY data'!$B$2:$B$10000='LE2a PY'!$D$4)*('LE - PY data'!$C$2:$C$10000='LE2a PY'!$E$4)*('LE - PY data'!$E$2:$E$10000='LE2a PY'!F$7)*('LE - PY data'!$F$2:$F$10000='LE2a PY'!$A12)*('LE - PY data'!$G$2:$G$10000))} -> 0 | G12: {=SUMPRODUCT(('LE - PY data'!$A$2:$A$10000='LE2a PY'!$C$4)*('LE - PY data'!$B$2:$B$10000='LE2a PY'!$D$4)*('LE - PY data'!$C$2:$C$10000='LE2a PY'!$E$4)*('LE - PY data'!$F$2:$F$10000='LE2a PY'!$A12)*('LE - PY data'!$G$2:$G$10000))} -> 0
A13: 2c. Resignation - any other reason (please specify) | B13: {=SUMPRODUCT(('LE - PY data'!$A$2:$A$10000='LE2a PY'!$C$4)*('LE - PY data'!$B$2:$B$10000='LE2a PY'!$D$4)*('LE - PY data'!$C$2:$C$10000='LE2a PY'!$E$4)*('LE - PY data'!$E$2:$E$10000='LE2a PY'!B$7)*('LE - PY data'!$F$2:$F$10000='LE2a PY'!$A13)*('LE - PY data'!$G$2:$G$10000))} -> 0 | C13: {=SUMPRODUCT(('LE - PY data'!$A$2:$A$10000='LE2a PY'!$C$4)*('LE - PY data'!$B$2:$B$10000='LE2a PY'!$D$4)*('LE - PY data'!$C$2:$C$10000='LE2a PY'!$E$4)*('LE - PY data'!$E$2:$E$10000='LE2a PY'!C$7)*('LE - PY data'!$F$2:$F$10000='LE2a PY'!$A13)*('LE - PY data'!$G$2:$G$10000))} -> 0 | D13: {=SUMPRODUCT(('LE - PY data'!$A$2:$A$10000='LE2a PY'!$C$4)*('LE - PY data'!$B$2:$B$10000='LE2a PY'!$D$4)*('LE - PY data'!$C$2:$C$10000='LE2a PY'!$E$4)*('LE - PY data'!$E$2:$E$10000='LE2a PY'!D$7)*('LE - PY data'!$F$2:$F$10000='LE2a PY'!$A13)*('LE - PY data'!$G$2:$G$10000))} -> 0 | E13: {=SUMPRODUCT(('LE - PY data'!$A$2:$A$10000='LE2a PY'!$C$4)*('LE - PY data'!$B$2:$B$10000='LE2a PY'!$D$4)*('LE - PY data'!$C$2:$C$10000='LE2a PY'!$E$4)*('LE - PY data'!$E$2:$E$10000='LE2a PY'!E$7)*('LE - PY data'!$F$2:$F$10000='LE2a PY'!$A13)*('LE - PY data'!$G$2:$G$10000))} -> 0 | F13: {=SUMPRODUCT(('LE - PY data'!$A$2:$A$10000='LE2a PY'!$C$4)*('LE - PY data'!$B$2:$B$10000='LE2a PY'!$D$4)*('LE - PY data'!$C$2:$C$10000='LE2a PY'!$E$4)*('LE - PY data'!$E$2:$E$10000='LE2a PY'!F$7)*('LE - PY data'!$F$2:$F$10000='LE2a PY'!$A13)*('LE - PY data'!$G$2:$G$10000))} -> 0 | G13: {=SUMPRODUCT(('LE - PY data'!$A$2:$A$10000='LE2a PY'!$C$4)*('LE - PY data'!$B$2:$B$10000='LE2a PY'!$D$4)*('LE - PY data'!$C$2:$C$10000='LE2a PY'!$E$4)*('LE - PY data'!$F$2:$F$10000='LE2a PY'!$A13)*('LE - PY data'!$G$2:$G$10000))} -> 0
A14: 2. Total resignation | B14: {=SUMPRODUCT(('LE - PY data'!$A$2:$A$10000='LE2a PY'!$C$4)*('LE - PY data'!$B$2:$B$10000='LE2a PY'!$D$4)*('LE - PY data'!$C$2:$C$10000='LE2a PY'!$E$4)*('LE - PY data'!$E$2:$E$10000='LE2a PY'!B$7)*('LE - PY data'!$F$2:$F$10000='LE2a PY'!$A14)*('LE - PY data'!$G$2:$G$10000))} -> 0 | C14: {=SUMPRODUCT(('LE - PY data'!$A$2:$A$10000='LE2a PY'!$C$4)*('LE - PY data'!$B$2:$B$10000='LE2a PY'!$D$4)*('LE - PY data'!$C$2:$C$10000='LE2a PY'!$E$4)*('LE - PY data'!$E$2:$E$10000='LE2a PY'!C$7)*('LE - PY data'!$F$2:$F$10000='LE2a PY'!$A14)*('LE - PY data'!$G$2:$G$10000))} -> 0 | D14: {=SUMPRODUCT(('LE - PY data'!$A$2:$A$10000='LE2a PY'!$C$4)*('LE - PY data'!$B$2:$B$10000='LE2a PY'!$D$4)*('LE - PY data'!$C$2:$C$10000='LE2a PY'!$E$4)*('LE - PY data'!$E$2:$E$10000='LE2a PY'!D$7)*('LE - PY data'!$F$2:$F$10000='LE2a PY'!$A14)*('LE - PY data'!$G$2:$G$10000))} -> 0 | E14: {=SUMPRODUCT(('LE - PY data'!$A$2:$A$10000='LE2a PY'!$C$4)*('LE - PY data'!$B$2:$B$10000='LE2a PY'!$D$4)*('LE - PY data'!$C$2:$C$10000='LE2a PY'!$E$4)*('LE - PY data'!$E$2:$E$10000='LE2a PY'!E$7)*('LE - PY data'!$F$2:$F$10000='LE2a PY'!$A14)*('LE - PY data'!$G$2:$G$10000))} -> 0 | F14: {=SUMPRODUCT(('LE - PY data'!$A$2:$A$10000='LE2a PY'!$C$4)*('LE - PY data'!$B$2:$B$10000='LE2a PY'!$D$4)*('LE - PY data'!$C$2:$C$10000='LE2a PY'!$E$4)*('LE - PY data'!$E$2:$E$10000='LE2a PY'!F$7)*('LE - PY data'!$F$2:$F$10000='LE2a PY'!$A14)*('LE - PY data'!$G$2:$G$10000))} -> 0 | G14: {=SUMPRODUCT(('LE - PY data'!$A$2:$A$10000='LE2a PY'!$C$4)*('LE - PY data'!$B$2:$B$10000='LE2a PY'!$D$4)*('LE - PY data'!$C$2:$C$10000='LE2a PY'!$E$4)*('LE - PY data'!$F$2:$F$10000='LE2a PY'!$A14)*('LE - PY data'!$G$2:$G$10000))} -> 0
A15: 3a. Redundancy - compulsory | B15: {=SUMPRODUCT(('LE - PY data'!$A$2:$A$10000='LE2a PY'!$C$4)*('LE - PY data'!$B$2:$B$10000='LE2a PY'!$D$4)*('LE - PY data'!$C$2:$C$10000='LE2a PY'!$E$4)*('LE - PY data'!$E$2:$E$10000='LE2a PY'!B$7)*('LE - PY data'!$F$2:$F$10000='LE2a PY'!$A15)*('LE - PY data'!$G$2:$G$10000))} -> 0 | C15: {=SUMPRODUCT(('LE - PY data'!$A$2:$A$10000='LE2a PY'!$C$4)*('LE - PY data'!$B$2:$B$10000='LE2a PY'!$D$4)*('LE - PY data'!$C$2:$C$10000='LE2a PY'!$E$4)*('LE - PY data'!$E$2:$E$10000='LE2a PY'!C$7)*('LE - PY data'!$F$2:$F$10000='LE2a PY'!$A15)*('LE - PY data'!$G$2:$G$10000))} -> 0 | D15: {=SUMPRODUCT(('LE - PY data'!$A$2:$A$10000='LE2a PY'!$C$4)*('LE - PY data'!$B$2:$B$10000='LE2a PY'!$D$4)*('LE - PY data'!$C$2:$C$10000='LE2a PY'!$E$4)*('LE - PY data'!$E$2:$E$10000='LE2a PY'!D$7)*('LE - PY data'!$F$2:$F$10000='LE2a PY'!$A15)*('LE - PY data'!$G$2:$G$10000))} -> 0 | E15: {=SUMPRODUCT(('LE - PY data'!$A$2:$A$10000='LE2a PY'!$C$4)*('LE - PY data'!$B$2:$B$10000='LE2a PY'!$D$4)*('LE - PY data'!$C$2:$C$10000='LE2a PY'!$E$4)*('LE - PY data'!$E$2:$E$10000='LE2a PY'!E$7)*('LE - PY data'!$F$2:$F$10000='LE2a PY'!$A15)*('LE - PY data'!$G$2:$G$10000))} -> 0 | F15: {=SUMPRODUCT(('LE - PY data'!$A$2:$A$10000='LE2a PY'!$C$4)*('LE - PY data'!$B$2:$B$10000='LE2a PY'!$D$4)*('LE - PY data'!$C$2:$C$10000='LE2a PY'!$E$4)*('LE - PY data'!$E$2:$E$10000='LE2a PY'!F$7)*('LE - PY data'!$F$2:$F$10000='LE2a PY'!$A15)*('LE - PY data'!$G$2:$G$10000))} -> 0 | G15: {=SUMPRODUCT(('LE - PY data'!$A$2:$A$10000='LE2a PY'!$C$4)*('LE - PY data'!$B$2:$B$10000='LE2a PY'!$D$4)*('LE - PY data'!$C$2:$C$10000='LE2a PY'!$E$4)*('LE - PY data'!$F$2:$F$10000='LE2a PY'!$A15)*('LE - PY data'!$G$2:$G$10000))} -> 0
A16: 3b. Redundancy - voluntary | B16: {=SUMPRODUCT(('LE - PY data'!$A$2:$A$10000='LE2a PY'!$C$4)*('LE - PY data'!$B$2:$B$10000='LE2a PY'!$D$4)*('LE - PY data'!$C$2:$C$10000='LE2a PY'!$E$4)*('LE - PY data'!$E$2:$E$10000='LE2a PY'!B$7)*('LE - PY data'!$F$2:$F$10000='LE2a PY'!$A16)*('LE - PY data'!$G$2:$G$10000))} -> 0 | C16: {=SUMPRODUCT(('LE - PY data'!$A$2:$A$10000='LE2a PY'!$C$4)*('LE - PY data'!$B$2:$B$10000='LE2a PY'!$D$4)*('LE - PY data'!$C$2:$C$10000='LE2a PY'!$E$4)*('LE - PY data'!$E$2:$E$10000='LE2a PY'!C$7)*('LE - PY data'!$F$2:$F$10000='LE2a PY'!$A16)*('LE - PY data'!$G$2:$G$10000))} -> 0 | D16: {=SUMPRODUCT(('LE - PY data'!$A$2:$A$10000='LE2a PY'!$C$4)*('LE - PY data'!$B$2:$B$10000='LE2a PY'!$D$4)*('LE - PY data'!$C$2:$C$10000='LE2a PY'!$E$4)*('LE - PY data'!$E$2:$E$10000='LE2a PY'!D$7)*('LE - PY data'!$F$2:$F$10000='LE2a PY'!$A16)*('LE - PY data'!$G$2:$G$10000))} -> 0 | E16: {=SUMPRODUCT(('LE - PY data'!$A$2:$A$10000='LE2a PY'!$C$4)*('LE - PY data'!$B$2:$B$10000='LE2a PY'!$D$4)*('LE - PY data'!$C$2:$C$10000='LE2a PY'!$E$4)*('LE - PY data'!$E$2:$E$10000='LE2a PY'!E$7)*('LE - PY data'!$F$2:$F$10000='LE2a PY'!$A16)*('LE - PY data'!$G$2:$G$10000))} -> 0 | F16: {=SUMPRODUCT(('LE - PY data'!$A$2:$A$10000='LE2a PY'!$C$4)*('LE - PY data'!$B$2:$B$10000='LE2a PY'!$D$4)*('LE - PY data'!$C$2:$C$10000='LE2a PY'!$E$4)*('LE - PY data'!$E$2:$E$10000='LE2a PY'!F$7)*('LE - PY data'!$F$2:$F$10000='LE2a PY'!$A16)*('LE - PY data'!$G$2:$G$10000))} -> 0 | G16: {=SUMPRODUCT(('LE - PY data'!$A$2:$A$10000='LE2a PY'!$C$4)*('LE - PY data'!$B$2:$B$10000='LE2a PY'!$D$4)*('LE - PY data'!$C$2:$C$10000='LE2a PY'!$E$4)*('LE - PY data'!$F$2:$F$10000='LE2a PY'!$A16)*('LE - PY data'!$G$2:$G$10000))} -> 0
A17: 3. Total redundancy | B17: {=SUMPRODUCT(('LE - PY data'!$A$2:$A$10000='LE2a PY'!$C$4)*('LE - PY data'!$B$2:$B$10000='LE2a PY'!$D$4)*('LE - PY data'!$C$2:$C$10000='LE2a PY'!$E$4)*('LE - PY data'!$E$2:$E$10000='LE2a PY'!B$7)*('LE - PY data'!$F$2:$F$10000='LE2a PY'!$A17)*('LE - PY data'!$G$2:$G$10000))} -> 0 | C17: {=SUMPRODUCT(('LE - PY data'!$A$2:$A$10000='LE2a PY'!$C$4)*('LE - PY data'!$B$2:$B$10000='LE2a PY'!$D$4)*('LE - PY data'!$C$2:$C$10000='LE2a PY'!$E$4)*('LE - PY data'!$E$2:$E$10000='LE2a PY'!C$7)*('LE - PY data'!$F$2:$F$10000='LE2a PY'!$A17)*('LE - PY data'!$G$2:$G$10000))} -> 0 | D17: {=SUMPRODUCT(('LE - PY data'!$A$2:$A$10000='LE2a PY'!$C$4)*('LE - PY data'!$B$2:$B$10000='LE2a PY'!$D$4)*('LE - PY data'!$C$2:$C$10000='LE2a PY'!$E$4)*('LE - PY data'!$E$2:$E$10000='LE2a PY'!D$7)*('LE - PY data'!$F$2:$F$10000='LE2a PY'!$A17)*('LE - PY data'!$G$2:$G$10000))} -> 0 | E17: {=SUMPRODUCT(('LE - PY data'!$A$2:$A$10000='LE2a PY'!$C$4)*('LE - PY data'!$B$2:$B$10000='LE2a PY'!$D$4)*('LE - PY data'!$C$2:$C$10000='LE2a PY'!$E$4)*('LE - PY data'!$E$2:$E$10000='LE2a PY'!E$7)*('LE - PY data'!$F$2:$F$10000='LE2a PY'!$A17)*('LE - PY data'!$G$2:$G$10000))} -> 0 | F17: {=SUMPRODUCT(('LE - PY data'!$A$2:$A$10000='LE2a PY'!$C$4)*('LE - PY data'!$B$2:$B$10000='LE2a PY'!$D$4)*('LE - PY data'!$C$2:$C$10000='LE2a PY'!$E$4)*('LE - PY data'!$E$2:$E$10000='LE2a PY'!F$7)*('LE - PY data'!$F$2:$F$10000='LE2a PY'!$A17)*('LE - PY data'!$G$2:$G$10000))} -> 0 | G17: {=SUMPRODUCT(('LE - PY data'!$A$2:$A$10000='LE2a PY'!$C$4)*('LE - PY data'!$B$2:$B$10000='LE2a PY'!$D$4)*('LE - PY data'!$C$2:$C$10000='LE2a PY'!$E$4)*('LE - PY data'!$F$2:$F$10000='LE2a PY'!$A17)*('LE - PY data'!$G$2:$G$10000))} -> 0
A18: 4a. Retirement - early | B18: {=SUMPRODUCT(('LE - PY data'!$A$2:$A$10000='LE2a PY'!$C$4)*('LE - PY data'!$B$2:$B$10000='LE2a PY'!$D$4)*('LE - PY data'!$C$2:$C$10000='LE2a PY'!$E$4)*('LE - PY data'!$E$2:$E$10000='LE2a PY'!B$7)*('LE - PY data'!$F$2:$F$10000='LE2a PY'!$A18)*('LE - PY data'!$G$2:$G$10000))} -> 0 | C18: {=SUMPRODUCT(('LE - PY data'!$A$2:$A$10000='LE2a PY'!$C$4)*('LE - PY data'!$B$2:$B$10000='LE2a PY'!$D$4)*('LE - PY data'!$C$2:$C$10000='LE2a PY'!$E$4)*('LE - PY data'!$E$2:$E$10000='LE2a PY'!C$7)*('LE - PY data'!$F$2:$F$10000='LE2a PY'!$A18)*('LE - PY data'!$G$2:$G$10000))} -> 0 | D18: {=SUMPRODUCT(('LE - PY data'!$A$2:$A$10000='LE2a PY'!$C$4)*('LE - PY data'!$B$2:$B$10000='LE2a PY'!$D$4)*('LE - PY data'!$C$2:$C$10000='LE2a PY'!$E$4)*('LE - PY data'!$E$2:$E$10000='LE2a PY'!D$7)*('LE - PY data'!$F$2:$F$10000='LE2a PY'!$A18)*('LE - PY data'!$G$2:$G$10000))} -> 0 | E18: {=SUMPRODUCT(('LE - PY data'!$A$2:$A$10000='LE2a PY'!$C$4)*('LE - PY data'!$B$2:$B$10000='LE2a PY'!$D$4)*('LE - PY data'!$C$2:$C$10000='LE2a PY'!$E$4)*('LE - PY data'!$E$2:$E$10000='LE2a PY'!E$7)*('LE - PY data'!$F$2:$F$10000='LE2a PY'!$A18)*('LE - PY data'!$G$2:$G$10000))} -> 0 | F18: {=SUMPRODUCT(('LE - PY data'!$A$2:$A$10000='LE2a PY'!$C$4)*('LE - PY data'!$B$2:$B$10000='LE2a PY'!$D$4)*('LE - PY data'!$C$2:$C$10000='LE2a PY'!$E$4)*('LE - PY data'!$E$2:$E$10000='LE2a PY'!F$7)*('LE - PY data'!$F$2:$F$10000='LE2a PY'!$A18)*('LE - PY data'!$G$2:$G$10000))} -> 0 | G18: {=SUMPRODUCT(('LE - PY data'!$A$2:$A$10000='LE2a PY'!$C$4)*('LE - PY data'!$B$2:$B$10000='LE2a PY'!$D$4)*('LE - PY data'!$C$2:$C$10000='LE2a PY'!$E$4)*('LE - PY data'!$F$2:$F$10000='LE2a PY'!$A18)*('LE - PY data'!$G$2:$G$10000))} -> 0
A19: 4b. Retirement - normal | B19: {=SUMPRODUCT(('LE - PY data'!$A$2:$A$10000='LE2a PY'!$C$4)*('LE - PY data'!$B$2:$B$10000='LE2a PY'!$D$4)*('LE - PY data'!$C$2:$C$10000='LE2a PY'!$E$4)*('LE - PY data'!$E$2:$E$10000='LE2a PY'!B$7)*('LE - PY data'!$F$2:$F$10000='LE2a PY'!$A19)*('LE - PY data'!$G$2:$G$10000))} -> 0 | C19: {=SUMPRODUCT(('LE - PY data'!$A$2:$A$10000='LE2a PY'!$C$4)*('LE - PY data'!$B$2:$B$10000='LE2a PY'!$D$4)*('LE - PY data'!$C$2:$C$10000='LE2a PY'!$E$4)*('LE - PY data'!$E$2:$E$10000='LE2a PY'!C$7)*('LE - PY data'!$F$2:$F$10000='LE2a PY'!$A19)*('LE - PY data'!$G$2:$G$10000))} -> 0 | D19: {=SUMPRODUCT(('LE - PY data'!$A$2:$A$10000='LE2a PY'!$C$4)*('LE - PY data'!$B$2:$B$10000='LE2a PY'!$D$4)*('LE - PY data'!$C$2:$C$10000='LE2a PY'!$E$4)*('LE - PY data'!$E$2:$E$10000='LE2a PY'!D$7)*('LE - PY data'!$F$2:$F$10000='LE2a PY'!$A19)*('LE - PY data'!$G$2:$G$10000))} -> 0 | E19: {=SUMPRODUCT(('LE - PY data'!$A$2:$A$10000='LE2a PY'!$C$4)*('LE - PY data'!$B$2:$B$10000='LE2a PY'!$D$4)*('LE - PY data'!$C$2:$C$10000='LE2a PY'!$E$4)*('LE - PY data'!$E$2:$E$10000='LE2a PY'!E$7)*('LE - PY data'!$F$2:$F$10000='LE2a PY'!$A19)*('LE - PY data'!$G$2:$G$10000))} -> 0 | F19: {=SUMPRODUCT(('LE - PY data'!$A$2:$A$10000='LE2a PY'!$C$4)*('LE - PY data'!$B$2:$B$10000='LE2a PY'!$D$4)*('LE - PY data'!$C$2:$C$10000='LE2a PY'!$E$4)*('LE - PY data'!$E$2:$E$10000='LE2a PY'!F$7)*('LE - PY data'!$F$2:$F$10000='LE2a PY'!$A19)*('LE - PY data'!$G$2:$G$10000))} -> 0 | G19: {=SUMPRODUCT(('LE - PY data'!$A$2:$A$10000='LE2a PY'!$C$4)*('LE - PY data'!$B$2:$B$10000='LE2a PY'!$D$4)*('LE - PY data'!$C$2:$C$10000='LE2a PY'!$E$4)*('LE - PY data'!$F$2:$F$10000='LE2a PY'!$A19)*('LE - PY data'!$G$2:$G$10000))} -> 0
... A26: 8. Unknown / Reason for leaving not recorded | B26: {=SUMPRODUCT(('LE - PY data'!$A$2:$A$10000='LE2a PY'!$C$4)*('LE - PY data'!$B$2:$B$10000='LE2a PY'!$D$4)*('LE - PY data'!$C$2:$C$10000='LE2a PY'!$E$4)*('LE - PY data'!$E$2:$E$10000='LE2a PY'!B$7)*('LE - PY data'!$F$2:$F$10000='LE2a PY'!$A26)*('LE - PY data'!$G$2:$G$10000))} -> 0 | C26: {=SUMPRODUCT(('LE - PY data'!$A$2:$A$10000='LE2a PY'!$C$4)*('LE - PY data'!$B$2:$B$10000='LE2a PY'!$D$4)*('LE - PY data'!$C$2:$C$10000='LE2a PY'!$E$4)*('LE - PY data'!$E$2:$E$10000='LE2a PY'!C$7)*('LE - PY data'!$F$2:$F$10000='LE2a PY'!$A26)*('LE - PY data'!$G$2:$G$10000))} -> 0 | D26: {=SUMPRODUCT(('LE - PY data'!$A$2:$A$10000='LE2a PY'!$C$4)*('LE - PY data'!$B$2:$B$10000='LE2a PY'!$D$4)*('LE - PY data'!$C$2:$C$10000='LE2a PY'!$E$4)*('LE - PY data'!$E$2:$E$10000='LE2a PY'!D$7)*('LE - PY data'!$F$2:$F$10000='LE2a PY'!$A26)*('LE - PY data'!$G$2:$G$10000))} -> 0 | E26: {=SUMPRODUCT(('LE - PY data'!$A$2:$A$10000='LE2a PY'!$C$4)*('LE - PY data'!$B$2:$B$10000='LE2a PY'!$D$4)*('LE - PY data'!$C$2:$C$10000='LE2a PY'!$E$4)*('LE - PY data'!$E$2:$E$10000='LE2a PY'!E$7)*('LE - PY data'!$F$2:$F$10000='LE2a PY'!$A26)*('LE - PY data'!$G$2:$G$10000))} -> 0 | F26: {=SUMPRODUCT(('LE - PY data'!$A$2:$A$10000='LE2a PY'!$C$4)*('LE - PY data'!$B$2:$B$10000='LE2a PY'!$D$4)*('LE - PY data'!$C$2:$C$10000='LE2a PY'!$E$4)*('LE - PY data'!$E$2:$E$10000='LE2a PY'!F$7)*('LE - PY data'!$F$2:$F$10000='LE2a PY'!$A26)*('LE - PY data'!$G$2:$G$10000))} -> 0 | G26: {=SUMPRODUCT(('LE - PY data'!$A$2:$A$10000='LE2a PY'!$C$4)*('LE - PY data'!$B$2:$B$10000='LE2a PY'!$D$4)*('LE - PY data'!$C$2:$C$10000='LE2a PY'!$E$4)*('LE - PY data'!$F$2:$F$10000='LE2a PY'!$A26)*('LE - PY data'!$G$2:$G$10000))} -> 0
A27: Total | B27: {=SUMPRODUCT(('LE - PY data'!$A$2:$A$10000='LE2a PY'!$C$4)*('LE - PY data'!$B$2:$B$10000='LE2a PY'!$D$4)*('LE - PY data'!$C$2:$C$10000='LE2a PY'!$E$4)*('LE - PY data'!$E$2:$E$10000='LE2a PY'!B$7)*('LE - PY data'!$G$2:$G$10000))} -> 0 | C27: {=SUMPRODUCT(('LE - PY data'!$A$2:$A$10000='LE2a PY'!$C$4)*('LE - PY data'!$B$2:$B$10000='LE2a PY'!$D$4)*('LE - PY data'!$C$2:$C$10000='LE2a PY'!$E$4)*('LE - PY data'!$E$2:$E$10000='LE2a PY'!C$7)*('LE - PY data'!$G$2:$G$10000))} -> 0 | D27: {=SUMPRODUCT(('LE - PY data'!$A$2:$A$10000='LE2a PY'!$C$4)*('LE - PY data'!$B$2:$B$10000='LE2a PY'!$D$4)*('LE - PY data'!$C$2:$C$10000='LE2a PY'!$E$4)*('LE - PY data'!$E$2:$E$10000='LE2a PY'!D$7)*('LE - PY data'!$G$2:$G$10000))} -> 0 | E27: {=SUMPRODUCT(('LE - PY data'!$A$2:$A$10000='LE2a PY'!$C$4)*('LE - PY data'!$B$2:$B$10000='LE2a PY'!$D$4)*('LE - PY data'!$C$2:$C$10000='LE2a PY'!$E$4)*('LE - PY data'!$E$2:$E$10000='LE2a PY'!E$7)*('LE - PY data'!$G$2:$G$10000))} -> 0 | F27: {=SUMPRODUCT(('LE - PY data'!$A$2:$A$10000='LE2a PY'!$C$4)*('LE - PY data'!$B$2:$B$10000='LE2a PY'!$D$4)*('LE - PY data'!$C$2:$C$10000='LE2a PY'!$E$4)*('LE - PY data'!$E$2:$E$10000='LE2a PY'!F$7)*('LE - PY data'!$G$2:$G$10000))} -> 0 | G27: {=SUMPRODUCT(('LE - PY data'!$A$2:$A$10000='LE2a PY'!$C$4)*('LE - PY data'!$B$2:$B$10000='LE2a PY'!$D$4)*('LE - PY data'!$C$2:$C$10000='LE2a PY'!$E$4)*('LE - PY data'!$G$2:$G$10000))} -> 0

Sheet LE2a
A5: LE2 Number of on-call firefighters leaving (headcount)
B7: Group Manager | C7: Station Manager | D7: Watch Manager | E7: Crew Manager | F7: Firefighter | G7: Total
A8: 1a. Moving - to another FRS | G8: =SUM(B8:F8) -> 0
A9: 1b. Moving - within FRS from operational (firefighter or control) to support staff | G9: =SUM(B9:F9) -> 0
A10: 1. Total moving | B10: =SUM(B8:B9) -> 0 | C10: =SUM(C8:C9) -> 0 | D10: =SUM(D8:D9) -> 0 | E10: =SUM(E8:E9) -> 0 | F10: =SUM(F8:F9) -> 0 | G10: =SUM(B10:F10) -> 0
A11: 2a. Resignation - to take up alternative employment | G11: =SUM(B11:F11) -> 0
A12: 2b. Resignation - due to ill health | G12: =SUM(B12:F12) -> 0
A13: 2c. Resignation - any other reason (please specify) | G13: =SUM(B13:F13) -> 0
A14: 2d. Resignation - issues with primary employment/other work commitments | G14: =SUM(B14:F14) -> 0
A15: 2e. Resignation - personal reasons (including work / life balance & caring responsibilities) | G15: =SUM(B15:F15) -> 0
A16: 2f. Resignation - relocation/leaving the area (including going travelling, moving country) | G16: =SUM(B16:F16) -> 0
A17: 2. Total resignation | B17: =SUM(B11:B16) -> 0 | C17: =SUM(C11:C16) -> 0 | D17: =SUM(D11:D16) -> 0 | E17: =SUM(E11:E16) -> 0 | F17: =SUM(F11:F16) -> 0 | G17: =SUM(B17:F17) -> 0
A18: 3a. Redundancy - compulsory | G18: =SUM(B18:F18) -> 0
A19: 3b. Redundancy - voluntary | G19: =SUM(B19:F19) -> 0
A20: 3. Total redundancy | B20: =SUM(B18:B19) -> 0 | C20: =SUM(C18:C19) -> 0 | D20: =SUM(D18:D19) -> 0 | E20: =SUM(E18:E19) -> 0 | F20: =SUM(F18:F19) -> 0 | G20: =SUM(B20:F20) -> 0
A21: 4a. Retirement - early | G21: =SUM(B21:F21) -> 0
A22: 4b. Retirement - normal | G22: =SUM(B22:F22) -> 0
A23: 4. Total retirement | B23: =SUM(B21:B22) -> 0 | C23: =SUM(C21:C22) -> 0 | D23: =SUM(D21:D22) -> 0 | E23: =SUM(E21:E22) -> 0 | F23: =SUM(F21:F22) -> 0 | G23: =SUM(B23:F23) -> 0
A24: 5a. Dismissal - poor performance (including failure to maintain fitness) | G24: =SUM(B24:F24) -> 0
A25: 5b. Dismissal - disciplinary grounds | G25: =SUM(B25:F25) -> 0
A26: 5. Total dismissal | B26: =SUM(B24:B25) -> 0 | C26: =SUM(C24:C25) -> 0 | D26: =SUM(D24:D25) -> 0 | E26: =SUM(E24:E25) -> 0 | F26: =SUM(F24:F25) -> 0 | G26: =SUM(B26:F26) -> 0
A27: 6. Deceased | G27: =SUM(B27:F27) -> 0
A28: 7. Other (please supply details in text box below) | G28: =SUM(B28:F28) -> 0
A29: 8. Unknown / Reason for leaving not recorded | G29: =SUM(B29:F29) -> 0
A30: Total | B30: =SUM(B10,B17,B20,B23,B26,B27:B29) -> 0 | C30: =SUM(C10,C17,C20,C23,C26,C27:C29) -> 0 | D30: =SUM(D10,D17,D20,D23,D26,D27:D29) -> 0 | E30: =SUM(E10,E17,E20,E23,E26,E27:E29) -> 0 | F30: =SUM(F10,F17,F20,F23,F26,F27:F29) -> 0 | G30: =SUM(B30:F30) -> 0
A32: FRS Notes

Sheet LE2b
A5: LE2 Number of on-call firefighters leaving by gender, age, disability, ethnicity, religion and sexual orientation
A8: Gender and age of on call firefighters leaving in the latest year 1 April to 31 March
C9: Age: 17-24 | H9: Age: 25-35 | M9: Age: 36-45 | R9: Age: 46-55
C10: Men | D10: Women | E10: Other | F10: Unknown | G10: Total | H10: Men | I10: Women | J10: Other | K10: Unknown | L10: Total | M10: Men | N10: Women | O10: Other | P10: Unknown | Q10: Total | R10: Men | S10: Women | T10: Other | U10: Unknown | V10: Total
C11: 17m | D11: 17f | E11: 17f | H11: 25m | I11: 25f | J11: 25f | M11: 36m | N11: 36f | O11: 25f | R11: 36m | S11: 36f | T11: 25f
A12: Group Manager | B12: bm | G12: =SUM(C12:F12) -> 0 | L12: =SUM(H12:K12) -> 0 | Q12: =SUM(M12:P12) -> 0 | V12: =SUM(R12:U12) -> 0
A13: Station Manager | B13: am | G13: =SUM(C13:F13) -> 0 | L13: =SUM(H13:K13) -> 0 | Q13: =SUM(M13:P13) -> 0 | V13: =SUM(R13:U13) -> 0
A14: Watch Manager | B14: gm | G14: =SUM(C14:F14) -> 0 | L14: =SUM(H14:K14) -> 0 | Q14: =SUM(M14:P14) -> 0 | V14: =SUM(R14:U14) -> 0
A15: Crew Manager | B15: sm | G15: =SUM(C15:F15) -> 0 | L15: =SUM(H15:K15) -> 0 | Q15: =SUM(M15:P15) -> 0 | V15: =SUM(R15:U15) -> 0
A16: Firefighter | B16: wm | G16: =SUM(C16:F16) -> 0 | L16: =SUM(H16:K16) -> 0 | Q16: =SUM(M16:P16) -> 0 | V16: =SUM(R16:U16) -> 0
A17: Total | C17: =SUM(C12:C16) -> 0 | D17: =SUM(D12:D16) -> 0 | E17: =SUM(E12:E16) -> 0 | F17: =SUM(F12:F16) -> 0 | G17: =SUM(C17:F17) -> 0 | H17: =SUM(H12:H16) -> 0 | I17: =SUM(I12:I16) -> 0 | J17: =SUM(J12:J16) -> 0 | K17: =SUM(K12:K16) -> 0 | L17: =SUM(H17:K17) -> 0 | M17: =SUM(M12:M16) -> 0 | N17: =SUM(N12:N16) -> 0 | O17: =SUM(O12:O16) -> 0 | P17: =SUM(P12:P16) -> 0 | Q17: =SUM(M17:P17) -> 0 | R17: =SUM(R12:R16) -> 0 | S17: =SUM(S12:S16) -> 0 | T17: =SUM(T12:T16) -> 0 | U17: =SUM(U12:U16) -> 0 | V17: =SUM(R17:U17) -> 0
C20: Age: 56-65 | H20: Age: 66+ | M20: Age not stated
C21: Men | D21: Women | E21: Other | F21: Unknown | G21: Total | H21: Men | I21: Women | J21: Other | K21: Unknown | L21: Total | M21: Men | N21: Women | O21: Other | P21: Unknown | Q21: Total
C22: 56m | D22: 56f | E22: 56f | H22: 66m | I22: 66f | J22: 66f
A23: Group Manager | B23: bm | G23: =SUM(C23:F23) -> 0 | L23: =SUM(H23:K23) -> 0 | Q23: =SUM(M23:P23) -> 0
A24: Station Manager | B24: am | G24: =SUM(C24:F24) -> 0 | L24: =SUM(H24:K24) -> 0 | Q24: =SUM(M24:P24) -> 0 | S24: Consistency QA check
A25: Watch Manager | B25: gm | G25: =SUM(C25:F25) -> 0 | L25: =SUM(H25:K25) -> 0 | Q25: =SUM(M25:P25) -> 0 | S25: Total on call firefighters - all ages | V25: =SUM($G$17+$L$17+$Q$17+$V$17+$G$28+$L$28+$Q$28) -> 0
A26: Crew Manager | B26: sm | G26: =SUM(C26:F26) -> 0 | L26: =SUM(H26:K26) -> 0 | Q26: =SUM(M26:P26) -> 0 | S26: Total on call firefighters - all ethnicities | V26: =SUM(C38+I38+C48+I48+M48+P48) -> 0
A27: Firefighter | B27: wm | G27: =SUM(C27:F27) -> 0 | L27: =SUM(H27:K27) -> 0 | Q27: =SUM(M27:P27) -> 0 | S27: Total on call firefighters - all sexual orientations | V27: =SUM($O$59:$S$59) -> 0
A28: Total | C28: =SUM(C23:C27) -> 0 | D28: =SUM(D23:D27) -> 0 | E28: =SUM(E23:E27) -> 0 | F28: =SUM(F23:F27) -> 0 | G28: =SUM(C28:F28) -> 0 | H28: =SUM(H23:H27) -> 0 | I28: =SUM(I23:I27) -> 0 | J28: =SUM(J23:J27) -> 0 | K28: =SUM(K23:K27) -> 0 | L28: =SUM(H28:K28) -> 0 | M28: =SUM(M23:M27) -> 0 | N28: =SUM(N23:N27) -> 0 | O28: =SUM(O23:O27) -> 0 | P28: =SUM(P23:P27) -> 0 | Q28: =SUM(M28:P28) -> 0 | S28: Total on call firefighters - all disability statuses | V28: =SUM($C$59:$E$59) -> 0
S29: Total on call firefighters - all religious identities | V29: =SUM($F$59:$N$59) -> 0
A31: Ethnic origin of on call firefighters leaving in the latest year 1 April to 31 March | S31: Totals for each characteristic match | V31: =IF(AND(V25=V26, V25=V27, V25=V28, V25=V29), "Yes", "No") -> Yes
B32: White | C32: White | D32: White: English/ Welsh/ Scottish/ Northern Irish/ British | E32: White: Irish | F32: White: Gypsy or Irish Traveller | G32: White: Roma | H32: Any other White background | I32: Mixed or Multiple Ethnic Groups | J32: Mixed or Multiple Ethnic Groups: White and Black Caribbean | K32: Mixed or Multiple Ethnic Groups: White and Black African | L32: Mixed or Multiple Ethnic Groups: White and Asian | M32: Any other Mixed / Multiple ethnic background
A33: Group Manager | B33: bm | C33: =SUM(D33:H33) -> 0 | I33: =SUM(J33:M33) -> 0 | S33: The total number of on call firefighters reported against each diversity characteristic should be the same. If this is not possible for any reason please explain below.
A34: Station Manager | B34: am | C34: =SUM(D34:H34) -> 0 | I34: =SUM(J34:M34) -> 0
A35: Watch Manager | B35: gm | C35: =SUM(D35:H35) -> 0 | I35: =SUM(J35:M35) -> 0
A36: Crew Manager | B36: sm | C36: =SUM(D36:H36) -> 0 | I36: =SUM(J36:M36) -> 0
A37: Firefighter | B37: wm | C37: =SUM(D37:H37) -> 0 | I37: =SUM(J37:M37) -> 0
A38: Total | C38: =SUM(C33:C37) -> 0 | D38: =SUM(D33:D37) -> 0 | E38: =SUM(E33:E37) -> 0 | F38: =SUM(F33:F37) -> 0 | G38: =SUM(G33:G37) -> 0 | H38: =SUM(H33:H37) -> 0 | I38: =SUM(I33:I37) -> 0 | J38: =SUM(J33:J37) -> 0 | ... M38: =SUM(M33:M37) -> 0
A41: Ethnic origin of on call firefighters leaving in the latest year 1 April to 31 March
B42: Asian / Asian British | C42: Asian/Asian British | D42: Asian/Asian British: Indian | E42: Asian/Asian British: Pakistani | F42: Asian/Asian British: Bangladeshi | G42: Asian/Asian British: Chinese | H42: Any other Asian/Asian British background | I42: Black / African / Caribbean / Black British | J42: Black / African / Caribbean / Black British: African | K42: Black / African / Caribbean / Black British: Caribbean | L42: Any other Black/African/ Caribbean background | M42: Other ethnic group | N42: Other ethnic group: Arab | O42: Any other ethnic group | P42: Ethnic origin Not Stated
A43: Group Manager | B43: bm | C43: =SUM(D43:H43) -> 0 | I43: =SUM(J43:L43) -> 0 | M43: =SUM(N43:O43) -> 0
A44: Station Manager | B44: am | C44: =SUM(D44:H44) -> 0 | I44: =SUM(J44:L44) -> 0 | M44: =SUM(N44:O44) -> 0
A45: Watch Manager | B45: gm | C45: =SUM(D45:H45) -> 0 | I45: =SUM(J45:L45) -> 0 | M45: =SUM(N45:O45) -> 0
A46: Crew Manager | B46: sm | C46: =SUM(D46:H46) -> 0 | I46: =SUM(J46:L46) -> 0 | M46: =SUM(N46:O46) -> 0
A47: Firefighter | B47: wm | C47: =SUM(D47:H47) -> 0 | I47: =SUM(J47:L47) -> 0 | M47: =SUM(N47:O47) -> 0
A48: Total | C48: =SUM(C43:C47) -> 0 | D48: =SUM(D43:D47) -> 0 | E48: =SUM(E43:E47) -> 0 | F48: =SUM(F43:F47) -> 0 | G48: =SUM(G43:G47) -> 0 | H48: =SUM(H43:H47) -> 0 | I48: =SUM(I43:I47) -> 0 | J48: =SUM(J43:J47) -> 0 | ... P48: =SUM(P43:P47) -> 0
A51: Disability of on call firefighters leaving in the latest year 1 April to 31 March | F51: Religion of on call firefighters leaving in the latest year 1 April to 31 March | O51: Sexual orientation of on call firefighters leaving in the latest year 1 April to 31 March
C52: Disabled | D52: Not Disabled | E52: Disability Not Stated | F52: Christian | G52: Buddhist | H52: Hindu | I52: Jewish | J52: Muslim | K52: Sikh | L52: Other | M52: None | N52: Religion Not Stated | O52: Bisexual | P52: Gay/ Lesbian | Q52: Heterosexual | R52: Other | S52: Sexual orientation Not Stated
C53: dis | D53: notdis | E53: dns | F53: chr | G53: bud | H53: hin | I53: jew | J53: mus | K53: sik | L53: roth | M53: non | N53: rns | O53: bi | P53: gl | Q53: het | R53: sns | S53: sns
A54: Group Manager | B54: gm
A55: Station Manager | B55: sm
A56: Watch Manager | B56: wm
A57: Crew Manager | B57: cm
A58: Firefighter | B58: ff
A59: Total | C59: =SUM(C54:C58) -> 0 | D59: =SUM(D54:D58) -> 0 | E59: =SUM(E54:E58) -> 0 | F59: =SUM(F54:F58) -> 0 | G59: =SUM(G54:G58) -> 0 | H59: =SUM(H54:H58) -> 0 | I59: =SUM(I54:I58) -> 0 | J59: =SUM(J54:J58) -> 0 | ... S59: =SUM(S54:S58) -> 0

Sheet LE3a PY
C4: LE3 | D4: =VLOOKUP(Cover!A6,Cover!B319:D331,2,FALSE) -> 2024/25 | E4: =Cover!A10 -> Shropshire
B7: Group Manager | C7: Station Manager | D7: Watch Manager | E7: Crew Manager | F7: Firefighter | G7: Total
A8: 1a. Moving - to another FRS | B8: {=SUMPRODUCT(('LE - PY data'!$A$2:$A$10000='LE3a PY'!$C$4)*('LE - PY data'!$B$2:$B$10000='LE3a PY'!$D$4)*('LE - PY data'!$C$2:$C$10000='LE3a PY'!$E$4)*('LE - PY data'!$E$2:$E$10000='LE3a PY'!B$7)*('LE - PY data'!$F$2:$F$10000='LE3a PY'!$A8)*('LE - PY data'!$G$2:$G$10000))} -> 0 | C8: {=SUMPRODUCT(('LE - PY data'!$A$2:$A$10000='LE3a PY'!$C$4)*('LE - PY data'!$B$2:$B$10000='LE3a PY'!$D$4)*('LE - PY data'!$C$2:$C$10000='LE3a PY'!$E$4)*('LE - PY data'!$E$2:$E$10000='LE3a PY'!C$7)*('LE - PY data'!$F$2:$F$10000='LE3a PY'!$A8)*('LE - PY data'!$G$2:$G$10000))} -> 0 | D8: {=SUMPRODUCT(('LE - PY data'!$A$2:$A$10000='LE3a PY'!$C$4)*('LE - PY data'!$B$2:$B$10000='LE3a PY'!$D$4)*('LE - PY data'!$C$2:$C$10000='LE3a PY'!$E$4)*('LE - PY data'!$E$2:$E$10000='LE3a PY'!D$7)*('LE - PY data'!$F$2:$F$10000='LE3a PY'!$A8)*('LE - PY data'!$G$2:$G$10000))} -> 0 | E8: {=SUMPRODUCT(('LE - PY data'!$A$2:$A$10000='LE3a PY'!$C$4)*('LE - PY data'!$B$2:$B$10000='LE3a PY'!$D$4)*('LE - PY data'!$C$2:$C$10000='LE3a PY'!$E$4)*('LE - PY data'!$E$2:$E$10000='LE3a PY'!E$7)*('LE - PY data'!$F$2:$F$10000='LE3a PY'!$A8)*('LE - PY data'!$G$2:$G$10000))} -> 0 | F8: {=SUMPRODUCT(('LE - PY data'!$A$2:$A$10000='LE3a PY'!$C$4)*('LE - PY data'!$B$2:$B$10000='LE3a PY'!$D$4)*('LE - PY data'!$C$2:$C$10000='LE3a PY'!$E$4)*('LE - PY data'!$E$2:$E$10000='LE3a PY'!F$7)*('LE - PY data'!$F$2:$F$10000='LE3a PY'!$A8)*('LE - PY data'!$G$2:$G$10000))} -> 0 | G8: {=SUMPRODUCT(('LE - PY data'!$A$2:$A$10000='LE3a PY'!$C$4)*('LE - PY data'!$B$2:$B$10000='LE3a PY'!$D$4)*('LE - PY data'!$C$2:$C$10000='LE3a PY'!$E$4)*('LE - PY data'!$F$2:$F$10000='LE3a PY'!$A8)*('LE - PY data'!$G$2:$G$10000))} -> 0
A9: 1b. Moving - within FRS from operational (firefighter or control) to support staff | B9: {=SUMPRODUCT(('LE - PY data'!$A$2:$A$10000='LE3a PY'!$C$4)*('LE - PY data'!$B$2:$B$10000='LE3a PY'!$D$4)*('LE - PY data'!$C$2:$C$10000='LE3a PY'!$E$4)*('LE - PY data'!$E$2:$E$10000='LE3a PY'!B$7)*('LE - PY data'!$F$2:$F$10000='LE3a PY'!$A9)*('LE - PY data'!$G$2:$G$10000))} -> 0 | C9: {=SUMPRODUCT(('LE - PY data'!$A$2:$A$10000='LE3a PY'!$C$4)*('LE - PY data'!$B$2:$B$10000='LE3a PY'!$D$4)*('LE - PY data'!$C$2:$C$10000='LE3a PY'!$E$4)*('LE - PY data'!$E$2:$E$10000='LE3a PY'!C$7)*('LE - PY data'!$F$2:$F$10000='LE3a PY'!$A9)*('LE - PY data'!$G$2:$G$10000))} -> 0 | D9: {=SUMPRODUCT(('LE - PY data'!$A$2:$A$10000='LE3a PY'!$C$4)*('LE - PY data'!$B$2:$B$10000='LE3a PY'!$D$4)*('LE - PY data'!$C$2:$C$10000='LE3a PY'!$E$4)*('LE - PY data'!$E$2:$E$10000='LE3a PY'!D$7)*('LE - PY data'!$F$2:$F$10000='LE3a PY'!$A9)*('LE - PY data'!$G$2:$G$10000))} -> 0 | E9: {=SUMPRODUCT(('LE - PY data'!$A$2:$A$10000='LE3a PY'!$C$4)*('LE - PY data'!$B$2:$B$10000='LE3a PY'!$D$4)*('LE - PY data'!$C$2:$C$10000='LE3a PY'!$E$4)*('LE - PY data'!$E$2:$E$10000='LE3a PY'!E$7)*('LE - PY data'!$F$2:$F$10000='LE3a PY'!$A9)*('LE - PY data'!$G$2:$G$10000))} -> 0 | F9: {=SUMPRODUCT(('LE - PY data'!$A$2:$A$10000='LE3a PY'!$C$4)*('LE - PY data'!$B$2:$B$10000='LE3a PY'!$D$4)*('LE - PY data'!$C$2:$C$10000='LE3a PY'!$E$4)*('LE - PY data'!$E$2:$E$10000='LE3a PY'!F$7)*('LE - PY data'!$F$2:$F$10000='LE3a PY'!$A9)*('LE - PY data'!$G$2:$G$10000))} -> 0 | G9: {=SUMPRODUCT(('LE - PY data'!$A$2:$A$10000='LE3a PY'!$C$4)*('LE - PY data'!$B$2:$B$10000='LE3a PY'!$D$4)*('LE - PY data'!$C$2:$C$10000='LE3a PY'!$E$4)*('LE - PY data'!$F$2:$F$10000='LE3a PY'!$A9)*('LE - PY data'!$G$2:$G$10000))} -> 0
A10: 1. Total moving | B10: {=SUMPRODUCT(('LE - PY data'!$A$2:$A$10000='LE3a PY'!$C$4)*('LE - PY data'!$B$2:$B$10000='LE3a PY'!$D$4)*('LE - PY data'!$C$2:$C$10000='LE3a PY'!$E$4)*('LE - PY data'!$E$2:$E$10000='LE3a PY'!B$7)*('LE - PY data'!$F$2:$F$10000='LE3a PY'!$A10)*('LE - PY data'!$G$2:$G$10000))} -> 0 | C10: {=SUMPRODUCT(('LE - PY data'!$A$2:$A$10000='LE3a PY'!$C$4)*('LE - PY data'!$B$2:$B$10000='LE3a PY'!$D$4)*('LE - PY data'!$C$2:$C$10000='LE3a PY'!$E$4)*('LE - PY data'!$E$2:$E$10000='LE3a PY'!C$7)*('LE - PY data'!$F$2:$F$10000='LE3a PY'!$A10)*('LE - PY data'!$G$2:$G$10000))} -> 0 | D10: {=SUMPRODUCT(('LE - PY data'!$A$2:$A$10000='LE3a PY'!$C$4)*('LE - PY data'!$B$2:$B$10000='LE3a PY'!$D$4)*('LE - PY data'!$C$2:$C$10000='LE3a PY'!$E$4)*('LE - PY data'!$E$2:$E$10000='LE3a PY'!D$7)*('LE - PY data'!$F$2:$F$10000='LE3a PY'!$A10)*('LE - PY data'!$G$2:$G$10000))} -> 0 | E10: {=SUMPRODUCT(('LE - PY data'!$A$2:$A$10000='LE3a PY'!$C$4)*('LE - PY data'!$B$2:$B$10000='LE3a PY'!$D$4)*('LE - PY data'!$C$2:$C$10000='LE3a PY'!$E$4)*('LE - PY data'!$E$2:$E$10000='LE3a PY'!E$7)*('LE - PY data'!$F$2:$F$10000='LE3a PY'!$A10)*('LE - PY data'!$G$2:$G$10000))} -> 0 | F10: {=SUMPRODUCT(('LE - PY data'!$A$2:$A$10000='LE3a PY'!$C$4)*('LE - PY data'!$B$2:$B$10000='LE3a PY'!$D$4)*('LE - PY data'!$C$2:$C$10000='LE3a PY'!$E$4)*('LE - PY data'!$E$2:$E$10000='LE3a PY'!F$7)*('LE - PY data'!$F$2:$F$10000='LE3a PY'!$A10)*('LE - PY data'!$G$2:$G$10000))} -> 0 | G10: {=SUMPRODUCT(('LE - PY data'!$A$2:$A$10000='LE3a PY'!$C$4)*('LE - PY data'!$B$2:$B$10000='LE3a PY'!$D$4)*('LE - PY data'!$C$2:$C$10000='LE3a PY'!$E$4)*('LE - PY data'!$F$2:$F$10000='LE3a PY'!$A10)*('LE - PY data'!$G$2:$G$10000))} -> 0
A11: 2a. Resignation - to take up alternative employment | B11: {=SUMPRODUCT(('LE - PY data'!$A$2:$A$10000='LE3a PY'!$C$4)*('LE - PY data'!$B$2:$B$10000='LE3a PY'!$D$4)*('LE - PY data'!$C$2:$C$10000='LE3a PY'!$E$4)*('LE - PY data'!$E$2:$E$10000='LE3a PY'!B$7)*('LE - PY data'!$F$2:$F$10000='LE3a PY'!$A11)*('LE - PY data'!$G$2:$G$10000))} -> 0 | C11: {=SUMPRODUCT(('LE - PY data'!$A$2:$A$10000='LE3a PY'!$C$4)*('LE - PY data'!$B$2:$B$10000='LE3a PY'!$D$4)*('LE - PY data'!$C$2:$C$10000='LE3a PY'!$E$4)*('LE - PY data'!$E$2:$E$10000='LE3a PY'!C$7)*('LE - PY data'!$F$2:$F$10000='LE3a PY'!$A11)*('LE - PY data'!$G$2:$G$10000))} -> 0 | D11: {=SUMPRODUCT(('LE - PY data'!$A$2:$A$10000='LE3a PY'!$C$4)*('LE - PY data'!$B$2:$B$10000='LE3a PY'!$D$4)*('LE - PY data'!$C$2:$C$10000='LE3a PY'!$E$4)*('LE - PY data'!$E$2:$E$10000='LE3a PY'!D$7)*('LE - PY data'!$F$2:$F$10000='LE3a PY'!$A11)*('LE - PY data'!$G$2:$G$10000))} -> 0 | E11: {=SUMPRODUCT(('LE - PY data'!$A$2:$A$10000='LE3a PY'!$C$4)*('LE - PY data'!$B$2:$B$10000='LE3a PY'!$D$4)*('LE - PY data'!$C$2:$C$10000='LE3a PY'!$E$4)*('LE - PY data'!$E$2:$E$10000='LE3a PY'!E$7)*('LE - PY data'!$F$2:$F$10000='LE3a PY'!$A11)*('LE - PY data'!$G$2:$G$10000))} -> 0 | F11: {=SUMPRODUCT(('LE - PY data'!$A$2:$A$10000='LE3a PY'!$C$4)*('LE - PY data'!$B$2:$B$10000='LE3a PY'!$D$4)*('LE - PY data'!$C$2:$C$10000='LE3a PY'!$E$4)*('LE - PY data'!$E$2:$E$10000='LE3a PY'!F$7)*('LE - PY data'!$F$2:$F$10000='LE3a PY'!$A11)*('LE - PY data'!$G$2:$G$10000))} -> 0 | G11: {=SUMPRODUCT(('LE - PY data'!$A$2:$A$10000='LE3a PY'!$C$4)*('LE - PY data'!$B$2:$B$10000='LE3a PY'!$D$4)*('LE - PY data'!$C$2:$C$10000='LE3a PY'!$E$4)*('LE - PY data'!$F$2:$F$10000='LE3a PY'!$A11)*('LE - PY data'!$G$2:$G$10000))} -> 0
A12: 2b. Resignation - due to ill health | B12: {=SUMPRODUCT(('LE - PY data'!$A$2:$A$10000='LE3a PY'!$C$4)*('LE - PY data'!$B$2:$B$10000='LE3a PY'!$D$4)*('LE - PY data'!$C$2:$C$10000='LE3a PY'!$E$4)*('LE - PY data'!$E$2:$E$10000='LE3a PY'!B$7)*('LE - PY data'!$F$2:$F$10000='LE3a PY'!$A12)*('LE - PY data'!$G$2:$G$10000))} -> 0 | C12: {=SUMPRODUCT(('LE - PY data'!$A$2:$A$10000='LE3a PY'!$C$4)*('LE - PY data'!$B$2:$B$10000='LE3a PY'!$D$4)*('LE - PY data'!$C$2:$C$10000='LE3a PY'!$E$4)*('LE - PY data'!$E$2:$E$10000='LE3a PY'!C$7)*('LE - PY data'!$F$2:$F$10000='LE3a PY'!$A12)*('LE - PY data'!$G$2:$G$10000))} -> 0 | D12: {=SUMPRODUCT(('LE - PY data'!$A$2:$A$10000='LE3a PY'!$C$4)*('LE - PY data'!$B$2:$B$10000='LE3a PY'!$D$4)*('LE - PY data'!$C$2:$C$10000='LE3a PY'!$E$4)*('LE - PY data'!$E$2:$E$10000='LE3a PY'!D$7)*('LE - PY data'!$F$2:$F$10000='LE3a PY'!$A12)*('LE - PY data'!$G$2:$G$10000))} -> 0 | E12: {=SUMPRODUCT(('LE - PY data'!$A$2:$A$10000='LE3a PY'!$C$4)*('LE - PY data'!$B$2:$B$10000='LE3a PY'!$D$4)*('LE - PY data'!$C$2:$C$10000='LE3a PY'!$E$4)*('LE - PY data'!$E$2:$E$10000='LE3a PY'!E$7)*('LE - PY data'!$F$2:$F$10000='LE3a PY'!$A12)*('LE - PY data'!$G$2:$G$10000))} -> 0 | F12: {=SUMPRODUCT(('LE - PY data'!$A$2:$A$10000='LE3a PY'!$C$4)*('LE - PY data'!$B$2:$B$10000='LE3a PY'!$D$4)*('LE - PY data'!$C$2:$C$10000='LE3a PY'!$E$4)*('LE - PY data'!$E$2:$E$10000='LE3a PY'!F$7)*('LE - PY data'!$F$2:$F$10000='LE3a PY'!$A12)*('LE - PY data'!$G$2:$G$10000))} -> 0 | G12: {=SUMPRODUCT(('LE - PY data'!$A$2:$A$10000='LE3a PY'!$C$4)*('LE - PY data'!$B$2:$B$10000='LE3a PY'!$D$4)*('LE - PY data'!$C$2:$C$10000='LE3a PY'!$E$4)*('LE - PY data'!$F$2:$F$10000='LE3a PY'!$A12)*('LE - PY data'!$G$2:$G$10000))} -> 0
A13: 2c. Resignation - any other reason (please specify) | B13: {=SUMPRODUCT(('LE - PY data'!$A$2:$A$10000='LE3a PY'!$C$4)*('LE - PY data'!$B$2:$B$10000='LE3a PY'!$D$4)*('LE - PY data'!$C$2:$C$10000='LE3a PY'!$E$4)*('LE - PY data'!$E$2:$E$10000='LE3a PY'!B$7)*('LE - PY data'!$F$2:$F$10000='LE3a PY'!$A13)*('LE - PY data'!$G$2:$G$10000))} -> 0 | C13: {=SUMPRODUCT(('LE - PY data'!$A$2:$A$10000='LE3a PY'!$C$4)*('LE - PY data'!$B$2:$B$10000='LE3a PY'!$D$4)*('LE - PY data'!$C$2:$C$10000='LE3a PY'!$E$4)*('LE - PY data'!$E$2:$E$10000='LE3a PY'!C$7)*('LE - PY data'!$F$2:$F$10000='LE3a PY'!$A13)*('LE - PY data'!$G$2:$G$10000))} -> 0 | D13: {=SUMPRODUCT(('LE - PY data'!$A$2:$A$10000='LE3a PY'!$C$4)*('LE - PY data'!$B$2:$B$10000='LE3a PY'!$D$4)*('LE - PY data'!$C$2:$C$10000='LE3a PY'!$E$4)*('LE - PY data'!$E$2:$E$10000='LE3a PY'!D$7)*('LE - PY data'!$F$2:$F$10000='LE3a PY'!$A13)*('LE - PY data'!$G$2:$G$10000))} -> 0 | E13: {=SUMPRODUCT(('LE - PY data'!$A$2:$A$10000='LE3a PY'!$C$4)*('LE - PY data'!$B$2:$B$10000='LE3a PY'!$D$4)*('LE - PY data'!$C$2:$C$10000='LE3a PY'!$E$4)*('LE - PY data'!$E$2:$E$10000='LE3a PY'!E$7)*('LE - PY data'!$F$2:$F$10000='LE3a PY'!$A13)*('LE - PY data'!$G$2:$G$10000))} -> 0 | F13: {=SUMPRODUCT(('LE - PY data'!$A$2:$A$10000='LE3a PY'!$C$4)*('LE - PY data'!$B$2:$B$10000='LE3a PY'!$D$4)*('LE - PY data'!$C$2:$C$10000='LE3a PY'!$E$4)*('LE - PY data'!$E$2:$E$10000='LE3a PY'!F$7)*('LE - PY data'!$F$2:$F$10000='LE3a PY'!$A13)*('LE - PY data'!$G$2:$G$10000))} -> 0 | G13: {=SUMPRODUCT(('LE - PY data'!$A$2:$A$10000='LE3a PY'!$C$4)*('LE - PY data'!$B$2:$B$10000='LE3a PY'!$D$4)*('LE - PY data'!$C$2:$C$10000='LE3a PY'!$E$4)*('LE - PY data'!$F$2:$F$10000='LE3a PY'!$A13)*('LE - PY data'!$G$2:$G$10000))} -> 0
A14: 2. Total resignation | B14: {=SUMPRODUCT(('LE - PY data'!$A$2:$A$10000='LE3a PY'!$C$4)*('LE - PY data'!$B$2:$B$10000='LE3a PY'!$D$4)*('LE - PY data'!$C$2:$C$10000='LE3a PY'!$E$4)*('LE - PY data'!$E$2:$E$10000='LE3a PY'!B$7)*('LE - PY data'!$F$2:$F$10000='LE3a PY'!$A14)*('LE - PY data'!$G$2:$G$10000))} -> 0 | C14: {=SUMPRODUCT(('LE - PY data'!$A$2:$A$10000='LE3a PY'!$C$4)*('LE - PY data'!$B$2:$B$10000='LE3a PY'!$D$4)*('LE - PY data'!$C$2:$C$10000='LE3a PY'!$E$4)*('LE - PY data'!$E$2:$E$10000='LE3a PY'!C$7)*('LE - PY data'!$F$2:$F$10000='LE3a PY'!$A14)*('LE - PY data'!$G$2:$G$10000))} -> 0 | D14: {=SUMPRODUCT(('LE - PY data'!$A$2:$A$10000='LE3a PY'!$C$4)*('LE - PY data'!$B$2:$B$10000='LE3a PY'!$D$4)*('LE - PY data'!$C$2:$C$10000='LE3a PY'!$E$4)*('LE - PY data'!$E$2:$E$10000='LE3a PY'!D$7)*('LE - PY data'!$F$2:$F$10000='LE3a PY'!$A14)*('LE - PY data'!$G$2:$G$10000))} -> 0 | E14: {=SUMPRODUCT(('LE - PY data'!$A$2:$A$10000='LE3a PY'!$C$4)*('LE - PY data'!$B$2:$B$10000='LE3a PY'!$D$4)*('LE - PY data'!$C$2:$C$10000='LE3a PY'!$E$4)*('LE - PY data'!$E$2:$E$10000='LE3a PY'!E$7)*('LE - PY data'!$F$2:$F$10000='LE3a PY'!$A14)*('LE - PY data'!$G$2:$G$10000))} -> 0 | F14: {=SUMPRODUCT(('LE - PY data'!$A$2:$A$10000='LE3a PY'!$C$4)*('LE - PY data'!$B$2:$B$10000='LE3a PY'!$D$4)*('LE - PY data'!$C$2:$C$10000='LE3a PY'!$E$4)*('LE - PY data'!$E$2:$E$10000='LE3a PY'!F$7)*('LE - PY data'!$F$2:$F$10000='LE3a PY'!$A14)*('LE - PY data'!$G$2:$G$10000))} -> 0 | G14: {=SUMPRODUCT(('LE - PY data'!$A$2:$A$10000='LE3a PY'!$C$4)*('LE - PY data'!$B$2:$B$10000='LE3a PY'!$D$4)*('LE - PY data'!$C$2:$C$10000='LE3a PY'!$E$4)*('LE - PY data'!$F$2:$F$10000='LE3a PY'!$A14)*('LE - PY data'!$G$2:$G$10000))} -> 0
A15: 3a. Redundancy - compulsory | B15: {=SUMPRODUCT(('LE - PY data'!$A$2:$A$10000='LE3a PY'!$C$4)*('LE - PY data'!$B$2:$B$10000='LE3a PY'!$D$4)*('LE - PY data'!$C$2:$C$10000='LE3a PY'!$E$4)*('LE - PY data'!$E$2:$E$10000='LE3a PY'!B$7)*('LE - PY data'!$F$2:$F$10000='LE3a PY'!$A15)*('LE - PY data'!$G$2:$G$10000))} -> 0 | C15: {=SUMPRODUCT(('LE - PY data'!$A$2:$A$10000='LE3a PY'!$C$4)*('LE - PY data'!$B$2:$B$10000='LE3a PY'!$D$4)*('LE - PY data'!$C$2:$C$10000='LE3a PY'!$E$4)*('LE - PY data'!$E$2:$E$10000='LE3a PY'!C$7)*('LE - PY data'!$F$2:$F$10000='LE3a PY'!$A15)*('LE - PY data'!$G$2:$G$10000))} -> 0 | D15: {=SUMPRODUCT(('LE - PY data'!$A$2:$A$10000='LE3a PY'!$C$4)*('LE - PY data'!$B$2:$B$10000='LE3a PY'!$D$4)*('LE - PY data'!$C$2:$C$10000='LE3a PY'!$E$4)*('LE - PY data'!$E$2:$E$10000='LE3a PY'!D$7)*('LE - PY data'!$F$2:$F$10000='LE3a PY'!$A15)*('LE - PY data'!$G$2:$G$10000))} -> 0 | E15: {=SUMPRODUCT(('LE - PY data'!$A$2:$A$10000='LE3a PY'!$C$4)*('LE - PY data'!$B$2:$B$10000='LE3a PY'!$D$4)*('LE - PY data'!$C$2:$C$10000='LE3a PY'!$E$4)*('LE - PY data'!$E$2:$E$10000='LE3a PY'!E$7)*('LE - PY data'!$F$2:$F$10000='LE3a PY'!$A15)*('LE - PY data'!$G$2:$G$10000))} -> 0 | F15: {=SUMPRODUCT(('LE - PY data'!$A$2:$A$10000='LE3a PY'!$C$4)*('LE - PY data'!$B$2:$B$10000='LE3a PY'!$D$4)*('LE - PY data'!$C$2:$C$10000='LE3a PY'!$E$4)*('LE - PY data'!$E$2:$E$10000='LE3a PY'!F$7)*('LE - PY data'!$F$2:$F$10000='LE3a PY'!$A15)*('LE - PY data'!$G$2:$G$10000))} -> 0 | G15: {=SUMPRODUCT(('LE - PY data'!$A$2:$A$10000='LE3a PY'!$C$4)*('LE - PY data'!$B$2:$B$10000='LE3a PY'!$D$4)*('LE - PY data'!$C$2:$C$10000='LE3a PY'!$E$4)*('LE - PY data'!$F$2:$F$10000='LE3a PY'!$A15)*('LE - PY data'!$G$2:$G$10000))} -> 0
A16: 3b. Redundancy - voluntary | B16: {=SUMPRODUCT(('LE - PY data'!$A$2:$A$10000='LE3a PY'!$C$4)*('LE - PY data'!$B$2:$B$10000='LE3a PY'!$D$4)*('LE - PY data'!$C$2:$C$10000='LE3a PY'!$E$4)*('LE - PY data'!$E$2:$E$10000='LE3a PY'!B$7)*('LE - PY data'!$F$2:$F$10000='LE3a PY'!$A16)*('LE - PY data'!$G$2:$G$10000))} -> 0 | C16: {=SUMPRODUCT(('LE - PY data'!$A$2:$A$10000='LE3a PY'!$C$4)*('LE - PY data'!$B$2:$B$10000='LE3a PY'!$D$4)*('LE - PY data'!$C$2:$C$10000='LE3a PY'!$E$4)*('LE - PY data'!$E$2:$E$10000='LE3a PY'!C$7)*('LE - PY data'!$F$2:$F$10000='LE3a PY'!$A16)*('LE - PY data'!$G$2:$G$10000))} -> 0 | D16: {=SUMPRODUCT(('LE - PY data'!$A$2:$A$10000='LE3a PY'!$C$4)*('LE - PY data'!$B$2:$B$10000='LE3a PY'!$D$4)*('LE - PY data'!$C$2:$C$10000='LE3a PY'!$E$4)*('LE - PY data'!$E$2:$E$10000='LE3a PY'!D$7)*('LE - PY data'!$F$2:$F$10000='LE3a PY'!$A16)*('LE - PY data'!$G$2:$G$10000))} -> 0 | E16: {=SUMPRODUCT(('LE - PY data'!$A$2:$A$10000='LE3a PY'!$C$4)*('LE - PY data'!$B$2:$B$10000='LE3a PY'!$D$4)*('LE - PY data'!$C$2:$C$10000='LE3a PY'!$E$4)*('LE - PY data'!$E$2:$E$10000='LE3a PY'!E$7)*('LE - PY data'!$F$2:$F$10000='LE3a PY'!$A16)*('LE - PY data'!$G$2:$G$10000))} -> 0 | F16: {=SUMPRODUCT(('LE - PY data'!$A$2:$A$10000='LE3a PY'!$C$4)*('LE - PY data'!$B$2:$B$10000='LE3a PY'!$D$4)*('LE - PY data'!$C$2:$C$10000='LE3a PY'!$E$4)*('LE - PY data'!$E$2:$E$10000='LE3a PY'!F$7)*('LE - PY data'!$F$2:$F$10000='LE3a PY'!$A16)*('LE - PY data'!$G$2:$G$10000))} -> 0 | G16: {=SUMPRODUCT(('LE - PY data'!$A$2:$A$10000='LE3a PY'!$C$4)*('LE - PY data'!$B$2:$B$10000='LE3a PY'!$D$4)*('LE - PY data'!$C$2:$C$10000='LE3a PY'!$E$4)*('LE - PY data'!$F$2:$F$10000='LE3a PY'!$A16)*('LE - PY data'!$G$2:$G$10000))} -> 0
A17: 3. Total redundancy | B17: {=SUMPRODUCT(('LE - PY data'!$A$2:$A$10000='LE3a PY'!$C$4)*('LE - PY data'!$B$2:$B$10000='LE3a PY'!$D$4)*('LE - PY data'!$C$2:$C$10000='LE3a PY'!$E$4)*('LE - PY data'!$E$2:$E$10000='LE3a PY'!B$7)*('LE - PY data'!$F$2:$F$10000='LE3a PY'!$A17)*('LE - PY data'!$G$2:$G$10000))} -> 0 | C17: {=SUMPRODUCT(('LE - PY data'!$A$2:$A$10000='LE3a PY'!$C$4)*('LE - PY data'!$B$2:$B$10000='LE3a PY'!$D$4)*('LE - PY data'!$C$2:$C$10000='LE3a PY'!$E$4)*('LE - PY data'!$E$2:$E$10000='LE3a PY'!C$7)*('LE - PY data'!$F$2:$F$10000='LE3a PY'!$A17)*('LE - PY data'!$G$2:$G$10000))} -> 0 | D17: {=SUMPRODUCT(('LE - PY data'!$A$2:$A$10000='LE3a PY'!$C$4)*('LE - PY data'!$B$2:$B$10000='LE3a PY'!$D$4)*('LE - PY data'!$C$2:$C$10000='LE3a PY'!$E$4)*('LE - PY data'!$E$2:$E$10000='LE3a PY'!D$7)*('LE - PY data'!$F$2:$F$10000='LE3a PY'!$A17)*('LE - PY data'!$G$2:$G$10000))} -> 0 | E17: {=SUMPRODUCT(('LE - PY data'!$A$2:$A$10000='LE3a PY'!$C$4)*('LE - PY data'!$B$2:$B$10000='LE3a PY'!$D$4)*('LE - PY data'!$C$2:$C$10000='LE3a PY'!$E$4)*('LE - PY data'!$E$2:$E$10000='LE3a PY'!E$7)*('LE - PY data'!$F$2:$F$10000='LE3a PY'!$A17)*('LE - PY data'!$G$2:$G$10000))} -> 0 | F17: {=SUMPRODUCT(('LE - PY data'!$A$2:$A$10000='LE3a PY'!$C$4)*('LE - PY data'!$B$2:$B$10000='LE3a PY'!$D$4)*('LE - PY data'!$C$2:$C$10000='LE3a PY'!$E$4)*('LE - PY data'!$E$2:$E$10000='LE3a PY'!F$7)*('LE - PY data'!$F$2:$F$10000='LE3a PY'!$A17)*('LE - PY data'!$G$2:$G$10000))} -> 0 | G17: {=SUMPRODUCT(('LE - PY data'!$A$2:$A$10000='LE3a PY'!$C$4)*('LE - PY data'!$B$2:$B$10000='LE3a PY'!$D$4)*('LE - PY data'!$C$2:$C$10000='LE3a PY'!$E$4)*('LE - PY data'!$F$2:$F$10000='LE3a PY'!$A17)*('LE - PY data'!$G$2:$G$10000))} -> 0
A18: 4a. Retirement - early | B18: {=SUMPRODUCT(('LE - PY data'!$A$2:$A$10000='LE3a PY'!$C$4)*('LE - PY data'!$B$2:$B$10000='LE3a PY'!$D$4)*('LE - PY data'!$C$2:$C$10000='LE3a PY'!$E$4)*('LE - PY data'!$E$2:$E$10000='LE3a PY'!B$7)*('LE - PY data'!$F$2:$F$10000='LE3a PY'!$A18)*('LE - PY data'!$G$2:$G$10000))} -> 0 | C18: {=SUMPRODUCT(('LE - PY data'!$A$2:$A$10000='LE3a PY'!$C$4)*('LE - PY data'!$B$2:$B$10000='LE3a PY'!$D$4)*('LE - PY data'!$C$2:$C$10000='LE3a PY'!$E$4)*('LE - PY data'!$E$2:$E$10000='LE3a PY'!C$7)*('LE - PY data'!$F$2:$F$10000='LE3a PY'!$A18)*('LE - PY data'!$G$2:$G$10000))} -> 0 | D18: {=SUMPRODUCT(('LE - PY data'!$A$2:$A$10000='LE3a PY'!$C$4)*('LE - PY data'!$B$2:$B$10000='LE3a PY'!$D$4)*('LE - PY data'!$C$2:$C$10000='LE3a PY'!$E$4)*('LE - PY data'!$E$2:$E$10000='LE3a PY'!D$7)*('LE - PY data'!$F$2:$F$10000='LE3a PY'!$A18)*('LE - PY data'!$G$2:$G$10000))} -> 0 | E18: {=SUMPRODUCT(('LE - PY data'!$A$2:$A$10000='LE3a PY'!$C$4)*('LE - PY data'!$B$2:$B$10000='LE3a PY'!$D$4)*('LE - PY data'!$C$2:$C$10000='LE3a PY'!$E$4)*('LE - PY data'!$E$2:$E$10000='LE3a PY'!E$7)*('LE - PY data'!$F$2:$F$10000='LE3a PY'!$A18)*('LE - PY data'!$G$2:$G$10000))} -> 0 | F18: {=SUMPRODUCT(('LE - PY data'!$A$2:$A$10000='LE3a PY'!$C$4)*('LE - PY data'!$B$2:$B$10000='LE3a PY'!$D$4)*('LE - PY data'!$C$2:$C$10000='LE3a PY'!$E$4)*('LE - PY data'!$E$2:$E$10000='LE3a PY'!F$7)*('LE - PY data'!$F$2:$F$10000='LE3a PY'!$A18)*('LE - PY data'!$G$2:$G$10000))} -> 0 | G18: {=SUMPRODUCT(('LE - PY data'!$A$2:$A$10000='LE3a PY'!$C$4)*('LE - PY data'!$B$2:$B$10000='LE3a PY'!$D$4)*('LE - PY data'!$C$2:$C$10000='LE3a PY'!$E$4)*('LE - PY data'!$F$2:$F$10000='LE3a PY'!$A18)*('LE - PY data'!$G$2:$G$10000))} -> 0
A19: 4b. Retirement - normal | B19: {=SUMPRODUCT(('LE - PY data'!$A$2:$A$10000='LE3a PY'!$C$4)*('LE - PY data'!$B$2:$B$10000='LE3a PY'!$D$4)*('LE - PY data'!$C$2:$C$10000='LE3a PY'!$E$4)*('LE - PY data'!$E$2:$E$10000='LE3a PY'!B$7)*('LE - PY data'!$F$2:$F$10000='LE3a PY'!$A19)*('LE - PY data'!$G$2:$G$10000))} -> 0 | C19: {=SUMPRODUCT(('LE - PY data'!$A$2:$A$10000='LE3a PY'!$C$4)*('LE - PY data'!$B$2:$B$10000='LE3a PY'!$D$4)*('LE - PY data'!$C$2:$C$10000='LE3a PY'!$E$4)*('LE - PY data'!$E$2:$E$10000='LE3a PY'!C$7)*('LE - PY data'!$F$2:$F$10000='LE3a PY'!$A19)*('LE - PY data'!$G$2:$G$10000))} -> 0 | D19: {=SUMPRODUCT(('LE - PY data'!$A$2:$A$10000='LE3a PY'!$C$4)*('LE - PY data'!$B$2:$B$10000='LE3a PY'!$D$4)*('LE - PY data'!$C$2:$C$10000='LE3a PY'!$E$4)*('LE - PY data'!$E$2:$E$10000='LE3a PY'!D$7)*('LE - PY data'!$F$2:$F$10000='LE3a PY'!$A19)*('LE - PY data'!$G$2:$G$10000))} -> 0 | E19: {=SUMPRODUCT(('LE - PY data'!$A$2:$A$10000='LE3a PY'!$C$4)*('LE - PY data'!$B$2:$B$10000='LE3a PY'!$D$4)*('LE - PY data'!$C$2:$C$10000='LE3a PY'!$E$4)*('LE - PY data'!$E$2:$E$10000='LE3a PY'!E$7)*('LE - PY data'!$F$2:$F$10000='LE3a PY'!$A19)*('LE - PY data'!$G$2:$G$10000))} -> 0 | F19: {=SUMPRODUCT(('LE - PY data'!$A$2:$A$10000='LE3a PY'!$C$4)*('LE - PY data'!$B$2:$B$10000='LE3a PY'!$D$4)*('LE - PY data'!$C$2:$C$10000='LE3a PY'!$E$4)*('LE - PY data'!$E$2:$E$10000='LE3a PY'!F$7)*('LE - PY data'!$F$2:$F$10000='LE3a PY'!$A19)*('LE - PY data'!$G$2:$G$10000))} -> 0 | G19: {=SUMPRODUCT(('LE - PY data'!$A$2:$A$10000='LE3a PY'!$C$4)*('LE - PY data'!$B$2:$B$10000='LE3a PY'!$D$4)*('LE - PY data'!$C$2:$C$10000='LE3a PY'!$E$4)*('LE - PY data'!$F$2:$F$10000='LE3a PY'!$A19)*('LE - PY data'!$G$2:$G$10000))} -> 0
... A26: 8. Unknown / Reason for leaving not recorded | B26: {=SUMPRODUCT(('LE - PY data'!$A$2:$A$10000='LE3a PY'!$C$4)*('LE - PY data'!$B$2:$B$10000='LE3a PY'!$D$4)*('LE - PY data'!$C$2:$C$10000='LE3a PY'!$E$4)*('LE - PY data'!$E$2:$E$10000='LE3a PY'!B$7)*('LE - PY data'!$F$2:$F$10000='LE3a PY'!$A26)*('LE - PY data'!$G$2:$G$10000))} -> 0 | C26: {=SUMPRODUCT(('LE - PY data'!$A$2:$A$10000='LE3a PY'!$C$4)*('LE - PY data'!$B$2:$B$10000='LE3a PY'!$D$4)*('LE - PY data'!$C$2:$C$10000='LE3a PY'!$E$4)*('LE - PY data'!$E$2:$E$10000='LE3a PY'!C$7)*('LE - PY data'!$F$2:$F$10000='LE3a PY'!$A26)*('LE - PY data'!$G$2:$G$10000))} -> 0 | D26: {=SUMPRODUCT(('LE - PY data'!$A$2:$A$10000='LE3a PY'!$C$4)*('LE - PY data'!$B$2:$B$10000='LE3a PY'!$D$4)*('LE - PY data'!$C$2:$C$10000='LE3a PY'!$E$4)*('LE - PY data'!$E$2:$E$10000='LE3a PY'!D$7)*('LE - PY data'!$F$2:$F$10000='LE3a PY'!$A26)*('LE - PY data'!$G$2:$G$10000))} -> 0 | E26: {=SUMPRODUCT(('LE - PY data'!$A$2:$A$10000='LE3a PY'!$C$4)*('LE - PY data'!$B$2:$B$10000='LE3a PY'!$D$4)*('LE - PY data'!$C$2:$C$10000='LE3a PY'!$E$4)*('LE - PY data'!$E$2:$E$10000='LE3a PY'!E$7)*('LE - PY data'!$F$2:$F$10000='LE3a PY'!$A26)*('LE - PY data'!$G$2:$G$10000))} -> 0 | F26: {=SUMPRODUCT(('LE - PY data'!$A$2:$A$10000='LE3a PY'!$C$4)*('LE - PY data'!$B$2:$B$10000='LE3a PY'!$D$4)*('LE - PY data'!$C$2:$C$10000='LE3a PY'!$E$4)*('LE - PY data'!$E$2:$E$10000='LE3a PY'!F$7)*('LE - PY data'!$F$2:$F$10000='LE3a PY'!$A26)*('LE - PY data'!$G$2:$G$10000))} -> 0 | G26: {=SUMPRODUCT(('LE - PY data'!$A$2:$A$10000='LE3a PY'!$C$4)*('LE - PY data'!$B$2:$B$10000='LE3a PY'!$D$4)*('LE - PY data'!$C$2:$C$10000='LE3a PY'!$E$4)*('LE - PY data'!$F$2:$F$10000='LE3a PY'!$A26)*('LE - PY data'!$G$2:$G$10000))} -> 0
A27: Total | B27: {=SUMPRODUCT(('LE - PY data'!$A$2:$A$10000='LE3a PY'!$C$4)*('LE - PY data'!$B$2:$B$10000='LE3a PY'!$D$4)*('LE - PY data'!$C$2:$C$10000='LE3a PY'!$E$4)*('LE - PY data'!$E$2:$E$10000='LE3a PY'!B$7)*('LE - PY data'!$G$2:$G$10000))} -> 0 | C27: {=SUMPRODUCT(('LE - PY data'!$A$2:$A$10000='LE3a PY'!$C$4)*('LE - PY data'!$B$2:$B$10000='LE3a PY'!$D$4)*('LE - PY data'!$C$2:$C$10000='LE3a PY'!$E$4)*('LE - PY data'!$E$2:$E$10000='LE3a PY'!C$7)*('LE - PY data'!$G$2:$G$10000))} -> 0 | D27: {=SUMPRODUCT(('LE - PY data'!$A$2:$A$10000='LE3a PY'!$C$4)*('LE - PY data'!$B$2:$B$10000='LE3a PY'!$D$4)*('LE - PY data'!$C$2:$C$10000='LE3a PY'!$E$4)*('LE - PY data'!$E$2:$E$10000='LE3a PY'!D$7)*('LE - PY data'!$G$2:$G$10000))} -> 0 | E27: {=SUMPRODUCT(('LE - PY data'!$A$2:$A$10000='LE3a PY'!$C$4)*('LE - PY data'!$B$2:$B$10000='LE3a PY'!$D$4)*('LE - PY data'!$C$2:$C$10000='LE3a PY'!$E$4)*('LE - PY data'!$E$2:$E$10000='LE3a PY'!E$7)*('LE - PY data'!$G$2:$G$10000))} -> 0 | F27: {=SUMPRODUCT(('LE - PY data'!$A$2:$A$10000='LE3a PY'!$C$4)*('LE - PY data'!$B$2:$B$10000='LE3a PY'!$D$4)*('LE - PY data'!$C$2:$C$10000='LE3a PY'!$E$4)*('LE - PY data'!$E$2:$E$10000='LE3a PY'!F$7)*('LE - PY data'!$G$2:$G$10000))} -> 0 | G27: {=SUMPRODUCT(('LE - PY data'!$A$2:$A$10000='LE3a PY'!$C$4)*('LE - PY data'!$B$2:$B$10000='LE3a PY'!$D$4)*('LE - PY data'!$C$2:$C$10000='LE3a PY'!$E$4)*('LE - PY data'!$G$2:$G$10000))} -> 0

Sheet LE3a
A5: LE3 Number of control staff leaving (headcount)
B7: Group Manager | C7: Station Manager | D7: Watch Manager | E7: Crew Manager | F7: Firefighter | G7: Total
A8: 1a. Moving - to another FRS | G8: =SUM(B8:F8) -> 0
A9: 1b. Moving - within FRS from operational (firefighter or control) to support staff | G9: =SUM(B9:F9) -> 0
A10: 1. Total moving | B10: =SUM(B8:B9) -> 0 | C10: =SUM(C8:C9) -> 0 | D10: =SUM(D8:D9) -> 0 | E10: =SUM(E8:E9) -> 0 | F10: =SUM(F8:F9) -> 0 | G10: =SUM(B10:F10) -> 0
A11: 2a. Resignation - to take up alternative employment | G11: =SUM(B11:F11) -> 0
A12: 2b. Resignation - due to ill health | G12: =SUM(B12:F12) -> 0
A13: 2c. Resignation - any other reason (please specify) | G13: =SUM(B13:F13) -> 0
A14: 2. Total resignation | B14: =SUM(B11:B13) -> 0 | C14: =SUM(C11:C13) -> 0 | D14: =SUM(D11:D13) -> 0 | E14: =SUM(E11:E13) -> 0 | F14: =SUM(F11:F13) -> 0 | G14: =SUM(B14:F14) -> 0
A15: 3a. Redundancy - compulsory | G15: =SUM(B15:F15) -> 0
A16: 3b. Redundancy - voluntary | G16: =SUM(B16:F16) -> 0
A17: 3. Total redundancy | B17: =SUM(B15:B16) -> 0 | C17: =SUM(C15:C16) -> 0 | D17: =SUM(D15:D16) -> 0 | E17: =SUM(E15:E16) -> 0 | F17: =SUM(F15:F16) -> 0 | G17: =SUM(B17:F17) -> 0
A18: 4a. Retirement - early | G18: =SUM(B18:F18) -> 0
A19: 4b. Retirement - normal | G19: =SUM(B19:F19) -> 0
A20: 4. Total retirement | B20: =SUM(B18:B19) -> 0 | C20: =SUM(C18:C19) -> 0 | D20: =SUM(D18:D19) -> 0 | E20: =SUM(E18:E19) -> 0 | F20: =SUM(F18:F19) -> 0 | G20: =SUM(B20:F20) -> 0
A21: 5a. Dismissal - poor performance (including failure to maintain fitness) | G21: =SUM(B21:F21) -> 0
A22: 5b. Dismissal - disciplinary grounds | G22: =SUM(B22:F22) -> 0
A23: 5. Total dismissal | B23: =SUM(B21:B22) -> 0 | C23: =SUM(C21:C22) -> 0 | D23: =SUM(D21:D22) -> 0 | E23: =SUM(E21:E22) -> 0 | F23: =SUM(F21:F22) -> 0 | G23: =SUM(B23:F23) -> 0
A24: 6. Deceased | G24: =SUM(B24:F24) -> 0
A25: 7. Other (please supply details in text box below) | G25: =SUM(B25:F25) -> 0
A26: 8. Unknown / Reason for leaving not recorded | G26: =SUM(B26:F26) -> 0
A27: Total | B27: =SUM(B10,B14,B17,B20,B23,B24:B26) -> 0 | C27: =SUM(C10,C14,C17,C20,C23,C24:C26) -> 0 | D27: =SUM(D10,D14,D17,D20,D23,D24:D26) -> 0 | E27: =SUM(E10,E14,E17,E20,E23,E24:E26) -> 0 | F27: =SUM(F10,F14,F17,F20,F23,F24:F26) -> 0 | G27: =SUM(B27:F27) -> 0
A29: FRS Notes

Sheet LE3b
A5: LE3 Number of control staff leaving by gender, age, disability, ethnicity, religion and sexual orientation
A8: Gender and age of fire control staff leaving in the latest year 1 April to 31 March
C9: Age: 16 | H9: Age: 17-24 | M9: Age: 25-35 | R9: Age: 36-45 | W9: Age: 46-55
C10: Men | D10: Women | E10: Other | F10: Unknown | G10: Total | H10: Men | I10: Women | J10: Other | K10: Unknown | L10: Total | M10: Men | N10: Women | O10: Other | P10: Unknown | Q10: Total | R10: Men | S10: Women | T10: Other | U10: Unknown | V10: Total | W10: Men | X10: Women | Y10: Other | Z10: Unknown | AA10: Total
C11: 17m | D11: 17f | E11: 17f | H11: 25m | I11: 25f | J11: 25f | M11: 36m | N11: 36f | O11: 25f | R11: 36m | S11: 36f | T11: 25f | W11: 36m | X11: 36f | Y11: 25f
A12: Group Manager | B12: bm | G12: =SUM(C12:F12) -> 0 | L12: =SUM(H12:K12) -> 0 | Q12: =SUM(M12:P12) -> 0 | V12: =SUM(R12:U12) -> 0 | AA12: =SUM(W12:Z12) -> 0
A13: Station Manager | B13: am | G13: =SUM(C13:F13) -> 0 | L13: =SUM(H13:K13) -> 0 | Q13: =SUM(M13:P13) -> 0 | V13: =SUM(R13:U13) -> 0 | AA13: =SUM(W13:Z13) -> 0
A14: Watch Manager | B14: gm | G14: =SUM(C14:F14) -> 0 | L14: =SUM(H14:K14) -> 0 | Q14: =SUM(M14:P14) -> 0 | V14: =SUM(R14:U14) -> 0 | AA14: =SUM(W14:Z14) -> 0
A15: Crew Manager | B15: sm | G15: =SUM(C15:F15) -> 0 | L15: =SUM(H15:K15) -> 0 | Q15: =SUM(M15:P15) -> 0 | V15: =SUM(R15:U15) -> 0 | AA15: =SUM(W15:Z15) -> 0
A16: Firefighter | B16: wm | G16: =SUM(C16:F16) -> 0 | L16: =SUM(H16:K16) -> 0 | Q16: =SUM(M16:P16) -> 0 | V16: =SUM(R16:U16) -> 0 | AA16: =SUM(W16:Z16) -> 0
A17: Total | C17: =SUM(C12:C16) -> 0 | D17: =SUM(D12:D16) -> 0 | E17: =SUM(E12:E16) -> 0 | F17: =SUM(F12:F16) -> 0 | G17: =SUM(C17:F17) -> 0 | H17: =SUM(H12:H16) -> 0 | I17: =SUM(I12:I16) -> 0 | J17: =SUM(J12:J16) -> 0 | K17: =SUM(K12:K16) -> 0 | L17: =SUM(H17:K17) -> 0 | M17: =SUM(M12:M16) -> 0 | N17: =SUM(N12:N16) -> 0 | O17: =SUM(O12:O16) -> 0 | P17: =SUM(P12:P16) -> 0 | Q17: =SUM(M17:P17) -> 0 | R17: =SUM(R12:R16) -> 0 | S17: =SUM(S12:S16) -> 0 | T17: =SUM(T12:T16) -> 0 | U17: =SUM(U12:U16) -> 0 | V17: =SUM(R17:U17) -> 0 | W17: =SUM(W12:W16) -> 0 | X17: =SUM(X12:X16) -> 0 | Y17: =SUM(Y12:Y16) -> 0 | Z17: =SUM(Z12:Z16) -> 0 | AA17: =SUM(W17:Z17) -> 0
C20: Age: 56-65 | H20: Age: 66+ | M20: Age not stated
C21: Men | D21: Women | E21: Other | F21: Unknown | G21: Total | H21: Men | I21: Women | J21: Other | K21: Unknown | L21: Total | M21: Men | N21: Women | O21: Other | P21: Unknown | Q21: Total
C22: 56m | D22: 56f | E22: 56f | H22: 66m | I22: 66f | J22: 66f
A23: Group Manager | G23: =SUM(C23:F23) -> 0 | L23: =SUM(H23:K23) -> 0 | Q23: =SUM(M23:P23) -> 0 | U23: Consistency QA check
A24: Station Manager | G24: =SUM(C24:F24) -> 0 | L24: =SUM(H24:K24) -> 0 | Q24: =SUM(M24:P24) -> 0
A25: Watch Manager | G25: =SUM(C25:F25) -> 0 | L25: =SUM(H25:K25) -> 0 | Q25: =SUM(M25:P25) -> 0 | U25: Total fire control staff - all ages | X25: =SUM($G$17+$L$17+$Q$17+V17+AA17+$G$28+$L$28+$Q$28) -> 0
A26: Crew Manager | G26: =SUM(C26:F26) -> 0 | L26: =SUM(H26:K26) -> 0 | Q26: =SUM(M26:P26) -> 0 | U26: Total fire control staff - all ethnicities | X26: =SUM(C38+I38+C48+I48+M48+P48) -> 0
A27: Firefighter | G27: =SUM(C27:F27) -> 0 | L27: =SUM(H27:K27) -> 0 | Q27: =SUM(M27:P27) -> 0 | U27: Total fire control staff - all sexual orientations | X27: =SUM($O$59:$S$59) -> 0
A28: Total | C28: =SUM(C23:C27) -> 0 | D28: =SUM(D23:D27) -> 0 | E28: =SUM(E23:E27) -> 0 | F28: =SUM(F23:F27) -> 0 | G28: =SUM(C28:F28) -> 0 | H28: =SUM(H23:H27) -> 0 | I28: =SUM(I23:I27) -> 0 | J28: =SUM(J23:J27) -> 0 | K28: =SUM(K23:K27) -> 0 | L28: =SUM(H28:K28) -> 0 | M28: =SUM(M23:M27) -> 0 | N28: =SUM(N23:N27) -> 0 | O28: =SUM(O23:O27) -> 0 | P28: =SUM(P23:P27) -> 0 | Q28: =SUM(M28:P28) -> 0 | U28: Total fire control staff - all disability statuses | X28: =SUM($C$59:$E$59) -> 0
U29: Total fire control staff - all religious identities | X29: =SUM($F$59:$N$59) -> 0
A31: Ethnic origin of fire control staff leaving in the latest year 1 April to 31 March | U31: Totals for each characteristic match | X31: =IF(AND(X25=X26, X25=X27, X25=X28, X25=X29), "Yes", "No") -> Yes
B32: White | C32: White | D32: White: English/ Welsh/ Scottish/ Northern Irish/ British | E32: White: Irish | F32: White: Gypsy or Irish Traveller | G32: White: Roma | H32: Any other White background | I32: Mixed or Multiple Ethnic Groups | J32: Mixed or Multiple Ethnic Groups: White and Black Caribbean | K32: Mixed or Multiple Ethnic Groups: White and Black African | L32: Mixed or Multiple Ethnic Groups: White and Asian | M32: Any other Mixed / Multiple ethnic background | U32: The total number of fire control staff reported against each diversity characteristic should be the same. If this is not possible for any reason please explain below.
A33: Group Manager | B33: 0 | C33: =SUM(D33:H33) -> 0 | I33: =SUM(J33:M33) -> 0
A34: Station Manager | B34: 0 | C34: =SUM(D34:H34) -> 0 | I34: =SUM(J34:M34) -> 0
A35: Watch Manager | B35: 0 | C35: =SUM(D35:H35) -> 0 | I35: =SUM(J35:M35) -> 0
A36: Crew Manager | B36: 0 | C36: =SUM(D36:H36) -> 0 | I36: =SUM(J36:M36) -> 0
A37: Firefighter | B37: 0 | C37: =SUM(D37:H37) -> 0 | I37: =SUM(J37:M37) -> 0
A38: Total | B38: 0 | C38: =SUM(C33:C37) -> 0 | D38: =SUM(D33:D37) -> 0 | E38: =SUM(E33:E37) -> 0 | F38: =SUM(F33:F37) -> 0 | G38: =SUM(G33:G37) -> 0 | H38: =SUM(H33:H37) -> 0 | I38: =SUM(I33:I37) -> 0 | J38: =SUM(J33:J37) -> 0 | ... M38: =SUM(M33:M37) -> 0
A41: Ethnic origin of fire control staff leaving in the latest year 1 April to 31 March
B42: Asian / Asian British | C42: Asian/Asian British | D42: Asian/Asian British: Indian | E42: Asian/Asian British: Pakistani | F42: Asian/Asian British: Bangladeshi | G42: Asian/Asian British: Chinese | H42: Any other Asian/Asian British background | I42: Black / African / Caribbean / Black British | J42: Black / African / Caribbean / Black British: African | K42: Black / African / Caribbean / Black British: Caribbean | L42: Any other Black/African/ Caribbean background | M42: Other ethnic group | N42: Other ethnic group: Arab | O42: Any other ethnic group | P42: Ethnic origin Not Stated
A43: Group Manager | B43: 0 | C43: =SUM(D43:H43) -> 0 | I43: =SUM(J43:L43) -> 0 | M43: =SUM(N43:O43) -> 0
A44: Station Manager | B44: 0 | C44: =SUM(D44:H44) -> 0 | I44: =SUM(J44:L44) -> 0 | M44: =SUM(N44:O44) -> 0
A45: Watch Manager | B45: 0 | C45: =SUM(D45:H45) -> 0 | I45: =SUM(J45:L45) -> 0 | M45: =SUM(N45:O45) -> 0
A46: Crew Manager | B46: 0 | C46: =SUM(D46:H46) -> 0 | I46: =SUM(J46:L46) -> 0 | M46: =SUM(N46:O46) -> 0
A47: Firefighter | B47: 0 | C47: =SUM(D47:H47) -> 0 | I47: =SUM(J47:L47) -> 0 | M47: =SUM(N47:O47) -> 0
A48: Total | B48: 0 | C48: =SUM(C43:C47) -> 0 | D48: =SUM(D43:D47) -> 0 | E48: =SUM(E43:E47) -> 0 | F48: =SUM(F43:F47) -> 0 | G48: =SUM(G43:G47) -> 0 | H48: =SUM(H43:H47) -> 0 | I48: =SUM(I43:I47) -> 0 | J48: =SUM(J43:J47) -> 0 | ... P48: =SUM(P43:P47) -> 0
A51: Disability of fire control staff leaving in the latest year 1 April to 31 March | F51: Religion of fire control staff leaving in the latest year 1 April to 31 March | O51: Sexual orientation of fire control staff leaving in the latest year 1 April to 31 March
C52: Disabled | D52: Not Disabled | E52: Disability Not Stated | F52: Christian | G52: Buddhist | H52: Hindu | I52: Jewish | J52: Muslim | K52: Sikh | L52: Other | M52: None | N52: Religion Not Stated | O52: Bisexual | P52: Gay/ Lesbian | Q52: Heterosexual | R52: Other | S52: Sexual orientation Not Stated
C53: dis | D53: notdis | E53: dns | F53: chr | G53: bud | H53: hin | I53: jew | J53: mus | K53: sik | L53: roth | M53: non | N53: rns | O53: bi | P53: gl | Q53: het | R53: sns | S53: sns
A54: Group Manager | B54: gm
A55: Station Manager | B55: sm
A56: Watch Manager | B56: wm
A57: Crew Manager | B57: cm
A58: Firefighter | B58: ff
A59: Total | B59: 0 | C59: =SUM(C54:C58) -> 0 | D59: =SUM(D54:D58) -> 0 | E59: =SUM(E54:E58) -> 0 | F59: =SUM(F54:F58) -> 0 | G59: =SUM(G54:G58) -> 0 | H59: =SUM(H54:H58) -> 0 | I59: =SUM(I54:I58) -> 0 | J59: =SUM(J54:J58) -> 0 | ... S59: =SUM(S54:S58) -> 0

Sheet LE4a PY
C4: LE4 | D4: =VLOOKUP(Cover!A6,Cover!B319:D331,2,FALSE) -> 2024/25 | E4: =Cover!A10 -> Shropshire
B7: Total
A8: 1a. Moving - to another FRS | B8: {=SUMPRODUCT(('LE - PY data'!$A$2:$A$10000='LE4a PY'!$C$4)*('LE - PY data'!$B$2:$B$10000='LE4a PY'!$D$4)*('LE - PY data'!$C$2:$C$10000='LE4a PY'!$E$4)*('LE - PY data'!$F$2:$F$10000='LE4a PY'!$A8)*('LE - PY data'!$G$2:$G$10000))} -> 0
A9: 1b. Moving - within FRS from operational (firefighter or control) to support staff | B9: {=SUMPRODUCT(('LE - PY data'!$A$2:$A$10000='LE4a PY'!$C$4)*('LE - PY data'!$B$2:$B$10000='LE4a PY'!$D$4)*('LE - PY data'!$C$2:$C$10000='LE4a PY'!$E$4)*('LE - PY data'!$F$2:$F$10000='LE4a PY'!$A9)*('LE - PY data'!$G$2:$G$10000))} -> 0
A10: 1. Total moving | B10: {=SUMPRODUCT(('LE - PY data'!$A$2:$A$10000='LE4a PY'!$C$4)*('LE - PY data'!$B$2:$B$10000='LE4a PY'!$D$4)*('LE - PY data'!$C$2:$C$10000='LE4a PY'!$E$4)*('LE - PY data'!$F$2:$F$10000='LE4a PY'!$A10)*('LE - PY data'!$G$2:$G$10000))} -> 0
A11: 2a. Resignation - to take up alternative employment | B11: {=SUMPRODUCT(('LE - PY data'!$A$2:$A$10000='LE4a PY'!$C$4)*('LE - PY data'!$B$2:$B$10000='LE4a PY'!$D$4)*('LE - PY data'!$C$2:$C$10000='LE4a PY'!$E$4)*('LE - PY data'!$F$2:$F$10000='LE4a PY'!$A11)*('LE - PY data'!$G$2:$G$10000))} -> 0
A12: 2b. Resignation - due to ill health | B12: {=SUMPRODUCT(('LE - PY data'!$A$2:$A$10000='LE4a PY'!$C$4)*('LE - PY data'!$B$2:$B$10000='LE4a PY'!$D$4)*('LE - PY data'!$C$2:$C$10000='LE4a PY'!$E$4)*('LE - PY data'!$F$2:$F$10000='LE4a PY'!$A12)*('LE - PY data'!$G$2:$G$10000))} -> 0
A13: 2c. Resignation - any other reason (please specify) | B13: {=SUMPRODUCT(('LE - PY data'!$A$2:$A$10000='LE4a PY'!$C$4)*('LE - PY data'!$B$2:$B$10000='LE4a PY'!$D$4)*('LE - PY data'!$C$2:$C$10000='LE4a PY'!$E$4)*('LE - PY data'!$F$2:$F$10000='LE4a PY'!$A13)*('LE - PY data'!$G$2:$G$10000))} -> 0
A14: 2. Total resignation | B14: {=SUMPRODUCT(('LE - PY data'!$A$2:$A$10000='LE4a PY'!$C$4)*('LE - PY data'!$B$2:$B$10000='LE4a PY'!$D$4)*('LE - PY data'!$C$2:$C$10000='LE4a PY'!$E$4)*('LE - PY data'!$F$2:$F$10000='LE4a PY'!$A14)*('LE - PY data'!$G$2:$G$10000))} -> 0
A15: 3a. Redundancy - compulsory | B15: {=SUMPRODUCT(('LE - PY data'!$A$2:$A$10000='LE4a PY'!$C$4)*('LE - PY data'!$B$2:$B$10000='LE4a PY'!$D$4)*('LE - PY data'!$C$2:$C$10000='LE4a PY'!$E$4)*('LE - PY data'!$F$2:$F$10000='LE4a PY'!$A15)*('LE - PY data'!$G$2:$G$10000))} -> 0
A16: 3b. Redundancy - voluntary | B16: {=SUMPRODUCT(('LE - PY data'!$A$2:$A$10000='LE4a PY'!$C$4)*('LE - PY data'!$B$2:$B$10000='LE4a PY'!$D$4)*('LE - PY data'!$C$2:$C$10000='LE4a PY'!$E$4)*('LE - PY data'!$F$2:$F$10000='LE4a PY'!$A16)*('LE - PY data'!$G$2:$G$10000))} -> 0
A17: 3. Total redundancy | B17: {=SUMPRODUCT(('LE - PY data'!$A$2:$A$10000='LE4a PY'!$C$4)*('LE - PY data'!$B$2:$B$10000='LE4a PY'!$D$4)*('LE - PY data'!$C$2:$C$10000='LE4a PY'!$E$4)*('LE - PY data'!$F$2:$F$10000='LE4a PY'!$A17)*('LE - PY data'!$G$2:$G$10000))} -> 0
A18: 4a. Retirement - early | B18: {=SUMPRODUCT(('LE - PY data'!$A$2:$A$10000='LE4a PY'!$C$4)*('LE - PY data'!$B$2:$B$10000='LE4a PY'!$D$4)*('LE - PY data'!$C$2:$C$10000='LE4a PY'!$E$4)*('LE - PY data'!$F$2:$F$10000='LE4a PY'!$A18)*('LE - PY data'!$G$2:$G$10000))} -> 0
A19: 4b. Retirement - normal | B19: {=SUMPRODUCT(('LE - PY data'!$A$2:$A$10000='LE4a PY'!$C$4)*('LE - PY data'!$B$2:$B$10000='LE4a PY'!$D$4)*('LE - PY data'!$C$2:$C$10000='LE4a PY'!$E$4)*('LE - PY data'!$F$2:$F$10000='LE4a PY'!$A19)*('LE - PY data'!$G$2:$G$10000))} -> 0
... A26: 8. Unknown / Reason for leaving not recorded | B26: {=SUMPRODUCT(('LE - PY data'!$A$2:$A$10000='LE4a PY'!$C$4)*('LE - PY data'!$B$2:$B$10000='LE4a PY'!$D$4)*('LE - PY data'!$C$2:$C$10000='LE4a PY'!$E$4)*('LE - PY data'!$F$2:$F$10000='LE4a PY'!$A26)*('LE - PY data'!$G$2:$G$10000))} -> 0
A27: Total | B27: {=SUMPRODUCT(('LE - PY data'!$A$2:$A$10000='LE4a PY'!$C$4)*('LE - PY data'!$B$2:$B$10000='LE4a PY'!$D$4)*('LE - PY data'!$C$2:$C$10000='LE4a PY'!$E$4)*('LE - PY data'!$G$2:$G$10000))} -> 0

Sheet LE4a
A5: LE4 Number of support leaving (headcount)
B7: Total staff
A8: 1a. Moving - to another FRS
A9: 1b. Moving - within FRS from support to operational (firefighter or control) staff
A10: 1. Total moving | B10: =SUM(B8:B9) -> 0
A11: 2a. Resignation - to take up alternative employment
A12: 2b. Resignation - due to ill health
A13: 2c. Resignation - any other reason (please specify)
A14: 2. Total resignation | B14: =SUM(B11:B13) -> 0
A15: 3a. Redundancy - compulsory
A16: 3b. Redundancy - voluntary
A17: 3. Total redundancy | B17: =SUM(B15:B16) -> 0
A18: 4a. Retirement - early
A19: 4b. Retirement - normal
A20: 4. Total retirement | B20: =SUM(B18:B19) -> 0
A21: 5a. Dismissal - poor performance (including failure to maintain fitness)
A22: 5b. Dismissal - disciplinary grounds
A23: 5. Total dismissal | B23: =SUM(B21:B22) -> 0
A24: 6. Deceased
A25: 7. Other (please supply details in text box below)
A26: 8. Unknown / Reason for leaving not recorded
A27: Total | B27: =SUM(B10,B14,B17,B20,B23,B24:B26) -> 0
A29: FRS Notes

Sheet LE4b
A5: LE4 Number of support staff leaving by gender, age, disability, ethnicity, religion and sexual orientation
A7: Gender and age of support staff leaving in the latest year 1 April to 31 March
C8: Age: 16 | H8: Age: 17-24 | M8: Age: 25-35 | R8: Age: 36-45 | W8: Age: 46-55
C9: Men | D9: Women | E9: Other | F9: Unknown | G9: Total | H9: Men | I9: Women | J9: Other | K9: Unknown | L9: Total | M9: Men | N9: Women | O9: Other | P9: Unknown | Q9: Total | R9: Men | S9: Women | T9: Other | U9: Unknown | V9: Total | W9: Men | X9: Women | Y9: Other | Z9: Unknown | AA9: Total
C10: 17m | D10: 17f | E10: 17f | H10: 25m | I10: 25f | J10: 25f | M10: 36m | N10: 36f | O10: 25f | R10: 36m | S10: 36f | T10: 25f | W10: 36m | X10: 36f | Y10: 25f
A11: Total | G11: =SUM(C11:F11) -> 0 | L11: =SUM(H11:K11) -> 0 | Q11: =SUM(M11:P11) -> 0 | V11: =SUM(R11:U11) -> 0 | AA11: =SUM(W11:Z11) -> 0
C14: Age: 56-65 | H14: Age: 66+ | M14: Age not stated
C15: Men | D15: Women | E15: Other | F15: Unknown | G15: Total | H15: Men | I15: Women | J15: Other | K15: Unknown | L15: Total | M15: Men | N15: Women | O15: Other | P15: Unknown | Q15: Total
C16: 56m | D16: 46f | E16: 25f | H16: ansm | I16: 56f | J16: 25f | M16: 66m | N16: 66f | O16: 25f
A17: Total | G17: =SUM(C17:F17) -> 0 | L17: =SUM(H17:K17) -> 0 | Q17: =SUM(M17:P17) -> 0
A20: Ethnic origin of support staff leaving in the latest year 1 April to 31 March
B21: White | C21: White | D21: White: English/ Welsh/ Scottish/ Northern Irish/ British | E21: White: Irish | F21: White: Gypsy or Irish Traveller | G21: White: Roma | H21: Any other White background | I21: Mixed or Multiple Ethnic Groups | J21: Mixed or Multiple Ethnic Groups: White and Black Caribbean | K21: Mixed or Multiple Ethnic Groups: White and Black African | L21: Mixed or Multiple Ethnic Groups: White and Asian | M21: Any other Mixed / Multiple ethnic background
A22: Total | C22: =SUM(D22:H22) -> 0 | I22: =SUM(J22:M22) -> 0
A25: Ethnic origin of support staff leaving in the latest year 1 April to 31 March
B26: Asian / Asian British | C26: Asian/Asian British | D26: Asian/Asian British: Indian | E26: Asian/Asian British: Pakistani | F26: Asian/Asian British: Bangladeshi | G26: Asian/Asian British: Chinese | H26: Any other Asian/Asian British background | I26: Black / African / Caribbean / Black British | J26: Black / African / Caribbean / Black British: African | K26: Black / African / Caribbean / Black British: Caribbean | L26: Any other Black/African/ Caribbean background | M26: Other ethnic group | N26: Other ethnic group: Arab | O26: Any other ethnic group | P26: Ethnic origin Not Stated
A27: Total | B27: 0 | C27: =SUM(D27:H27) -> 0 | I27: =SUM(J27:L27) -> 0 | M27: =SUM(N27:O27) -> 0
A30: Disability of support staffs leaving in the latest year 1 April to 31 March | F30: Religion of support staff leaving in the latest year 1 April to 31 March | O30: Sexual orientation of support staff leaving in the latest year 1 April to 31 March
C31: Disabled | D31: Not Disabled | E31: Disability Not Stated | F31: Christian | G31: Buddhist | H31: Hindu | I31: Jewish | J31: Muslim | K31: Sikh | L31: Other | M31: None | N31: Religion Not Stated | O31: Bisexual | P31: Gay/ Lesbian | Q31: Heterosexual | R31: Other | S31: Sexual orientation Not Stated
C32: dis | D32: notdis | E32: dns | F32: chr | G32: bud | H32: hin | I32: jew | J32: mus | K32: sik | L32: roth | M32: non | N32: rns | O32: bi | P32: gl | Q32: het | R32: sns | S32: sns
A33: Total | B33: bm
A37: Consistency QA check
A39: Total support staff - all ages | D39: =SUM($G$11+$L$11+$Q$11+$V$11+$AA$11+$G$17+$L$17+$Q$17) -> 0
A40: Total support staff - all ethnicities | D40: =C22+I22+C27+I27+M27+P27 -> 0
A41: Total support staff - all sexual orientations | D41: =SUM($O$33:$S$33) -> 0
A42: Total support staff - all disability statuses | D42: =SUM($C$33:$E$33) -> 0
A43: Total support staff - all religious identities | D43: =SUM($F$33:$N$33) -> 0
A45: Totals for each characteristic match | D45: =IF(AND(D39=D40, D39=D41, D39=D42, D39=D43), "Yes", "No") -> Yes
A47: The total number of support staff reported against each diversity characteristic should be the same. If this is not possible for any reason please explain below.

Sheet QA checks
A1: Errors | B1: =COUNTIF(4:9,"No, check notes and consider email to FRS") +COUNTIF(4:9,"Check") + COUNTIF(4:9,">0.5") -> 0
A3: LE1a - Wholetime FF | E3: LE1b - Wholetime FF | I3: LE2a - Oncall FF | M3: LE2b - Oncall FF | Q3: LE3a - Control Staff | U3: LE3b - Control Staff | Y3: LE4a - Support Staff | AC3: LE4b - Support Staff
A4: LE1a I27 = LE1b C69 + D69 + E69 | B4: =IF(LE1a!I27=SUM(LE1b!C69:E69),"Yes","No, check notes and consider email to FRS") -> Yes | E4: Totals for each characteristic match | F4: =IF(LE1b!V31="Yes","Yes","No, check notes and consider email to FRS") -> Yes | I4: LE2a G30 = LE2b C59 + D59 + E59 | J4: =IF(LE2a!G30=SUM(LE2b!C59:E59),"Yes","No, check notes and consider email to FRS") -> Yes | M4: Totals for each characteristic match | N4: =IF(LE2b!$V$31="Yes","Yes","No, check notes and consider email to FRS") -> Yes | Q4: LE3a G27 = LE2b C59 + D59 + E59 | R4: =IF(LE3a!G27=SUM(LE3b!C59:E59),"Yes","No, check notes and consider email to FRS") -> Yes | U4: Totals for each characteristic match | V4: =IF(LE3b!X31="Yes","Yes","No, check notes and consider email to FRS") -> Yes | Y4: LE4a B27 = LE4b C33 + D33+ E33 | Z4: =IF(LE4a!B27=SUM(LE4b!C33:E33),"Yes","No, check, may need to email FRS") -> Yes | AC4: Totals for each characteristic match | AD4: =IF(LE4b!D45="Yes","Yes","No,check, may need to email FRS") -> Yes
A5: Wholetime FF change on PY | B5: =IF(OR(AND((LE1a!$I$27-'LE1a PY'!$I$27)/'LE1a PY'!$I$27 > 0.5, LE1a!$I$27-'LE1a PY'!$I$27 >= 10), AND((LE1a!$I$27-'LE1a PY'!$I$27)/'LE1a PY'!$I$27 < -0.5, LE1a!$I$27-'LE1a PY'!$I$27 <= -10)),"Check","Pass") -> #DIV/0! | E5: Unknown gender | F5: =SUM(LE1b!F19,LE1b!K19,LE1b!P19,LE1b!U19,LE1b!F32,LE1b!K32,LE1b!P32)/LE1b!V25 -> #DIV/0! | I5: On-call FF change on PY | J5: =IF(OR(AND((LE2a!$G$30-'LE2a PY'!G27)/'LE2a PY'!G27>0.5,LE2a!G30-'LE2a PY'!G27>=10),AND((LE2a!$G$30-'LE2a PY'!$G$27)/'LE2a PY'!$G$27<-0.5,LE2a!$G$30-'LE2a PY'!$G$27<=-10)),"Check","Pass") -> #DIV/0! | M5: Unknown gender | N5: =SUM(LE2b!F17,LE2b!K17,LE2b!P17,LE2b!U17,LE2b!F28,LE2b!K28,LE2b!P28)/LE2b!V25 -> #DIV/0! | Q5: Control staff change on PY | R5: =IF(OR(AND((LE3a!$G$27-'LE3a PY'!$G$27)/'LE3a PY'!G27>0.5,LE3a!$G$27-'LE3a PY'!$G$27>=10),AND((LE3a!$G$27-'LE3a PY'!$G$27)/'LE3a PY'!G27<-0.5,LE3a!$G$27-'LE3a PY'!$G$27<=-10)),"Check","Pass") -> #DIV/0! | U5: Unknown gender | V5: =SUM(LE3b!F17,LE3b!K17,LE3b!P17,LE3b!U17,LE3b!Z17,LE3b!F28,LE3b!K28,LE3b!P28)/LE3b!X25 -> #DIV/0! | Y5: WT FF change on PY | Z5: =IF(OR(AND((LE4a!$B$27-'LE4a PY'!$B$27)/'LE4a PY'!O27>0.5,LE4a!$B$27-'LE4a PY'!$B$27>=10),AND((LE4a!$B$27-'LE4a PY'!$B$27)/'LE4a PY'!O27<-0.5,LE4a!$B$27-'LE4a PY'!$B$27<=-10)),"Check","Pass") -> #DIV/0! | AC5: Unknown gender | AD5: =SUM(LE4b!F11,LE4b!K11,LE4b!P11,LE4b!U11,LE4b!Z11,LE4b!F17,LE4b!K17,LE4b!P17)/LE4b!D39 -> #DIV/0!
E6: Not stated ethnicity | F6: =LE1b!P56/LE1b!V26 -> #DIV/0! | I6: Leaver rate | M6: Not stated ethnicity | N6: =LE2b!P48/LE2b!V26 -> #DIV/0! | Q6: Leaver rate | U6: Not stated ethnicity | V6: =LE3b!P48/LE3b!X26 -> #DIV/0! | Y6: Leaver rate | AC6: Not stated ethnicity | AD6: =LE4b!P27/LE4b!D40 -> #DIV/0!
E7: Not stated disability | F7: =LE1b!E69/LE1b!V28 -> #DIV/0! | M7: Not stated disability | N7: =LE2b!E59/LE2b!V28 -> #DIV/0! | U7: Not stated disability | V7: =LE3b!E59/LE3b!X28 -> #DIV/0! | AC7: Not stated disability | AD7: =LE4b!E33/LE4b!D42 -> #DIV/0!
E8: Not stated religion | F8: =LE1b!N69/LE1b!V29 -> #DIV/0! | M8: Not stated religion | N8: =LE2b!N59/LE2b!V29 -> #DIV/0! | U8: Not stated religion | V8: =LE3b!N59/LE3b!X29 -> #DIV/0! | AC8: Not stated religion | AD8: =LE4b!N33/LE4b!D43 -> #DIV/0!
E9: Not stated sexual orientation | F9: =LE1b!S69/LE1b!V27 -> #DIV/0! | M9: Not stated sexual orientation | N9: =LE2b!S59/LE2b!V27 -> #DIV/0! | U9: Not stated sexual orientation | V9: =LE3b!S59/LE3b!X27 -> #DIV/0! | AC9: Not stated sexual orientation | AD9: =LE4b!S33/LE4b!D41 -> #DIV/0!

Sheet QA check thresholds
A1: Absolute value threshold | C1: Percentage thresholds
A2: 500 | C2: 0.6
A3: 150 | C3: 1.4
A4: 30
