Workbook
Name _Toc257106251: Guidance!$A$1
Name _Toc257106252: Guidance!#REF!
Name Data: #REF!
Name Data: #REF!
Name Data: #REF!
Name Data: #REF!
Name Data: #REF!
Name Data: #REF!
Name HR1_formula: 'HR1'!$X$12:$AW$26
Name HR1_formula: #REF!
Name HR2_formula: 'HR2'!$AF$11:$BH$66
Name HR2_formula: 'HR3'!$AD$11:$BF$49
Name HR2_formula: 'HR4'!$AD$11:$BF$49
Name HR2_formula: 'HR5'!$AD$11:$BF$31
Name HR2_formula: #REF!
Name HR3_formula: #REF!
Name HR4_formula: #REF!
Name HR4_formula: #REF!
Name HR5_formula: #REF!

Sheet Cover
A6: 2025_26
A7: Operational Statistics Collection
A8: Human resources (HR) Incomplete Ethnicity
A10: =VLOOKUP(B250,B251:D316,2,FALSE) -> Avon
A11: =VLOOKUP(B250,B251:D316,3,FALSE) -> E31000001
A13: Index of Tables | B13: Description
A14: HR1 | B14: Staff strength by rank and contract type (full time equivalent)
A15: HR2 | B15: Wholetime firefighters by gender identity, age, disability, ethnicity, religion and sexual orientation (headcount)
A16: HR3 | B16: On call firefighters by gender identity, age, disability, ethnicity, religion and sexual orientation (headcount)
A17: HR4 | B17: Fire Control personnel by gender identity, age, disability, ethnicity, religion and sexual orientation (headcount)
A18: HR5 | B18: Support Staff by gender identity, age, disability, ethnicity, religion and sexual orientation (headcount)
A19: HR6 | B19: New joiners by gender identity, age and ethnicity (headcount)
A20: HR7 | B20: Number of apprentices by gender identity, ethnicity and age (headcount)
A21: Guidance | B21: Guidance notes
A23: QA checks
A24: Following data entry please review the QA checks on the right hand side / below the cells in which data has been inputted. Where possible, please resolve any highlighted issues and provide explanatory commentary where necessary.
A26: Please complete by Friday 1 May 2026 and send the spreadsheet as an attachment via e-mail to firestatistics@homeoffice.gov.uk
A28: Contact
A29: E-mail Address
A31: If you have any comments on the data submitted please provide them in the box below. If not, please leave blank.
A250: FRS Selector>>>>> | B250: 1 | C250: =MAX(B251:B316) -> 45
B251: 1 | C251: Avon | D251: E31000001
B252: 2 | C252: Bedfordshire | D252: E31000002
B253: 3 | C253: Berkshire | D253: E31000003
B254: 4 | C254: Buckinghamshire | D254: E31000004
B255: 5 | C255: Cambridgeshire | D255: E31000005
B256: 6 | C256: Cheshire | D256: E31000006
B257: 7 | C257: Cleveland | D257: E31000007
B258: 8 | C258: Cornwall | D258: E31000008
B259: 9 | C259: Cumbria | D259: E31000009
B260: 10 | C260: Derbyshire | D260: E31000010
B261: 11 | C261: Devon and Somerset | D261: E31000011
B262: 12 | C262: Dorset and Wiltshire | D262: E31000047
... B295: 45 | C295: North West Fire Control | D295: NWFC
B316: 0 | C316: Template FRS | D316: 0
B319: 2024_25 | C319: 2024 | D319: 2023/24
B320: 2025_26 | C320: 2025 | D320: 2024/25
B321: 2026_27 | C321: 2026 | D321: 2025/26
B322: 2027_28 | C322: 2027 | D322: 2026/27
B323: 2028_29 | C323: 2028 | D323: 2027/28
B324: 2029_30 | C324: 2029 | D324: 2028/29
D325: 2029/30

Sheet Guidance
A1: Guidance notes for the completion of the Human Resources Forms (HR1-7)
A3: The HR returns (HR1-H7) collect information on:
A4: > Staff numbers by role and rank
A5: > Number of staff by protected characteristics, covering gender, age, ethnicity, religion, disability, and sexual orientation of FRS staff
A6: > Number of new staff joining FRSs by role
A7: > Number of apprentices employed by FRSs
A9: Information from these returns is used to:
A10: > Monitor the FRS workforce size, including number of new joiners and apprentices
A11: > Monitor the equality and diversity in the Fire and Rescue Service, as per the Department's statutory duty to promote equality across its areas of responsibility under the Equalities Act
A12: > Produce quality-assured figures of numbers of staff for trends both locally and nationally.
A13: > Model workforce composition
A15: The collections on joiners and apprentices are used to:
... A21: Definitions
A22: FRS staff: | B22: FRS staff include personnel employed directly by the Fire and Rescue Authorities across all duty systems. The returns should include:
B23: > All staff on permanent contracts at 31 March 2026
B24: > New temporary and fixed-term staff at 31 March 2026 are to be counted in the temporary or fixed term role held on that day
B25: > Secondees at 31 March 2026 and the FRS is paying their salaries
B26: > Paid apprentices at 31 March 2026
B27: Personnel to be excluded are:
B28: > Agency staff employed for less that a year at 31 March 2026
B29: > Casual staff employed for less than a year at 31 March 2026
B30: > Personnel employed by outside contractors
B31: > Secondees at 31 March 2026 if the FRS is not paying their salaries
B32: > Volunteers
B33: Staff who are on temporary promotion at 31 March 2026 are to be counted in the temporary role held on that day.
B34: Personnel who are over normal retirement age and are still employed by the FRS should be included in the annual returns.
B35: Anyone with 2 contracts of employment should be counted twice in the returns. For example, if a member of staff is employed with a retained and wholetime contract they should be recorded in both the retained duty system and wholetime tables.
A37: Full-time equivalent: | B37: Full-time officers and staff are counted as 1.0, and part-time are counted according to the proportion of full-time worked (for example, a firefighter working 60 per cent of full-time hours is counted as 0.6).
A38: 24-hour units of cover: | B38: Retained firefighters respond, when required, during their ‘on-call’ hours. Therefore, it is more appropriate to calculate their employment in 24-hours of cover, to determine whether this cover is sufficient to fulfil operational commitments.
B39: A single 24 hour unit of cover is equivalent to 120 hours a week. Therefore, a person providing 96 hours of cover a week is 0.8 of a post, 90 hours is 0.75 and 60 hours 0.5.
B40: However, staff might not be employed for an entire hour. Units should be calculated as a percentage of the time spent on call:
B41: Full hours = 1 unit
B42: 45 minutes = 0.75 units
B43: 30 minutes = 0.5 units
B44: 15 minutes = 0.25 units
B45: For example, if a firefighter was employed for 2 hours and 15 minutes, the number of units should be calculated as follows:
B46: 2 units at 100% (full hour) = 2
B47: 1 units at 0.25% (quarter of an hour) = 0.25
A48: Headcount: | B48: Actual total physical number of people employed by the FRS
A49: Brigade Manager: | B49: Includes Chief Fire Officer (CFO), Deputy Chief Fire Officer (DCFO) and Assistant Chief Fire Officer (ACFO). Brigade managers will take charge of incidents of 10 pumps or more.
A50: Area Manager: | B50: Staff responsible for heading a directorate in the organisation. Will take charge of an incident of up to 9 pumps or undertake specialist tasks as support at an incident.
A51: Group Manager: | B51: Group managers undertake specialist duties in a number of different disciplines such as fire safety, operations and training.
A52: Station Manager: | B52: Station Managers will manage one or more fire stations and are responsible for all service delivery matters for that station(s). They can also undertake specialist duties. Will take charge of an incident of up to 6 pumps or undertake specialist tasks as support at an incident.
A53: Watch Manager: | B53: Watch Managers lead larger groups of personnel and in the retained service will be in charge of a fire station. They will attend incidents as officer in charge of an appliance and will also take command of incidents involving up to 3 pumping appliances. Amongst their duties, they also undertake specialist duties such as training or fire safety.
A54: Crew Manager: | B54: Crew Managers lead a small team on a specific task but can take charge of incidents involving up to 3 pumping appliances.
A55: Firefighter: | B55: Trained staff carrying out day-to-day firefighting and fire safety work.
A56: Wholetime firefighter: | B56: A person employed as a full-time firefighter, regardless of their rank (including riders, non-operational staff and flexible duty officers, and recruits in training).
A57: On-call firefighter: | B57: On-call firefighters (i.e. those on the Retained Duty System, RDS) respond when required during their ‘on-call’ hours to their nominated station, which should be close to where they live or work. They are trained to deal with a range of situations, including fires, road traffic incidents, dealing with hazardous materials and floods. This may also include fire safety work. On-call staff could have an alternative full time employment.
B58: For total on-call staff strength calculated in 24-hour units, please record the number of on-call firefighters in post calculated in 24-hour units of cover (See definition on 24-hour units of cover) at 31 March 2026.
B59: An on-call firefighter who is filling multiple posts and has separate contracts of employment for each post within the FRA should be counted twice on the return.
A60: On-call staff on separate contracts: | B60: It is acknowledged that a number of FRSs are now contracting individuals on a wide range of contracts to meet local circumstances and needs.
B61: For example, this category includes wholetime operational staff providing retained cover or members of staff from technical rescue on a dual contract.
B62: However, the column for recording staff on separate contracts should not include day-crewing or nucleus-crewing personnel who are, in effect, providing some retained cover, but do this as part of their normal single contract.
B63: For the purposes of this column only, those personnel who are wholetime in 1 FRS and have a retained commitment in another, should be recorded separately by each relevant FRS in the appropriate and relevant category. For example, if a firefighter is wholetime in FRS A but with an RDS contract in FRS B, then FRS A should record them as 1 wholetime firefighter, and FRS B should record them as 1 RDS firefighter.
A64: Part of wholetime contract | B64: Provide level of retained staff in 24-hours of cover who have a part wholetime contract. For example, wholetime personnel who are, in effect, providing some retained cover but do this as part of their normal single contract.
A65: Fire Control personnel: | B65: Uniformed personnel who are employed to work in fire and rescue service control centres to answer emergency calls and deal with mobilising, communications and related activities, regardless of rank.
B66: Fire control staff detached to work in other departments or are undertaking special projects should be included in HR4.
B67: These should be recorded in full time equivalents (FTEs). Staff on temporary promotion at 31 March 2026 should be counted for strength purposes only in the temporary role held on that day.
A68: Support staff: | B68: Support staff employed by the FRS. It includes for example administrative roles, clerical support, finance, vehicle maintenance, property management etc.
A69: Gender Identity: | B69: This is to be recorded as gender identity rather than gender as previously. If you are unable to provide gender identity figures (to any level of quality) please provide information for gender or sex in this collection and ensure that is noted.
B70: Guidance on reporting gender identity can be found here:
B71: https://analysisfunction.civilservice.gov.uk/policy-store/gender-identity/
B72: The categories provided are "Male", "Female", "Other" and "Unknown". Anyone choosing "prefer not to say" or similar terms should be included in "unknown". While we acknowledge there are many other gender identity categories, the "Other" category is currently being used while the central government Analysis Function draft and update their guidance on gender harmonisation standard.
A73: Age groups: | B73: Staff should be entered in the appropriate age categories in sheets HR2-7.
B74: If the age is not known or staff have opted for "prefer not to say" or similar terms, please record under ‘Not stated’.
A75: Ethnicity: | B75: From the data collection in 2026 (data for 2025/26), the ethnicity categories align to the central government Analysis Function ethnicity harmonisation standard.
B76: https://analysisfunction.civilservice.gov.uk/policy-store/ethnicity-harmonised-standard/
B77: Data for ethnicity are collected from the following categories and sub-categories:
B78: o White
B79: → | C79: English/ Welsh/ Scottish/ Northern Irish/ British
B80: → | C80: Irish
B81: → | C81: Gypsy or Irish Traveller
B82: → | C82: Roma
B83: → | C83: Any other White background
B84: o Mixed or Multiple Ethnic Groups
B85: → | C85: White and Black Caribbean
B86: → | C86: White and Black African
B87: → | C87: White and Asian
B88: → | C88: Any other Mixed / Multiple ethnic background
B89: o Asian / Asian British
B90: → | C90: Indian
B91: → | C91: Pakistani
B92: → | C92: Bangladeshi
B93: → | C93: Chinese
B94: → | C94: Any other Asian
B95: o Black / African / Caribbean / Black British
B96: → | C96: African
B97: → | C97: Caribbean
B98: → | C98: Any other Black / African / Caribbean
B99: o Other
B100: → | C100: Arab
B101: → | C101: Any other ethnic group
B102: o Ethnic origin Not Stated
B103: If the ethnicity is not known or staff have opted for "prefer not to say" or similar terms, please record under ‘Not stated’.
A104: Disability: | B104: As defined in the Equality Act 2010. A person has a disability if:
B105: a) they have a physical or mental impairment
B106: b) the impairment has a substantial and long-term adverse effect on their ability to perform normal day-to-day activities
B107: If disability status is not known or staff have opted for "prefer not to say" or similar terms, please record under ‘Not stated’.
A108: Sexual orientation: | B108: Data on sexual orientation are collected for the following categories:
B109: o Bisexual
...

Sheet HR1 - PY data
A1: SHEET | B1: CALENDAR_YEAR | C1: FRS_NAME | D1: ROLE | E1: RANK | F1: TOTAL

Sheet HR1 PY
C4: HR1 | D4: =VLOOKUP(Cover!A6,Cover!B319:D335,2,FALSE) -> 2025 | E4: =Cover!A10 -> Avon
B11: Wholetime firefighters | C11: On call firefighters | D11: On call firefighters (separate contract) | E11: On call firefighters (part of wholetime contract) | F11: Fire Control
A12: Brigade Manager | B12: {=SUMPRODUCT(('HR1 - PY data'!$A$2:$A$49952=$C$4)*('HR1 - PY data'!$B$2:$B$49952=$D$4)*('HR1 - PY data'!$C$2:$C$49952=$E$4)*('HR1 - PY data'!$D$2:$D$49952=B$11)*('HR1 - PY data'!$E$2:$E$49952=$A12)*('HR1 - PY data'!$F$2:$F49952))} -> 0
A13: Area Manager | B13: {=SUMPRODUCT(('HR1 - PY data'!$A$2:$A$49952=$C$4)*('HR1 - PY data'!$B$2:$B$49952=$D$4)*('HR1 - PY data'!$C$2:$C$49952=$E$4)*('HR1 - PY data'!$D$2:$D$49952=B$11)*('HR1 - PY data'!$E$2:$E$49952=$A13)*('HR1 - PY data'!$F$2:$F49952))} -> 0
A14: Group Manager | B14: {=SUMPRODUCT(('HR1 - PY data'!$A$2:$A$49952=$C$4)*('HR1 - PY data'!$B$2:$B$49952=$D$4)*('HR1 - PY data'!$C$2:$C$49952=$E$4)*('HR1 - PY data'!$D$2:$D$49952=B$11)*('HR1 - PY data'!$E$2:$E$49952=$A14)*('HR1 - PY data'!$F$2:$F49952))} -> 0 | C14: {=SUMPRODUCT(('HR1 - PY data'!$A$2:$A$49952=$C$4)*('HR1 - PY data'!$B$2:$B$49952=$D$4)*('HR1 - PY data'!$C$2:$C$49952=$E$4)*('HR1 - PY data'!$D$2:$D$49952=C$11)*('HR1 - PY data'!$E$2:$E$49952=$A14)*('HR1 - PY data'!$F$2:$F49952))} -> 0 | D14: {=SUMPRODUCT(('HR1 - PY data'!$A$2:$A$49952=$C$4)*('HR1 - PY data'!$B$2:$B$49952=$D$4)*('HR1 - PY data'!$C$2:$C$49952=$E$4)*('HR1 - PY data'!$D$2:$D$49952=D$11)*('HR1 - PY data'!$E$2:$E$49952=$A14)*('HR1 - PY data'!$F$2:$F49952))} -> 0 | E14: {=SUMPRODUCT(('HR1 - PY data'!$A$2:$A$49952=$C$4)*('HR1 - PY data'!$B$2:$B$49952=$D$4)*('HR1 - PY data'!$C$2:$C$49952=$E$4)*('HR1 - PY data'!$D$2:$D$49952=E$11)*('HR1 - PY data'!$E$2:$E$49952=$A14)*('HR1 - PY data'!$F$2:$F49952))} -> 0 | F14: {=SUMPRODUCT(('HR1 - PY data'!$A$2:$A$49952=$C$4)*('HR1 - PY data'!$B$2:$B$49952=$D$4)*('HR1 - PY data'!$C$2:$C$49952=$E$4)*('HR1 - PY data'!$D$2:$D$49952=F$11)*('HR1 - PY data'!$E$2:$E$49952=$A14)*('HR1 - PY data'!$F$2:$F49952))} -> 0
A15: Station Manager | B15: {=SUMPRODUCT(('HR1 - PY data'!$A$2:$A$49952=$C$4)*('HR1 - PY data'!$B$2:$B$49952=$D$4)*('HR1 - PY data'!$C$2:$C$49952=$E$4)*('HR1 - PY data'!$D$2:$D$49952=B$11)*('HR1 - PY data'!$E$2:$E$49952=$A15)*('HR1 - PY data'!$F$2:$F49952))} -> 0 | C15: {=SUMPRODUCT(('HR1 - PY data'!$A$2:$A$49952=$C$4)*('HR1 - PY data'!$B$2:$B$49952=$D$4)*('HR1 - PY data'!$C$2:$C$49952=$E$4)*('HR1 - PY data'!$D$2:$D$49952=C$11)*('HR1 - PY data'!$E$2:$E$49952=$A15)*('HR1 - PY data'!$F$2:$F49952))} -> 0 | D15: {=SUMPRODUCT(('HR1 - PY data'!$A$2:$A$49952=$C$4)*('HR1 - PY data'!$B$2:$B$49952=$D$4)*('HR1 - PY data'!$C$2:$C$49952=$E$4)*('HR1 - PY data'!$D$2:$D$49952=D$11)*('HR1 - PY data'!$E$2:$E$49952=$A15)*('HR1 - PY data'!$F$2:$F49952))} -> 0 | E15: {=SUMPRODUCT(('HR1 - PY data'!$A$2:$A$49952=$C$4)*('HR1 - PY data'!$B$2:$B$49952=$D$4)*('HR1 - PY data'!$C$2:$C$49952=$E$4)*('HR1 - PY data'!$D$2:$D$49952=E$11)*('HR1 - PY data'!$E$2:$E$49952=$A15)*('HR1 - PY data'!$F$2:$F49952))} -> 0 | F15: {=SUMPRODUCT(('HR1 - PY data'!$A$2:$A$49952=$C$4)*('HR1 - PY data'!$B$2:$B$49952=$D$4)*('HR1 - PY data'!$C$2:$C$49952=$E$4)*('HR1 - PY data'!$D$2:$D$49952=F$11)*('HR1 - PY data'!$E$2:$E$49952=$A15)*('HR1 - PY data'!$F$2:$F49952))} -> 0
A16: Watch Manager | B16: {=SUMPRODUCT(('HR1 - PY data'!$A$2:$A$49952=$C$4)*('HR1 - PY data'!$B$2:$B$49952=$D$4)*('HR1 - PY data'!$C$2:$C$49952=$E$4)*('HR1 - PY data'!$D$2:$D$49952=B$11)*('HR1 - PY data'!$E$2:$E$49952=$A16)*('HR1 - PY data'!$F$2:$F49952))} -> 0 | C16: {=SUMPRODUCT(('HR1 - PY data'!$A$2:$A$49952=$C$4)*('HR1 - PY data'!$B$2:$B$49952=$D$4)*('HR1 - PY data'!$C$2:$C$49952=$E$4)*('HR1 - PY data'!$D$2:$D$49952=C$11)*('HR1 - PY data'!$E$2:$E$49952=$A16)*('HR1 - PY data'!$F$2:$F49952))} -> 0 | D16: {=SUMPRODUCT(('HR1 - PY data'!$A$2:$A$49952=$C$4)*('HR1 - PY data'!$B$2:$B$49952=$D$4)*('HR1 - PY data'!$C$2:$C$49952=$E$4)*('HR1 - PY data'!$D$2:$D$49952=D$11)*('HR1 - PY data'!$E$2:$E$49952=$A16)*('HR1 - PY data'!$F$2:$F49952))} -> 0 | E16: {=SUMPRODUCT(('HR1 - PY data'!$A$2:$A$49952=$C$4)*('HR1 - PY data'!$B$2:$B$49952=$D$4)*('HR1 - PY data'!$C$2:$C$49952=$E$4)*('HR1 - PY data'!$D$2:$D$49952=E$11)*('HR1 - PY data'!$E$2:$E$49952=$A16)*('HR1 - PY data'!$F$2:$F49952))} -> 0 | F16: {=SUMPRODUCT(('HR1 - PY data'!$A$2:$A$49952=$C$4)*('HR1 - PY data'!$B$2:$B$49952=$D$4)*('HR1 - PY data'!$C$2:$C$49952=$E$4)*('HR1 - PY data'!$D$2:$D$49952=F$11)*('HR1 - PY data'!$E$2:$E$49952=$A16)*('HR1 - PY data'!$F$2:$F49952))} -> 0
A17: Crew Manager | B17: {=SUMPRODUCT(('HR1 - PY data'!$A$2:$A$49952=$C$4)*('HR1 - PY data'!$B$2:$B$49952=$D$4)*('HR1 - PY data'!$C$2:$C$49952=$E$4)*('HR1 - PY data'!$D$2:$D$49952=B$11)*('HR1 - PY data'!$E$2:$E$49952=$A17)*('HR1 - PY data'!$F$2:$F49952))} -> 0 | C17: {=SUMPRODUCT(('HR1 - PY data'!$A$2:$A$49952=$C$4)*('HR1 - PY data'!$B$2:$B$49952=$D$4)*('HR1 - PY data'!$C$2:$C$49952=$E$4)*('HR1 - PY data'!$D$2:$D$49952=C$11)*('HR1 - PY data'!$E$2:$E$49952=$A17)*('HR1 - PY data'!$F$2:$F49952))} -> 0 | D17: {=SUMPRODUCT(('HR1 - PY data'!$A$2:$A$49952=$C$4)*('HR1 - PY data'!$B$2:$B$49952=$D$4)*('HR1 - PY data'!$C$2:$C$49952=$E$4)*('HR1 - PY data'!$D$2:$D$49952=D$11)*('HR1 - PY data'!$E$2:$E$49952=$A17)*('HR1 - PY data'!$F$2:$F49952))} -> 0 | E17: {=SUMPRODUCT(('HR1 - PY data'!$A$2:$A$49952=$C$4)*('HR1 - PY data'!$B$2:$B$49952=$D$4)*('HR1 - PY data'!$C$2:$C$49952=$E$4)*('HR1 - PY data'!$D$2:$D$49952=E$11)*('HR1 - PY data'!$E$2:$E$49952=$A17)*('HR1 - PY data'!$F$2:$F49952))} -> 0 | F17: {=SUMPRODUCT(('HR1 - PY data'!$A$2:$A$49952=$C$4)*('HR1 - PY data'!$B$2:$B$49952=$D$4)*('HR1 - PY data'!$C$2:$C$49952=$E$4)*('HR1 - PY data'!$D$2:$D$49952=F$11)*('HR1 - PY data'!$E$2:$E$49952=$A17)*('HR1 - PY data'!$F$2:$F49952))} -> 0
A18: Firefighter | B18: {=SUMPRODUCT(('HR1 - PY data'!$A$2:$A$49952=$C$4)*('HR1 - PY data'!$B$2:$B$49952=$D$4)*('HR1 - PY data'!$C$2:$C$49952=$E$4)*('HR1 - PY data'!$D$2:$D$49952=B$11)*('HR1 - PY data'!$E$2:$E$49952=$A18)*('HR1 - PY data'!$F$2:$F49952))} -> 0 | C18: {=SUMPRODUCT(('HR1 - PY data'!$A$2:$A$49952=$C$4)*('HR1 - PY data'!$B$2:$B$49952=$D$4)*('HR1 - PY data'!$C$2:$C$49952=$E$4)*('HR1 - PY data'!$D$2:$D$49952=C$11)*('HR1 - PY data'!$E$2:$E$49952=$A18)*('HR1 - PY data'!$F$2:$F49952))} -> 0 | D18: {=SUMPRODUCT(('HR1 - PY data'!$A$2:$A$49952=$C$4)*('HR1 - PY data'!$B$2:$B$49952=$D$4)*('HR1 - PY data'!$C$2:$C$49952=$E$4)*('HR1 - PY data'!$D$2:$D$49952=D$11)*('HR1 - PY data'!$E$2:$E$49952=$A18)*('HR1 - PY data'!$F$2:$F49952))} -> 0 | E18: {=SUMPRODUCT(('HR1 - PY data'!$A$2:$A$49952=$C$4)*('HR1 - PY data'!$B$2:$B$49952=$D$4)*('HR1 - PY data'!$C$2:$C$49952=$E$4)*('HR1 - PY data'!$D$2:$D$49952=E$11)*('HR1 - PY data'!$E$2:$E$49952=$A18)*('HR1 - PY data'!$F$2:$F49952))} -> 0 | F18: {=SUMPRODUCT(('HR1 - PY data'!$A$2:$A$49952=$C$4)*('HR1 - PY data'!$B$2:$B$49952=$D$4)*('HR1 - PY data'!$C$2:$C$49952=$E$4)*('HR1 - PY data'!$D$2:$D$49952=F$11)*('HR1 - PY data'!$E$2:$E$49952=$A18)*('HR1 - PY data'!$F$2:$F49952))} -> 0
A19: Total | B19: =SUM(B12:B18) -> 0 | C19: =SUM(C12:C18) -> 0 | D19: =SUM(D12:D18) -> 0 | E19: =SUM(E12:E18) -> 0 | F19: =SUM(F12:F18) -> 0
B25: Support staff
A26: Total | B26: {=SUMPRODUCT(('HR1 - PY data'!$A$2:$A$49952=$C$4)*('HR1 - PY data'!$B$2:$B$49952=$D$4)*('HR1 - PY data'!$C$2:$C$49952=$E$4)*('HR1 - PY data'!$D$2:$D$49952=B$25)*('HR1 - PY data'!$E$2:$E$49952=$A26)*('HR1 - PY data'!$F$2:$F49952))} -> 0

Sheet HR1
A6: HR1 - Staff strength by role and contract type
A8: By role and contract type at 31st March 2026: | H8: QA checks versus data submitted last year
B9: Wholetime Firefighters (FTE) | C9: On call firefighters (FTE, in 24 hour units of cover) | F9: Fire Control Staff (FTE) | H9: Cells highlighted yellow following data entry indicate a significant change between the figures inputted this year relative to the previous year. Please double check the relevant figures prior to submitting this return and provide explanatory commentary below if necessary.
C11: All on call staff | D11: Of which also wholetime but on separate contract | E11: Of which part of wholetime contract
A12: Brigade Manager
A13: Area Manager
A14: Group Manager
A15: Station Manager
A16: Watch Manager
A17: Crew Manager
A18: Firefighter
A19: Total | B19: =SUM(B12:B18) -> 0 | C19: =SUM(C12:C18) -> 0 | D19: =SUM(D14:D18) -> 0 | E19: =SUM(E14:E18) -> 0 | F19: =SUM(F12:F18) -> 0
A24: Support staff at 31st March 2026:
B25: Support Staff (FTE)
A26: Total

Sheet HR2to5 - PY data
A1: SHEET | B1: CALENDAR_YEAR | C1: FRS_NAME | D1: ROLE | E1: RANK | F1: DIVERSITY_CHARACTERISTIC | G1: TOTAL

Sheet HR2 PY
C4: HR2 | D4: =VLOOKUP(Cover!A6,Cover!B319:D335,2,FALSE) -> 2025 | E4: =Cover!A10 -> Avon
B10: Men_17to24 | C10: Women_17to24 | D10: Other_17to24 | E10: Unknown_17to24 | F10: Total | G10: Men_25to35 | H10: Women_25to35 | I10: Other_25to35 | J10: Unknown_25to35 | K10: Total | L10: Men_36to45 | M10: Women_36to45 | N10: Other_36to45 | O10: Unknown_36to45 | P10: Total | Q10: Men_46to55 | R10: Women_46to55 | S10: Other_46to55 | T10: Unknown_46to55 | U10: Total
A11: Brigade Manager | B11: {=SUMPRODUCT(('HR2to5 - PY data'!$A$2:$A$48992=$C$4)*('HR2to5 - PY data'!$B$2:$B$48992=$D$4)*('HR2to5 - PY data'!$C$2:$C$48992=$E$4)*('HR2to5 - PY data'!$F$2:$F$48992=B$10)*('HR2to5 - PY data'!$E$2:$E$48992=$A11)*('HR2to5 - PY data'!$G$2:$G$48992))} -> 0 | C11: {=SUMPRODUCT(('HR2to5 - PY data'!$A$2:$A$48992=$C$4)*('HR2to5 - PY data'!$B$2:$B$48992=$D$4)*('HR2to5 - PY data'!$C$2:$C$48992=$E$4)*('HR2to5 - PY data'!$F$2:$F$48992=C$10)*('HR2to5 - PY data'!$E$2:$E$48992=$A11)*('HR2to5 - PY data'!$G$2:$G$48992))} -> 0 | D11: {=SUMPRODUCT(('HR2to5 - PY data'!$A$2:$A$48992=$C$4)*('HR2to5 - PY data'!$B$2:$B$48992=$D$4)*('HR2to5 - PY data'!$C$2:$C$48992=$E$4)*('HR2to5 - PY data'!$F$2:$F$48992=D$10)*('HR2to5 - PY data'!$E$2:$E$48992=$A11)*('HR2to5 - PY data'!$G$2:$G$48992))} -> 0 | E11: {=SUMPRODUCT(('HR2to5 - PY data'!$A$2:$A$48992=$C$4)*('HR2to5 - PY data'!$B$2:$B$48992=$D$4)*('HR2to5 - PY data'!$C$2:$C$48992=$E$4)*('HR2to5 - PY data'!$F$2:$F$48992=E$10)*('HR2to5 - PY data'!$E$2:$E$48992=$A11)*('HR2to5 - PY data'!$G$2:$G$48992))} -> 0 | F11: =SUM(B11:E11) -> 0 | G11: {=SUMPRODUCT(('HR2to5 - PY data'!$A$2:$A$48992=$C$4)*('HR2to5 - PY data'!$B$2:$B$48992=$D$4)*('HR2to5 - PY data'!$C$2:$C$48992=$E$4)*('HR2to5 - PY data'!$F$2:$F$48992=G$10)*('HR2to5 - PY data'!$E$2:$E$48992=$A11)*('HR2to5 - PY data'!$G$2:$G$48992))} -> 0 | H11: {=SUMPRODUCT(('HR2to5 - PY data'!$A$2:$A$48992=$C$4)*('HR2to5 - PY data'!$B$2:$B$48992=$D$4)*('HR2to5 - PY data'!$C$2:$C$48992=$E$4)*('HR2to5 - PY data'!$F$2:$F$48992=H$10)*('HR2to5 - PY data'!$E$2:$E$48992=$A11)*('HR2to5 - PY data'!$G$2:$G$48992))} -> 0 | I11: {=SUMPRODUCT(('HR2to5 - PY data'!$A$2:$A$48992=$C$4)*('HR2to5 - PY data'!$B$2:$B$48992=$D$4)*('HR2to5 - PY data'!$C$2:$C$48992=$E$4)*('HR2to5 - PY data'!$F$2:$F$48992=I$10)*('HR2to5 - PY data'!$E$2:$E$48992=$A11)*('HR2to5 - PY data'!$G$2:$G$48992))} -> 0 | J11: {=SUMPRODUCT(('HR2to5 - PY data'!$A$2:$A$48992=$C$4)*('HR2to5 - PY data'!$B$2:$B$48992=$D$4)*('HR2to5 - PY data'!$C$2:$C$48992=$E$4)*('HR2to5 - PY data'!$F$2:$F$48992=J$10)*('HR2to5 - PY data'!$E$2:$E$48992=$A11)*('HR2to5 - PY data'!$G$2:$G$48992))} -> 0 | K11: =SUM(G11:J11) -> 0 | L11: {=SUMPRODUCT(('HR2to5 - PY data'!$A$2:$A$48992=$C$4)*('HR2to5 - PY data'!$B$2:$B$48992=$D$4)*('HR2to5 - PY data'!$C$2:$C$48992=$E$4)*('HR2to5 - PY data'!$F$2:$F$48992=L$10)*('HR2to5 - PY data'!$E$2:$E$48992=$A11)*('HR2to5 - PY data'!$G$2:$G$48992))} -> 0 | M11: {=SUMPRODUCT(('HR2to5 - PY data'!$A$2:$A$48992=$C$4)*('HR2to5 - PY data'!$B$2:$B$48992=$D$4)*('HR2to5 - PY data'!$C$2:$C$48992=$E$4)*('HR2to5 - PY data'!$F$2:$F$48992=M$10)*('HR2to5 - PY data'!$E$2:$E$48992=$A11)*('HR2to5 - PY data'!$G$2:$G$48992))} -> 0 | N11: {=SUMPRODUCT(('HR2to5 - PY data'!$A$2:$A$48992=$C$4)*('HR2to5 - PY data'!$B$2:$B$48992=$D$4)*('HR2to5 - PY data'!$C$2:$C$48992=$E$4)*('HR2to5 - PY data'!$F$2:$F$48992=N$10)*('HR2to5 - PY data'!$E$2:$E$48992=$A11)*('HR2to5 - PY data'!$G$2:$G$48992))} -> 0 | O11: {=SUMPRODUCT(('HR2to5 - PY data'!$A$2:$A$48992=$C$4)*('HR2to5 - PY data'!$B$2:$B$48992=$D$4)*('HR2to5 - PY data'!$C$2:$C$48992=$E$4)*('HR2to5 - PY data'!$F$2:$F$48992=O$10)*('HR2to5 - PY data'!$E$2:$E$48992=$A11)*('HR2to5 - PY data'!$G$2:$G$48992))} -> 0 | P11: =SUM(L11:O11) -> 0 | Q11: {=SUMPRODUCT(('HR2to5 - PY data'!$A$2:$A$48992=$C$4)*('HR2to5 - PY data'!$B$2:$B$48992=$D$4)*('HR2to5 - PY data'!$C$2:$C$48992=$E$4)*('HR2to5 - PY data'!$F$2:$F$48992=Q$10)*('HR2to5 - PY data'!$E$2:$E$48992=$A11)*('HR2to5 - PY data'!$G$2:$G$48992))} -> 0 | R11: {=SUMPRODUCT(('HR2to5 - PY data'!$A$2:$A$48992=$C$4)*('HR2to5 - PY data'!$B$2:$B$48992=$D$4)*('HR2to5 - PY data'!$C$2:$C$48992=$E$4)*('HR2to5 - PY data'!$F$2:$F$48992=R$10)*('HR2to5 - PY data'!$E$2:$E$48992=$A11)*('HR2to5 - PY data'!$G$2:$G$48992))} -> 0 | S11: {=SUMPRODUCT(('HR2to5 - PY data'!$A$2:$A$48992=$C$4)*('HR2to5 - PY data'!$B$2:$B$48992=$D$4)*('HR2to5 - PY data'!$C$2:$C$48992=$E$4)*('HR2to5 - PY data'!$F$2:$F$48992=S$10)*('HR2to5 - PY data'!$E$2:$E$48992=$A11)*('HR2to5 - PY data'!$G$2:$G$48992))} -> 0 | T11: {=SUMPRODUCT(('HR2to5 - PY data'!$A$2:$A$48992=$C$4)*('HR2to5 - PY data'!$B$2:$B$48992=$D$4)*('HR2to5 - PY data'!$C$2:$C$48992=$E$4)*('HR2to5 - PY data'!$F$2:$F$48992=T$10)*('HR2to5 - PY data'!$E$2:$E$48992=$A11)*('HR2to5 - PY data'!$G$2:$G$48992))} -> 0 | U11: {=SUMPRODUCT(('HR2to5 - PY data'!$A$2:$A$48992=$C$4)*('HR2to5 - PY data'!$B$2:$B$48992=$D$4)*('HR2to5 - PY data'!$C$2:$C$48992=$E$4)*('HR2to5 - PY data'!$F$2:$F$48992=U$10)*('HR2to5 - PY data'!$E$2:$E$48992=$A11)*('HR2to5 - PY data'!$G$2:$G$48992))} -> 0
A12: Area Manager | B12: {=SUMPRODUCT(('HR2to5 - PY data'!$A$2:$A$48992=$C$4)*('HR2to5 - PY data'!$B$2:$B$48992=$D$4)*('HR2to5 - PY data'!$C$2:$C$48992=$E$4)*('HR2to5 - PY data'!$F$2:$F$48992=B$10)*('HR2to5 - PY data'!$E$2:$E$48992=$A12)*('HR2to5 - PY data'!$G$2:$G$48992))} -> 0 | C12: {=SUMPRODUCT(('HR2to5 - PY data'!$A$2:$A$48992=$C$4)*('HR2to5 - PY data'!$B$2:$B$48992=$D$4)*('HR2to5 - PY data'!$C$2:$C$48992=$E$4)*('HR2to5 - PY data'!$F$2:$F$48992=C$10)*('HR2to5 - PY data'!$E$2:$E$48992=$A12)*('HR2to5 - PY data'!$G$2:$G$48992))} -> 0 | D12: {=SUMPRODUCT(('HR2to5 - PY data'!$A$2:$A$48992=$C$4)*('HR2to5 - PY data'!$B$2:$B$48992=$D$4)*('HR2to5 - PY data'!$C$2:$C$48992=$E$4)*('HR2to5 - PY data'!$F$2:$F$48992=D$10)*('HR2to5 - PY data'!$E$2:$E$48992=$A12)*('HR2to5 - PY data'!$G$2:$G$48992))} -> 0 | E12: {=SUMPRODUCT(('HR2to5 - PY data'!$A$2:$A$48992=$C$4)*('HR2to5 - PY data'!$B$2:$B$48992=$D$4)*('HR2to5 - PY data'!$C$2:$C$48992=$E$4)*('HR2to5 - PY data'!$F$2:$F$48992=E$10)*('HR2to5 - PY data'!$E$2:$E$48992=$A12)*('HR2to5 - PY data'!$G$2:$G$48992))} -> 0 | F12: =SUM(B12:E12) -> 0 | G12: {=SUMPRODUCT(('HR2to5 - PY data'!$A$2:$A$48992=$C$4)*('HR2to5 - PY data'!$B$2:$B$48992=$D$4)*('HR2to5 - PY data'!$C$2:$C$48992=$E$4)*('HR2to5 - PY data'!$F$2:$F$48992=G$10)*('HR2to5 - PY data'!$E$2:$E$48992=$A12)*('HR2to5 - PY data'!$G$2:$G$48992))} -> 0 | H12: {=SUMPRODUCT(('HR2to5 - PY data'!$A$2:$A$48992=$C$4)*('HR2to5 - PY data'!$B$2:$B$48992=$D$4)*('HR2to5 - PY data'!$C$2:$C$48992=$E$4)*('HR2to5 - PY data'!$F$2:$F$48992=H$10)*('HR2to5 - PY data'!$E$2:$E$48992=$A12)*('HR2to5 - PY data'!$G$2:$G$48992))} -> 0 | I12: {=SUMPRODUCT(('HR2to5 - PY data'!$A$2:$A$48992=$C$4)*('HR2to5 - PY data'!$B$2:$B$48992=$D$4)*('HR2to5 - PY data'!$C$2:$C$48992=$E$4)*('HR2to5 - PY data'!$F$2:$F$48992=I$10)*('HR2to5 - PY data'!$E$2:$E$48992=$A12)*('HR2to5 - PY data'!$G$2:$G$48992))} -> 0 | J12: {=SUMPRODUCT(('HR2to5 - PY data'!$A$2:$A$48992=$C$4)*('HR2to5 - PY data'!$B$2:$B$48992=$D$4)*('HR2to5 - PY data'!$C$2:$C$48992=$E$4)*('HR2to5 - PY data'!$F$2:$F$48992=J$10)*('HR2to5 - PY data'!$E$2:$E$48992=$A12)*('HR2to5 - PY data'!$G$2:$G$48992))} -> 0 | K12: =SUM(G12:J12) -> 0 | L12: {=SUMPRODUCT(('HR2to5 - PY data'!$A$2:$A$48992=$C$4)*('HR2to5 - PY data'!$B$2:$B$48992=$D$4)*('HR2to5 - PY data'!$C$2:$C$48992=$E$4)*('HR2to5 - PY data'!$F$2:$F$48992=L$10)*('HR2to5 - PY data'!$E$2:$E$48992=$A12)*('HR2to5 - PY data'!$G$2:$G$48992))} -> 0 | M12: {=SUMPRODUCT(('HR2to5 - PY data'!$A$2:$A$48992=$C$4)*('HR2to5 - PY data'!$B$2:$B$48992=$D$4)*('HR2to5 - PY data'!$C$2:$C$48992=$E$4)*('HR2to5 - PY data'!$F$2:$F$48992=M$10)*('HR2to5 - PY data'!$E$2:$E$48992=$A12)*('HR2to5 - PY data'!$G$2:$G$48992))} -> 0 | N12: {=SUMPRODUCT(('HR2to5 - PY data'!$A$2:$A$48992=$C$4)*('HR2to5 - PY data'!$B$2:$B$48992=$D$4)*('HR2to5 - PY data'!$C$2:$C$48992=$E$4)*('HR2to5 - PY data'!$F$2:$F$48992=N$10)*('HR2to5 - PY data'!$E$2:$E$48992=$A12)*('HR2to5 - PY data'!$G$2:$G$48992))} -> 0 | O12: {=SUMPRODUCT(('HR2to5 - PY data'!$A$2:$A$48992=$C$4)*('HR2to5 - PY data'!$B$2:$B$48992=$D$4)*('HR2to5 - PY data'!$C$2:$C$48992=$E$4)*('HR2to5 - PY data'!$F$2:$F$48992=O$10)*('HR2to5 - PY data'!$E$2:$E$48992=$A12)*('HR2to5 - PY data'!$G$2:$G$48992))} -> 0 | P12: =SUM(L12:O12) -> 0 | Q12: {=SUMPRODUCT(('HR2to5 - PY data'!$A$2:$A$48992=$C$4)*('HR2to5 - PY data'!$B$2:$B$48992=$D$4)*('HR2to5 - PY data'!$C$2:$C$48992=$E$4)*('HR2to5 - PY data'!$F$2:$F$48992=Q$10)*('HR2to5 - PY data'!$E$2:$E$48992=$A12)*('HR2to5 - PY data'!$G$2:$G$48992))} -> 0 | R12: {=SUMPRODUCT(('HR2to5 - PY data'!$A$2:$A$48992=$C$4)*('HR2to5 - PY data'!$B$2:$B$48992=$D$4)*('HR2to5 - PY data'!$C$2:$C$48992=$E$4)*('HR2to5 - PY data'!$F$2:$F$48992=R$10)*('HR2to5 - PY data'!$E$2:$E$48992=$A12)*('HR2to5 - PY data'!$G$2:$G$48992))} -> 0 | S12: {=SUMPRODUCT(('HR2to5 - PY data'!$A$2:$A$48992=$C$4)*('HR2to5 - PY data'!$B$2:$B$48992=$D$4)*('HR2to5 - PY data'!$C$2:$C$48992=$E$4)*('HR2to5 - PY data'!$F$2:$F$48992=S$10)*('HR2to5 - PY data'!$E$2:$E$48992=$A12)*('HR2to5 - PY data'!$G$2:$G$48992))} -> 0 | T12: {=SUMPRODUCT(('HR2to5 - PY data'!$A$2:$A$48992=$C$4)*('HR2to5 - PY data'!$B$2:$B$48992=$D$4)*('HR2to5 - PY data'!$C$2:$C$48992=$E$4)*('HR2to5 - PY data'!$F$2:$F$48992=T$10)*('HR2to5 - PY data'!$E$2:$E$48992=$A12)*('HR2to5 - PY data'!$G$2:$G$48992))} -> 0 | U12: =SUM(Q12:T12) -> 0
A13: Group Manager | B13: {=SUMPRODUCT(('HR2to5 - PY data'!$A$2:$A$48992=$C$4)*('HR2to5 - PY data'!$B$2:$B$48992=$D$4)*('HR2to5 - PY data'!$C$2:$C$48992=$E$4)*('HR2to5 - PY data'!$F$2:$F$48992=B$10)*('HR2to5 - PY data'!$E$2:$E$48992=$A13)*('HR2to5 - PY data'!$G$2:$G$48992))} -> 0 | C13: {=SUMPRODUCT(('HR2to5 - PY data'!$A$2:$A$48992=$C$4)*('HR2to5 - PY data'!$B$2:$B$48992=$D$4)*('HR2to5 - PY data'!$C$2:$C$48992=$E$4)*('HR2to5 - PY data'!$F$2:$F$48992=C$10)*('HR2to5 - PY data'!$E$2:$E$48992=$A13)*('HR2to5 - PY data'!$G$2:$G$48992))} -> 0 | D13: {=SUMPRODUCT(('HR2to5 - PY data'!$A$2:$A$48992=$C$4)*('HR2to5 - PY data'!$B$2:$B$48992=$D$4)*('HR2to5 - PY data'!$C$2:$C$48992=$E$4)*('HR2to5 - PY data'!$F$2:$F$48992=D$10)*('HR2to5 - PY data'!$E$2:$E$48992=$A13)*('HR2to5 - PY data'!$G$2:$G$48992))} -> 0 | E13: {=SUMPRODUCT(('HR2to5 - PY data'!$A$2:$A$48992=$C$4)*('HR2to5 - PY data'!$B$2:$B$48992=$D$4)*('HR2to5 - PY data'!$C$2:$C$48992=$E$4)*('HR2to5 - PY data'!$F$2:$F$48992=E$10)*('HR2to5 - PY data'!$E$2:$E$48992=$A13)*('HR2to5 - PY data'!$G$2:$G$48992))} -> 0 | F13: =SUM(B13:E13) -> 0 | G13: {=SUMPRODUCT(('HR2to5 - PY data'!$A$2:$A$48992=$C$4)*('HR2to5 - PY data'!$B$2:$B$48992=$D$4)*('HR2to5 - PY data'!$C$2:$C$48992=$E$4)*('HR2to5 - PY data'!$F$2:$F$48992=G$10)*('HR2to5 - PY data'!$E$2:$E$48992=$A13)*('HR2to5 - PY data'!$G$2:$G$48992))} -> 0 | H13: {=SUMPRODUCT(('HR2to5 - PY data'!$A$2:$A$48992=$C$4)*('HR2to5 - PY data'!$B$2:$B$48992=$D$4)*('HR2to5 - PY data'!$C$2:$C$48992=$E$4)*('HR2to5 - PY data'!$F$2:$F$48992=H$10)*('HR2to5 - PY data'!$E$2:$E$48992=$A13)*('HR2to5 - PY data'!$G$2:$G$48992))} -> 0 | I13: {=SUMPRODUCT(('HR2to5 - PY data'!$A$2:$A$48992=$C$4)*('HR2to5 - PY data'!$B$2:$B$48992=$D$4)*('HR2to5 - PY data'!$C$2:$C$48992=$E$4)*('HR2to5 - PY data'!$F$2:$F$48992=I$10)*('HR2to5 - PY data'!$E$2:$E$48992=$A13)*('HR2to5 - PY data'!$G$2:$G$48992))} -> 0 | J13: {=SUMPRODUCT(('HR2to5 - PY data'!$A$2:$A$48992=$C$4)*('HR2to5 - PY data'!$B$2:$B$48992=$D$4)*('HR2to5 - PY data'!$C$2:$C$48992=$E$4)*('HR2to5 - PY data'!$F$2:$F$48992=J$10)*('HR2to5 - PY data'!$E$2:$E$48992=$A13)*('HR2to5 - PY data'!$G$2:$G$48992))} -> 0 | K13: =SUM(G13:J13) -> 0 | L13: {=SUMPRODUCT(('HR2to5 - PY data'!$A$2:$A$48992=$C$4)*('HR2to5 - PY data'!$B$2:$B$48992=$D$4)*('HR2to5 - PY data'!$C$2:$C$48992=$E$4)*('HR2to5 - PY data'!$F$2:$F$48992=L$10)*('HR2to5 - PY data'!$E$2:$E$48992=$A13)*('HR2to5 - PY data'!$G$2:$G$48992))} -> 0 | M13: {=SUMPRODUCT(('HR2to5 - PY data'!$A$2:$A$48992=$C$4)*('HR2to5 - PY data'!$B$2:$B$48992=$D$4)*('HR2to5 - PY data'!$C$2:$C$48992=$E$4)*('HR2to5 - PY data'!$F$2:$F$48992=M$10)*('HR2to5 - PY data'!$E$2:$E$48992=$A13)*('HR2to5 - PY data'!$G$2:$G$48992))} -> 0 | N13: {=SUMPRODUCT(('HR2to5 - PY data'!$A$2:$A$48992=$C$4)*('HR2to5 - PY data'!$B$2:$B$48992=$D$4)*('HR2to5 - PY data'!$C$2:$C$48992=$E$4)*('HR2to5 - PY data'!$F$2:$F$48992=N$10)*('HR2to5 - PY data'!$E$2:$E$48992=$A13)*('HR2to5 - PY data'!$G$2:$G$48992))} -> 0 | O13: {=SUMPRODUCT(('HR2to5 - PY data'!$A$2:$A$48992=$C$4)*('HR2to5 - PY data'!$B$2:$B$48992=$D$4)*('HR2to5 - PY data'!$C$2:$C$48992=$E$4)*('HR2to5 - PY data'!$F$2:$F$48992=O$10)*('HR2to5 - PY data'!$E$2:$E$48992=$A13)*('HR2to5 - PY data'!$G$2:$G$48992))} -> 0 | P13: =SUM(L13:O13) -> 0 | Q13: {=SUMPRODUCT(('HR2to5 - PY data'!$A$2:$A$48992=$C$4)*('HR2to5 - PY data'!$B$2:$B$48992=$D$4)*('HR2to5 - PY data'!$C$2:$C$48992=$E$4)*('HR2to5 - PY data'!$F$2:$F$48992=Q$10)*('HR2to5 - PY data'!$E$2:$E$48992=$A13)*('HR2to5 - PY data'!$G$2:$G$48992))} -> 0 | R13: {=SUMPRODUCT(('HR2to5 - PY data'!$A$2:$A$48992=$C$4)*('HR2to5 - PY data'!$B$2:$B$48992=$D$4)*('HR2to5 - PY data'!$C$2:$C$48992=$E$4)*('HR2to5 - PY data'!$F$2:$F$48992=R$10)*('HR2to5 - PY data'!$E$2:$E$48992=$A13)*('HR2to5 - PY data'!$G$2:$G$48992))} -> 0 | S13: {=SUMPRODUCT(('HR2to5 - PY data'!$A$2:$A$48992=$C$4)*('HR2to5 - PY data'!$B$2:$B$48992=$D$4)*('HR2to5 - PY data'!$C$2:$C$48992=$E$4)*('HR2to5 - PY data'!$F$2:$F$48992=S$10)*('HR2to5 - PY data'!$E$2:$E$48992=$A13)*('HR2to5 - PY data'!$G$2:$G$48992))} -> 0 | T13: {=SUMPRODUCT(('HR2to5 - PY data'!$A$2:$A$48992=$C$4)*('HR2to5 - PY data'!$B$2:$B$48992=$D$4)*('HR2to5 - PY data'!$C$2:$C$48992=$E$4)*('HR2to5 - PY data'!$F$2:$F$48992=T$10)*('HR2to5 - PY data'!$E$2:$E$48992=$A13)*('HR2to5 - PY data'!$G$2:$G$48992))} -> 0 | U13: =SUM(Q13:T13) -> 0
A14: Station Manager | B14: {=SUMPRODUCT(('HR2to5 - PY data'!$A$2:$A$48992=$C$4)*('HR2to5 - PY data'!$B$2:$B$48992=$D$4)*('HR2to5 - PY data'!$C$2:$C$48992=$E$4)*('HR2to5 - PY data'!$F$2:$F$48992=B$10)*('HR2to5 - PY data'!$E$2:$E$48992=$A14)*('HR2to5 - PY data'!$G$2:$G$48992))} -> 0 | C14: {=SUMPRODUCT(('HR2to5 - PY data'!$A$2:$A$48992=$C$4)*('HR2to5 - PY data'!$B$2:$B$48992=$D$4)*('HR2to5 - PY data'!$C$2:$C$48992=$E$4)*('HR2to5 - PY data'!$F$2:$F$48992=C$10)*('HR2to5 - PY data'!$E$2:$E$48992=$A14)*('HR2to5 - PY data'!$G$2:$G$48992))} -> 0 | D14: {=SUMPRODUCT(('HR2to5 - PY data'!$A$2:$A$48992=$C$4)*('HR2to5 - PY data'!$B$2:$B$48992=$D$4)*('HR2to5 - PY data'!$C$2:$C$48992=$E$4)*('HR2to5 - PY data'!$F$2:$F$48992=D$10)*('HR2to5 - PY data'!$E$2:$E$48992=$A14)*('HR2to5 - PY data'!$G$2:$G$48992))} -> 0 | E14: {=SUMPRODUCT(('HR2to5 - PY data'!$A$2:$A$48992=$C$4)*('HR2to5 - PY data'!$B$2:$B$48992=$D$4)*('HR2to5 - PY data'!$C$2:$C$48992=$E$4)*('HR2to5 - PY data'!$F$2:$F$48992=E$10)*('HR2to5 - PY data'!$E$2:$E$48992=$A14)*('HR2to5 - PY data'!$G$2:$G$48992))} -> 0 | F14: =SUM(B14:E14) -> 0 | G14: {=SUMPRODUCT(('HR2to5 - PY data'!$A$2:$A$48992=$C$4)*('HR2to5 - PY data'!$B$2:$B$48992=$D$4)*('HR2to5 - PY data'!$C$2:$C$48992=$E$4)*('HR2to5 - PY data'!$F$2:$F$48992=G$10)*('HR2to5 - PY data'!$E$2:$E$48992=$A14)*('HR2to5 - PY data'!$G$2:$G$48992))} -> 0 | H14: {=SUMPRODUCT(('HR2to5 - PY data'!$A$2:$A$48992=$C$4)*('HR2to5 - PY data'!$B$2:$B$48992=$D$4)*('HR2to5 - PY data'!$C$2:$C$48992=$E$4)*('HR2to5 - PY data'!$F$2:$F$48992=H$10)*('HR2to5 - PY data'!$E$2:$E$48992=$A14)*('HR2to5 - PY data'!$G$2:$G$48992))} -> 0 | I14: {=SUMPRODUCT(('HR2to5 - PY data'!$A$2:$A$48992=$C$4)*('HR2to5 - PY data'!$B$2:$B$48992=$D$4)*('HR2to5 - PY data'!$C$2:$C$48992=$E$4)*('HR2to5 - PY data'!$F$2:$F$48992=I$10)*('HR2to5 - PY data'!$E$2:$E$48992=$A14)*('HR2to5 - PY data'!$G$2:$G$48992))} -> 0 | J14: {=SUMPRODUCT(('HR2to5 - PY data'!$A$2:$A$48992=$C$4)*('HR2to5 - PY data'!$B$2:$B$48992=$D$4)*('HR2to5 - PY data'!$C$2:$C$48992=$E$4)*('HR2to5 - PY data'!$F$2:$F$48992=J$10)*('HR2to5 - PY data'!$E$2:$E$48992=$A14)*('HR2to5 - PY data'!$G$2:$G$48992))} -> 0 | K14: =SUM(G14:J14) -> 0 | L14: {=SUMPRODUCT(('HR2to5 - PY data'!$A$2:$A$48992=$C$4)*('HR2to5 - PY data'!$B$2:$B$48992=$D$4)*('HR2to5 - PY data'!$C$2:$C$48992=$E$4)*('HR2to5 - PY data'!$F$2:$F$48992=L$10)*('HR2to5 - PY data'!$E$2:$E$48992=$A14)*('HR2to5 - PY data'!$G$2:$G$48992))} -> 0 | M14: {=SUMPRODUCT(('HR2to5 - PY data'!$A$2:$A$48992=$C$4)*('HR2to5 - PY data'!$B$2:$B$48992=$D$4)*('HR2to5 - PY data'!$C$2:$C$48992=$E$4)*('HR2to5 - PY data'!$F$2:$F$48992=M$10)*('HR2to5 - PY data'!$E$2:$E$48992=$A14)*('HR2to5 - PY data'!$G$2:$G$48992))} -> 0 | N14: {=SUMPRODUCT(('HR2to5 - PY data'!$A$2:$A$48992=$C$4)*('HR2to5 - PY data'!$B$2:$B$48992=$D$4)*('HR2to5 - PY data'!$C$2:$C$48992=$E$4)*('HR2to5 - PY data'!$F$2:$F$48992=N$10)*('HR2to5 - PY data'!$E$2:$E$48992=$A14)*('HR2to5 - PY data'!$G$2:$G$48992))} -> 0 | O14: {=SUMPRODUCT(('HR2to5 - PY data'!$A$2:$A$48992=$C$4)*('HR2to5 - PY data'!$B$2:$B$48992=$D$4)*('HR2to5 - PY data'!$C$2:$C$48992=$E$4)*('HR2to5 - PY data'!$F$2:$F$48992=O$10)*('HR2to5 - PY data'!$E$2:$E$48992=$A14)*('HR2to5 - PY data'!$G$2:$G$48992))} -> 0 | P14: =SUM(L14:O14) -> 0 | Q14: {=SUMPRODUCT(('HR2to5 - PY data'!$A$2:$A$48992=$C$4)*('HR2to5 - PY data'!$B$2:$B$48992=$D$4)*('HR2to5 - PY data'!$C$2:$C$48992=$E$4)*('HR2to5 - PY data'!$F$2:$F$48992=Q$10)*('HR2to5 - PY data'!$E$2:$E$48992=$A14)*('HR2to5 - PY data'!$G$2:$G$48992))} -> 0 | R14: {=SUMPRODUCT(('HR2to5 - PY data'!$A$2:$A$48992=$C$4)*('HR2to5 - PY data'!$B$2:$B$48992=$D$4)*('HR2to5 - PY data'!$C$2:$C$48992=$E$4)*('HR2to5 - PY data'!$F$2:$F$48992=R$10)*('HR2to5 - PY data'!$E$2:$E$48992=$A14)*('HR2to5 - PY data'!$G$2:$G$48992))} -> 0 | S14: {=SUMPRODUCT(('HR2to5 - PY data'!$A$2:$A$48992=$C$4)*('HR2to5 - PY data'!$B$2:$B$48992=$D$4)*('HR2to5 - PY data'!$C$2:$C$48992=$E$4)*('HR2to5 - PY data'!$F$2:$F$48992=S$10)*('HR2to5 - PY data'!$E$2:$E$48992=$A14)*('HR2to5 - PY data'!$G$2:$G$48992))} -> 0 | T14: {=SUMPRODUCT(('HR2to5 - PY data'!$A$2:$A$48992=$C$4)*('HR2to5 - PY data'!$B$2:$B$48992=$D$4)*('HR2to5 - PY data'!$C$2:$C$48992=$E$4)*('HR2to5 - PY data'!$F$2:$F$48992=T$10)*('HR2to5 - PY data'!$E$2:$E$48992=$A14)*('HR2to5 - PY data'!$G$2:$G$48992))} -> 0 | U14: =SUM(Q14:T14) -> 0
A15: Watch Manager | B15: {=SUMPRODUCT(('HR2to5 - PY data'!$A$2:$A$48992=$C$4)*('HR2to5 - PY data'!$B$2:$B$48992=$D$4)*('HR2to5 - PY data'!$C$2:$C$48992=$E$4)*('HR2to5 - PY data'!$F$2:$F$48992=B$10)*('HR2to5 - PY data'!$E$2:$E$48992=$A15)*('HR2to5 - PY data'!$G$2:$G$48992))} -> 0 | C15: {=SUMPRODUCT(('HR2to5 - PY data'!$A$2:$A$48992=$C$4)*('HR2to5 - PY data'!$B$2:$B$48992=$D$4)*('HR2to5 - PY data'!$C$2:$C$48992=$E$4)*('HR2to5 - PY data'!$F$2:$F$48992=C$10)*('HR2to5 - PY data'!$E$2:$E$48992=$A15)*('HR2to5 - PY data'!$G$2:$G$48992))} -> 0 | D15: {=SUMPRODUCT(('HR2to5 - PY data'!$A$2:$A$48992=$C$4)*('HR2to5 - PY data'!$B$2:$B$48992=$D$4)*('HR2to5 - PY data'!$C$2:$C$48992=$E$4)*('HR2to5 - PY data'!$F$2:$F$48992=D$10)*('HR2to5 - PY data'!$E$2:$E$48992=$A15)*('HR2to5 - PY data'!$G$2:$G$48992))} -> 0 | E15: {=SUMPRODUCT(('HR2to5 - PY data'!$A$2:$A$48992=$C$4)*('HR2to5 - PY data'!$B$2:$B$48992=$D$4)*('HR2to5 - PY data'!$C$2:$C$48992=$E$4)*('HR2to5 - PY data'!$F$2:$F$48992=E$10)*('HR2to5 - PY data'!$E$2:$E$48992=$A15)*('HR2to5 - PY data'!$G$2:$G$48992))} -> 0 | F15: =SUM(B15:E15) -> 0 | G15: {=SUMPRODUCT(('HR2to5 - PY data'!$A$2:$A$48992=$C$4)*('HR2to5 - PY data'!$B$2:$B$48992=$D$4)*('HR2to5 - PY data'!$C$2:$C$48992=$E$4)*('HR2to5 - PY data'!$F$2:$F$48992=G$10)*('HR2to5 - PY data'!$E$2:$E$48992=$A15)*('HR2to5 - PY data'!$G$2:$G$48992))} -> 0 | H15: {=SUMPRODUCT(('HR2to5 - PY data'!$A$2:$A$48992=$C$4)*('HR2to5 - PY data'!$B$2:$B$48992=$D$4)*('HR2to5 - PY data'!$C$2:$C$48992=$E$4)*('HR2to5 - PY data'!$F$2:$F$48992=H$10)*('HR2to5 - PY data'!$E$2:$E$48992=$A15)*('HR2to5 - PY data'!$G$2:$G$48992))} -> 0 | I15: {=SUMPRODUCT(('HR2to5 - PY data'!$A$2:$A$48992=$C$4)*('HR2to5 - PY data'!$B$2:$B$48992=$D$4)*('HR2to5 - PY data'!$C$2:$C$48992=$E$4)*('HR2to5 - PY data'!$F$2:$F$48992=I$10)*('HR2to5 - PY data'!$E$2:$E$48992=$A15)*('HR2to5 - PY data'!$G$2:$G$48992))} -> 0 | J15: {=SUMPRODUCT(('HR2to5 - PY data'!$A$2:$A$48992=$C$4)*('HR2to5 - PY data'!$B$2:$B$48992=$D$4)*('HR2to5 - PY data'!$C$2:$C$48992=$E$4)*('HR2to5 - PY data'!$F$2:$F$48992=J$10)*('HR2to5 - PY data'!$E$2:$E$48992=$A15)*('HR2to5 - PY data'!$G$2:$G$48992))} -> 0 | K15: =SUM(G15:J15) -> 0 | L15: {=SUMPRODUCT(('HR2to5 - PY data'!$A$2:$A$48992=$C$4)*('HR2to5 - PY data'!$B$2:$B$48992=$D$4)*('HR2to5 - PY data'!$C$2:$C$48992=$E$4)*('HR2to5 - PY data'!$F$2:$F$48992=L$10)*('HR2to5 - PY data'!$E$2:$E$48992=$A15)*('HR2to5 - PY data'!$G$2:$G$48992))} -> 0 | M15: {=SUMPRODUCT(('HR2to5 - PY data'!$A$2:$A$48992=$C$4)*('HR2to5 - PY data'!$B$2:$B$48992=$D$4)*('HR2to5 - PY data'!$C$2:$C$48992=$E$4)*('HR2to5 - PY data'!$F$2:$F$48992=M$10)*('HR2to5 - PY data'!$E$2:$E$48992=$A15)*('HR2to5 - PY data'!$G$2:$G$48992))} -> 0 | N15: {=SUMPRODUCT(('HR2to5 - PY data'!$A$2:$A$48992=$C$4)*('HR2to5 - PY data'!$B$2:$B$48992=$D$4)*('HR2to5 - PY data'!$C$2:$C$48992=$E$4)*('HR2to5 - PY data'!$F$2:$F$48992=N$10)*('HR2to5 - PY data'!$E$2:$E$48992=$A15)*('HR2to5 - PY data'!$G$2:$G$48992))} -> 0 | O15: {=SUMPRODUCT(('HR2to5 - PY data'!$A$2:$A$48992=$C$4)*('HR2to5 - PY data'!$B$2:$B$48992=$D$4)*('HR2to5 - PY data'!$C$2:$C$48992=$E$4)*('HR2to5 - PY data'!$F$2:$F$48992=O$10)*('HR2to5 - PY data'!$E$2:$E$48992=$A15)*('HR2to5 - PY data'!$G$2:$G$48992))} -> 0 | P15: =SUM(L15:O15) -> 0 | Q15: {=SUMPRODUCT(('HR2to5 - PY data'!$A$2:$A$48992=$C$4)*('HR2to5 - PY data'!$B$2:$B$48992=$D$4)*('HR2to5 - PY data'!$C$2:$C$48992=$E$4)*('HR2to5 - PY data'!$F$2:$F$48992=Q$10)*('HR2to5 - PY data'!$E$2:$E$48992=$A15)*('HR2to5 - PY data'!$G$2:$G$48992))} -> 0 | R15: {=SUMPRODUCT(('HR2to5 - PY data'!$A$2:$A$48992=$C$4)*('HR2to5 - PY data'!$B$2:$B$48992=$D$4)*('HR2to5 - PY data'!$C$2:$C$48992=$E$4)*('HR2to5 - PY data'!$F$2:$F$48992=R$10)*('HR2to5 - PY data'!$E$2:$E$48992=$A15)*('HR2to5 - PY data'!$G$2:$G$48992))} -> 0 | S15: {=SUMPRODUCT(('HR2to5 - PY data'!$A$2:$A$48992=$C$4)*('HR2to5 - PY data'!$B$2:$B$48992=$D$4)*('HR2to5 - PY data'!$C$2:$C$48992=$E$4)*('HR2to5 - PY data'!$F$2:$F$48992=S$10)*('HR2to5 - PY data'!$E$2:$E$48992=$A15)*('HR2to5 - PY data'!$G$2:$G$48992))} -> 0 | T15: {=SUMPRODUCT(('HR2to5 - PY data'!$A$2:$A$48992=$C$4)*('HR2to5 - PY data'!$B$2:$B$48992=$D$4)*('HR2to5 - PY data'!$C$2:$C$48992=$E$4)*('HR2to5 - PY data'!$F$2:$F$48992=T$10)*('HR2to5 - PY data'!$E$2:$E$48992=$A15)*('HR2to5 - PY data'!$G$2:$G$48992))} -> 0 | U15: =SUM(Q15:T15) -> 0
A16: Crew Manager | B16: {=SUMPRODUCT(('HR2to5 - PY data'!$A$2:$A$48992=$C$4)*('HR2to5 - PY data'!$B$2:$B$48992=$D$4)*('HR2to5 - PY data'!$C$2:$C$48992=$E$4)*('HR2to5 - PY data'!$F$2:$F$48992=B$10)*('HR2to5 - PY data'!$E$2:$E$48992=$A16)*('HR2to5 - PY data'!$G$2:$G$48992))} -> 0 | C16: {=SUMPRODUCT(('HR2to5 - PY data'!$A$2:$A$48992=$C$4)*('HR2to5 - PY data'!$B$2:$B$48992=$D$4)*('HR2to5 - PY data'!$C$2:$C$48992=$E$4)*('HR2to5 - PY data'!$F$2:$F$48992=C$10)*('HR2to5 - PY data'!$E$2:$E$48992=$A16)*('HR2to5 - PY data'!$G$2:$G$48992))} -> 0 | D16: {=SUMPRODUCT(('HR2to5 - PY data'!$A$2:$A$48992=$C$4)*('HR2to5 - PY data'!$B$2:$B$48992=$D$4)*('HR2to5 - PY data'!$C$2:$C$48992=$E$4)*('HR2to5 - PY data'!$F$2:$F$48992=D$10)*('HR2to5 - PY data'!$E$2:$E$48992=$A16)*('HR2to5 - PY data'!$G$2:$G$48992))} -> 0 | E16: {=SUMPRODUCT(('HR2to5 - PY data'!$A$2:$A$48992=$C$4)*('HR2to5 - PY data'!$B$2:$B$48992=$D$4)*('HR2to5 - PY data'!$C$2:$C$48992=$E$4)*('HR2to5 - PY data'!$F$2:$F$48992=E$10)*('HR2to5 - PY data'!$E$2:$E$48992=$A16)*('HR2to5 - PY data'!$G$2:$G$48992))} -> 0 | F16: =SUM(B16:E16) -> 0 | G16: {=SUMPRODUCT(('HR2to5 - PY data'!$A$2:$A$48992=$C$4)*('HR2to5 - PY data'!$B$2:$B$48992=$D$4)*('HR2to5 - PY data'!$C$2:$C$48992=$E$4)*('HR2to5 - PY data'!$F$2:$F$48992=G$10)*('HR2to5 - PY data'!$E$2:$E$48992=$A16)*('HR2to5 - PY data'!$G$2:$G$48992))} -> 0 | H16: {=SUMPRODUCT(('HR2to5 - PY data'!$A$2:$A$48992=$C$4)*('HR2to5 - PY data'!$B$2:$B$48992=$D$4)*('HR2to5 - PY data'!$C$2:$C$48992=$E$4)*('HR2to5 - PY data'!$F$2:$F$48992=H$10)*('HR2to5 - PY data'!$E$2:$E$48992=$A16)*('HR2to5 - PY data'!$G$2:$G$48992))} -> 0 | I16: {=SUMPRODUCT(('HR2to5 - PY data'!$A$2:$A$48992=$C$4)*('HR2to5 - PY data'!$B$2:$B$48992=$D$4)*('HR2to5 - PY data'!$C$2:$C$48992=$E$4)*('HR2to5 - PY data'!$F$2:$F$48992=I$10)*('HR2to5 - PY data'!$E$2:$E$48992=$A16)*('HR2to5 - PY data'!$G$2:$G$48992))} -> 0 | J16: {=SUMPRODUCT(('HR2to5 - PY data'!$A$2:$A$48992=$C$4)*('HR2to5 - PY data'!$B$2:$B$48992=$D$4)*('HR2to5 - PY data'!$C$2:$C$48992=$E$4)*('HR2to5 - PY data'!$F$2:$F$48992=J$10)*('HR2to5 - PY data'!$E$2:$E$48992=$A16)*('HR2to5 - PY data'!$G$2:$G$48992))} -> 0 | K16: =SUM(G16:J16) -> 0 | L16: {=SUMPRODUCT(('HR2to5 - PY data'!$A$2:$A$48992=$C$4)*('HR2to5 - PY data'!$B$2:$B$48992=$D$4)*('HR2to5 - PY data'!$C$2:$C$48992=$E$4)*('HR2to5 - PY data'!$F$2:$F$48992=L$10)*('HR2to5 - PY data'!$E$2:$E$48992=$A16)*('HR2to5 - PY data'!$G$2:$G$48992))} -> 0 | M16: {=SUMPRODUCT(('HR2to5 - PY data'!$A$2:$A$48992=$C$4)*('HR2to5 - PY data'!$B$2:$B$48992=$D$4)*('HR2to5 - PY data'!$C$2:$C$48992=$E$4)*('HR2to5 - PY data'!$F$2:$F$48992=M$10)*('HR2to5 - PY data'!$E$2:$E$48992=$A16)*('HR2to5 - PY data'!$G$2:$G$48992))} -> 0 | N16: {=SUMPRODUCT(('HR2to5 - PY data'!$A$2:$A$48992=$C$4)*('HR2to5 - PY data'!$B$2:$B$48992=$D$4)*('HR2to5 - PY data'!$C$2:$C$48992=$E$4)*('HR2to5 - PY data'!$F$2:$F$48992=N$10)*('HR2to5 - PY data'!$E$2:$E$48992=$A16)*('HR2to5 - PY data'!$G$2:$G$48992))} -> 0 | O16: {=SUMPRODUCT(('HR2to5 - PY data'!$A$2:$A$48992=$C$4)*('HR2to5 - PY data'!$B$2:$B$48992=$D$4)*('HR2to5 - PY data'!$C$2:$C$48992=$E$4)*('HR2to5 - PY data'!$F$2:$F$48992=O$10)*('HR2to5 - PY data'!$E$2:$E$48992=$A16)*('HR2to5 - PY data'!$G$2:$G$48992))} -> 0 | P16: =SUM(L16:O16) -> 0 | Q16: {=SUMPRODUCT(('HR2to5 - PY data'!$A$2:$A$48992=$C$4)*('HR2to5 - PY data'!$B$2:$B$48992=$D$4)*('HR2to5 - PY data'!$C$2:$C$48992=$E$4)*('HR2to5 - PY data'!$F$2:$F$48992=Q$10)*('HR2to5 - PY data'!$E$2:$E$48992=$A16)*('HR2to5 - PY data'!$G$2:$G$48992))} -> 0 | R16: {=SUMPRODUCT(('HR2to5 - PY data'!$A$2:$A$48992=$C$4)*('HR2to5 - PY data'!$B$2:$B$48992=$D$4)*('HR2to5 - PY data'!$C$2:$C$48992=$E$4)*('HR2to5 - PY data'!$F$2:$F$48992=R$10)*('HR2to5 - PY data'!$E$2:$E$48992=$A16)*('HR2to5 - PY data'!$G$2:$G$48992))} -> 0 | S16: {=SUMPRODUCT(('HR2to5 - PY data'!$A$2:$A$48992=$C$4)*('HR2to5 - PY data'!$B$2:$B$48992=$D$4)*('HR2to5 - PY data'!$C$2:$C$48992=$E$4)*('HR2to5 - PY data'!$F$2:$F$48992=S$10)*('HR2to5 - PY data'!$E$2:$E$48992=$A16)*('HR2to5 - PY data'!$G$2:$G$48992))} -> 0 | T16: {=SUMPRODUCT(('HR2to5 - PY data'!$A$2:$A$48992=$C$4)*('HR2to5 - PY data'!$B$2:$B$48992=$D$4)*('HR2to5 - PY data'!$C$2:$C$48992=$E$4)*('HR2to5 - PY data'!$F$2:$F$48992=T$10)*('HR2to5 - PY data'!$E$2:$E$48992=$A16)*('HR2to5 - PY data'!$G$2:$G$48992))} -> 0 | U16: =SUM(Q16:T16) -> 0
A17: Firefighter | B17: {=SUMPRODUCT(('HR2to5 - PY data'!$A$2:$A$48992=$C$4)*('HR2to5 - PY data'!$B$2:$B$48992=$D$4)*('HR2to5 - PY data'!$C$2:$C$48992=$E$4)*('HR2to5 - PY data'!$F$2:$F$48992=B$10)*('HR2to5 - PY data'!$E$2:$E$48992=$A17)*('HR2to5 - PY data'!$G$2:$G$48992))} -> 0 | C17: {=SUMPRODUCT(('HR2to5 - PY data'!$A$2:$A$48992=$C$4)*('HR2to5 - PY data'!$B$2:$B$48992=$D$4)*('HR2to5 - PY data'!$C$2:$C$48992=$E$4)*('HR2to5 - PY data'!$F$2:$F$48992=C$10)*('HR2to5 - PY data'!$E$2:$E$48992=$A17)*('HR2to5 - PY data'!$G$2:$G$48992))} -> 0 | D17: {=SUMPRODUCT(('HR2to5 - PY data'!$A$2:$A$48992=$C$4)*('HR2to5 - PY data'!$B$2:$B$48992=$D$4)*('HR2to5 - PY data'!$C$2:$C$48992=$E$4)*('HR2to5 - PY data'!$F$2:$F$48992=D$10)*('HR2to5 - PY data'!$E$2:$E$48992=$A17)*('HR2to5 - PY data'!$G$2:$G$48992))} -> 0 | E17: {=SUMPRODUCT(('HR2to5 - PY data'!$A$2:$A$48992=$C$4)*('HR2to5 - PY data'!$B$2:$B$48992=$D$4)*('HR2to5 - PY data'!$C$2:$C$48992=$E$4)*('HR2to5 - PY data'!$F$2:$F$48992=E$10)*('HR2to5 - PY data'!$E$2:$E$48992=$A17)*('HR2to5 - PY data'!$G$2:$G$48992))} -> 0 | F17: =SUM(B17:E17) -> 0 | G17: {=SUMPRODUCT(('HR2to5 - PY data'!$A$2:$A$48992=$C$4)*('HR2to5 - PY data'!$B$2:$B$48992=$D$4)*('HR2to5 - PY data'!$C$2:$C$48992=$E$4)*('HR2to5 - PY data'!$F$2:$F$48992=G$10)*('HR2to5 - PY data'!$E$2:$E$48992=$A17)*('HR2to5 - PY data'!$G$2:$G$48992))} -> 0 | H17: {=SUMPRODUCT(('HR2to5 - PY data'!$A$2:$A$48992=$C$4)*('HR2to5 - PY data'!$B$2:$B$48992=$D$4)*('HR2to5 - PY data'!$C$2:$C$48992=$E$4)*('HR2to5 - PY data'!$F$2:$F$48992=H$10)*('HR2to5 - PY data'!$E$2:$E$48992=$A17)*('HR2to5 - PY data'!$G$2:$G$48992))} -> 0 | I17: {=SUMPRODUCT(('HR2to5 - PY data'!$A$2:$A$48992=$C$4)*('HR2to5 - PY data'!$B$2:$B$48992=$D$4)*('HR2to5 - PY data'!$C$2:$C$48992=$E$4)*('HR2to5 - PY data'!$F$2:$F$48992=I$10)*('HR2to5 - PY data'!$E$2:$E$48992=$A17)*('HR2to5 - PY data'!$G$2:$G$48992))} -> 0 | J17: {=SUMPRODUCT(('HR2to5 - PY data'!$A$2:$A$48992=$C$4)*('HR2to5 - PY data'!$B$2:$B$48992=$D$4)*('HR2to5 - PY data'!$C$2:$C$48992=$E$4)*('HR2to5 - PY data'!$F$2:$F$48992=J$10)*('HR2to5 - PY data'!$E$2:$E$48992=$A17)*('HR2to5 - PY data'!$G$2:$G$48992))} -> 0 | K17: =SUM(G17:J17) -> 0 | L17: {=SUMPRODUCT(('HR2to5 - PY data'!$A$2:$A$48992=$C$4)*('HR2to5 - PY data'!$B$2:$B$48992=$D$4)*('HR2to5 - PY data'!$C$2:$C$48992=$E$4)*('HR2to5 - PY data'!$F$2:$F$48992=L$10)*('HR2to5 - PY data'!$E$2:$E$48992=$A17)*('HR2to5 - PY data'!$G$2:$G$48992))} -> 0 | M17: {=SUMPRODUCT(('HR2to5 - PY data'!$A$2:$A$48992=$C$4)*('HR2to5 - PY data'!$B$2:$B$48992=$D$4)*('HR2to5 - PY data'!$C$2:$C$48992=$E$4)*('HR2to5 - PY data'!$F$2:$F$48992=M$10)*('HR2to5 - PY data'!$E$2:$E$48992=$A17)*('HR2to5 - PY data'!$G$2:$G$48992))} -> 0 | N17: {=SUMPRODUCT(('HR2to5 - PY data'!$A$2:$A$48992=$C$4)*('HR2to5 - PY data'!$B$2:$B$48992=$D$4)*('HR2to5 - PY data'!$C$2:$C$48992=$E$4)*('HR2to5 - PY data'!$F$2:$F$48992=N$10)*('HR2to5 - PY data'!$E$2:$E$48992=$A17)*('HR2to5 - PY data'!$G$2:$G$48992))} -> 0 | O17: {=SUMPRODUCT(('HR2to5 - PY data'!$A$2:$A$48992=$C$4)*('HR2to5 - PY data'!$B$2:$B$48992=$D$4)*('HR2to5 - PY data'!$C$2:$C$48992=$E$4)*('HR2to5 - PY data'!$F$2:$F$48992=O$10)*('HR2to5 - PY data'!$E$2:$E$48992=$A17)*('HR2to5 - PY data'!$G$2:$G$48992))} -> 0 | P17: =SUM(L17:O17) -> 0 | Q17: {=SUMPRODUCT(('HR2to5 - PY data'!$A$2:$A$48992=$C$4)*('HR2to5 - PY data'!$B$2:$B$48992=$D$4)*('HR2to5 - PY data'!$C$2:$C$48992=$E$4)*('HR2to5 - PY data'!$F$2:$F$48992=Q$10)*('HR2to5 - PY data'!$E$2:$E$48992=$A17)*('HR2to5 - PY data'!$G$2:$G$48992))} -> 0 | R17: {=SUMPRODUCT(('HR2to5 - PY data'!$A$2:$A$48992=$C$4)*('HR2to5 - PY data'!$B$2:$B$48992=$D$4)*('HR2to5 - PY data'!$C$2:$C$48992=$E$4)*('HR2to5 - PY data'!$F$2:$F$48992=R$10)*('HR2to5 - PY data'!$E$2:$E$48992=$A17)*('HR2to5 - PY data'!$G$2:$G$48992))} -> 0 | S17: {=SUMPRODUCT(('HR2to5 - PY data'!$A$2:$A$48992=$C$4)*('HR2to5 - PY data'!$B$2:$B$48992=$D$4)*('HR2to5 - PY data'!$C$2:$C$48992=$E$4)*('HR2to5 - PY data'!$F$2:$F$48992=S$10)*('HR2to5 - PY data'!$E$2:$E$48992=$A17)*('HR2to5 - PY data'!$G$2:$G$48992))} -> 0 | T17: {=SUMPRODUCT(('HR2to5 - PY data'!$A$2:$A$48992=$C$4)*('HR2to5 - PY data'!$B$2:$B$48992=$D$4)*('HR2to5 - PY data'!$C$2:$C$48992=$E$4)*('HR2to5 - PY data'!$F$2:$F$48992=T$10)*('HR2to5 - PY data'!$E$2:$E$48992=$A17)*('HR2to5 - PY data'!$G$2:$G$48992))} -> 0 | U17: =SUM(Q17:T17) -> 0
A18: Total | B18: =SUM(B11:B17) -> 0 | C18: =SUM(C11:C17) -> 0 | D18: =SUM(D11:D17) -> 0 | E18: =SUM(E11:E17) -> 0 | F18: =SUM(F11:F17) -> 0 | G18: =SUM(G11:G17) -> 0 | H18: =SUM(H11:H17) -> 0 | I18: =SUM(I11:I17) -> 0 | ... U18: =SUM(U11:U17) -> 0
B22: Men_56to65 | C22: Women_56to65 | D22: Other_56to65 | E22: Unknown_56to65 | F22: Total | G22: Men_66plus | H22: Women_66plus | I22: Other_66plus | J22: Unknown_66plus | K22: Total | L22: Men_age_not_stated | M22: Women_age_not_stated | N22: Other_age_not_stated | O22: Unknown_age_not_stated | P22: Total | Q22: Men | R22: Women | S22: Other | T22: Unknown | U22: Total
A23: Brigade Manager | B23: {=SUMPRODUCT(('HR2to5 - PY data'!$A$2:$A$48992=$C$4)*('HR2to5 - PY data'!$B$2:$B$48992=$D$4)*('HR2to5 - PY data'!$C$2:$C$48992=$E$4)*('HR2to5 - PY data'!$F$2:$F$48992=B$22)*('HR2to5 - PY data'!$E$2:$E$48992=$A23)*('HR2to5 - PY data'!$G$2:$G$48992))} -> 0 | C23: {=SUMPRODUCT(('HR2to5 - PY data'!$A$2:$A$48992=$C$4)*('HR2to5 - PY data'!$B$2:$B$48992=$D$4)*('HR2to5 - PY data'!$C$2:$C$48992=$E$4)*('HR2to5 - PY data'!$F$2:$F$48992=C$22)*('HR2to5 - PY data'!$E$2:$E$48992=$A23)*('HR2to5 - PY data'!$G$2:$G$48992))} -> 0 | D23: {=SUMPRODUCT(('HR2to5 - PY data'!$A$2:$A$48992=$C$4)*('HR2to5 - PY data'!$B$2:$B$48992=$D$4)*('HR2to5 - PY data'!$C$2:$C$48992=$E$4)*('HR2to5 - PY data'!$F$2:$F$48992=D$22)*('HR2to5 - PY data'!$E$2:$E$48992=$A23)*('HR2to5 - PY data'!$G$2:$G$48992))} -> 0 | E23: {=SUMPRODUCT(('HR2to5 - PY data'!$A$2:$A$48992=$C$4)*('HR2to5 - PY data'!$B$2:$B$48992=$D$4)*('HR2to5 - PY data'!$C$2:$C$48992=$E$4)*('HR2to5 - PY data'!$F$2:$F$48992=E$22)*('HR2to5 - PY data'!$E$2:$E$48992=$A23)*('HR2to5 - PY data'!$G$2:$G$48992))} -> 0 | F23: =SUM(F16:F22) -> 0 | G23: {=SUMPRODUCT(('HR2to5 - PY data'!$A$2:$A$48992=$C$4)*('HR2to5 - PY data'!$B$2:$B$48992=$D$4)*('HR2to5 - PY data'!$C$2:$C$48992=$E$4)*('HR2to5 - PY data'!$F$2:$F$48992=G$22)*('HR2to5 - PY data'!$E$2:$E$48992=$A23)*('HR2to5 - PY data'!$G$2:$G$48992))} -> 0 | H23: {=SUMPRODUCT(('HR2to5 - PY data'!$A$2:$A$48992=$C$4)*('HR2to5 - PY data'!$B$2:$B$48992=$D$4)*('HR2to5 - PY data'!$C$2:$C$48992=$E$4)*('HR2to5 - PY data'!$F$2:$F$48992=H$22)*('HR2to5 - PY data'!$E$2:$E$48992=$A23)*('HR2to5 - PY data'!$G$2:$G$48992))} -> 0 | I23: {=SUMPRODUCT(('HR2to5 - PY data'!$A$2:$A$48992=$C$4)*('HR2to5 - PY data'!$B$2:$B$48992=$D$4)*('HR2to5 - PY data'!$C$2:$C$48992=$E$4)*('HR2to5 - PY data'!$F$2:$F$48992=I$22)*('HR2to5 - PY data'!$E$2:$E$48992=$A23)*('HR2to5 - PY data'!$G$2:$G$48992))} -> 0 | J23: {=SUMPRODUCT(('HR2to5 - PY data'!$A$2:$A$48992=$C$4)*('HR2to5 - PY data'!$B$2:$B$48992=$D$4)*('HR2to5 - PY data'!$C$2:$C$48992=$E$4)*('HR2to5 - PY data'!$F$2:$F$48992=J$22)*('HR2to5 - PY data'!$E$2:$E$48992=$A23)*('HR2to5 - PY data'!$G$2:$G$48992))} -> 0 | K23: =SUM(K16:K22) -> 0 | L23: {=SUMPRODUCT(('HR2to5 - PY data'!$A$2:$A$48992=$C$4)*('HR2to5 - PY data'!$B$2:$B$48992=$D$4)*('HR2to5 - PY data'!$C$2:$C$48992=$E$4)*('HR2to5 - PY data'!$F$2:$F$48992=L$22)*('HR2to5 - PY data'!$E$2:$E$48992=$A23)*('HR2to5 - PY data'!$G$2:$G$48992))} -> 0 | M23: {=SUMPRODUCT(('HR2to5 - PY data'!$A$2:$A$48992=$C$4)*('HR2to5 - PY data'!$B$2:$B$48992=$D$4)*('HR2to5 - PY data'!$C$2:$C$48992=$E$4)*('HR2to5 - PY data'!$F$2:$F$48992=M$22)*('HR2to5 - PY data'!$E$2:$E$48992=$A23)*('HR2to5 - PY data'!$G$2:$G$48992))} -> 0 | N23: {=SUMPRODUCT(('HR2to5 - PY data'!$A$2:$A$48992=$C$4)*('HR2to5 - PY data'!$B$2:$B$48992=$D$4)*('HR2to5 - PY data'!$C$2:$C$48992=$E$4)*('HR2to5 - PY data'!$F$2:$F$48992=N$22)*('HR2to5 - PY data'!$E$2:$E$48992=$A23)*('HR2to5 - PY data'!$G$2:$G$48992))} -> 0 | O23: {=SUMPRODUCT(('HR2to5 - PY data'!$A$2:$A$48992=$C$4)*('HR2to5 - PY data'!$B$2:$B$48992=$D$4)*('HR2to5 - PY data'!$C$2:$C$48992=$E$4)*('HR2to5 - PY data'!$F$2:$F$48992=O$22)*('HR2to5 - PY data'!$E$2:$E$48992=$A23)*('HR2to5 - PY data'!$G$2:$G$48992))} -> 0 | P23: =SUM(P16:P22) -> 0 | Q23: {=SUMPRODUCT(('HR2to5 - PY data'!$A$2:$A$48992=$C$4)*('HR2to5 - PY data'!$B$2:$B$48992=$D$4)*('HR2to5 - PY data'!$C$2:$C$48992=$E$4)*('HR2to5 - PY data'!$F$2:$F$48992=Q$22)*('HR2to5 - PY data'!$E$2:$E$48992=$A23)*('HR2to5 - PY data'!$G$2:$G$48992))} -> 0 | R23: {=SUMPRODUCT(('HR2to5 - PY data'!$A$2:$A$48992=$C$4)*('HR2to5 - PY data'!$B$2:$B$48992=$D$4)*('HR2to5 - PY data'!$C$2:$C$48992=$E$4)*('HR2to5 - PY data'!$F$2:$F$48992=R$22)*('HR2to5 - PY data'!$E$2:$E$48992=$A23)*('HR2to5 - PY data'!$G$2:$G$48992))} -> 0 | S23: {=SUMPRODUCT(('HR2to5 - PY data'!$A$2:$A$48992=$C$4)*('HR2to5 - PY data'!$B$2:$B$48992=$D$4)*('HR2to5 - PY data'!$C$2:$C$48992=$E$4)*('HR2to5 - PY data'!$F$2:$F$48992=S$22)*('HR2to5 - PY data'!$E$2:$E$48992=$A23)*('HR2to5 - PY data'!$G$2:$G$48992))} -> 0 | T23: {=SUMPRODUCT(('HR2to5 - PY data'!$A$2:$A$48992=$C$4)*('HR2to5 - PY data'!$B$2:$B$48992=$D$4)*('HR2to5 - PY data'!$C$2:$C$48992=$E$4)*('HR2to5 - PY data'!$F$2:$F$48992=T$22)*('HR2to5 - PY data'!$E$2:$E$48992=$A23)*('HR2to5 - PY data'!$G$2:$G$48992))} -> 0 | U23: =F11+K11+P11+U11+F23+K23+P23 -> 0
A24: Area Manager | B24: {=SUMPRODUCT(('HR2to5 - PY data'!$A$2:$A$48992=$C$4)*('HR2to5 - PY data'!$B$2:$B$48992=$D$4)*('HR2to5 - PY data'!$C$2:$C$48992=$E$4)*('HR2to5 - PY data'!$F$2:$F$48992=B$22)*('HR2to5 - PY data'!$E$2:$E$48992=$A24)*('HR2to5 - PY data'!$G$2:$G$48992))} -> 0 | C24: {=SUMPRODUCT(('HR2to5 - PY data'!$A$2:$A$48992=$C$4)*('HR2to5 - PY data'!$B$2:$B$48992=$D$4)*('HR2to5 - PY data'!$C$2:$C$48992=$E$4)*('HR2to5 - PY data'!$F$2:$F$48992=C$22)*('HR2to5 - PY data'!$E$2:$E$48992=$A24)*('HR2to5 - PY data'!$G$2:$G$48992))} -> 0 | D24: {=SUMPRODUCT(('HR2to5 - PY data'!$A$2:$A$48992=$C$4)*('HR2to5 - PY data'!$B$2:$B$48992=$D$4)*('HR2to5 - PY data'!$C$2:$C$48992=$E$4)*('HR2to5 - PY data'!$F$2:$F$48992=D$22)*('HR2to5 - PY data'!$E$2:$E$48992=$A24)*('HR2to5 - PY data'!$G$2:$G$48992))} -> 0 | E24: {=SUMPRODUCT(('HR2to5 - PY data'!$A$2:$A$48992=$C$4)*('HR2to5 - PY data'!$B$2:$B$48992=$D$4)*('HR2to5 - PY data'!$C$2:$C$48992=$E$4)*('HR2to5 - PY data'!$F$2:$F$48992=E$22)*('HR2to5 - PY data'!$E$2:$E$48992=$A24)*('HR2to5 - PY data'!$G$2:$G$48992))} -> 0 | F24: =SUM(F17:F23) -> 0 | G24: {=SUMPRODUCT(('HR2to5 - PY data'!$A$2:$A$48992=$C$4)*('HR2to5 - PY data'!$B$2:$B$48992=$D$4)*('HR2to5 - PY data'!$C$2:$C$48992=$E$4)*('HR2to5 - PY data'!$F$2:$F$48992=G$22)*('HR2to5 - PY data'!$E$2:$E$48992=$A24)*('HR2to5 - PY data'!$G$2:$G$48992))} -> 0 | H24: {=SUMPRODUCT(('HR2to5 - PY data'!$A$2:$A$48992=$C$4)*('HR2to5 - PY data'!$B$2:$B$48992=$D$4)*('HR2to5 - PY data'!$C$2:$C$48992=$E$4)*('HR2to5 - PY data'!$F$2:$F$48992=H$22)*('HR2to5 - PY data'!$E$2:$E$48992=$A24)*('HR2to5 - PY data'!$G$2:$G$48992))} -> 0 | I24: {=SUMPRODUCT(('HR2to5 - PY data'!$A$2:$A$48992=$C$4)*('HR2to5 - PY data'!$B$2:$B$48992=$D$4)*('HR2to5 - PY data'!$C$2:$C$48992=$E$4)*('HR2to5 - PY data'!$F$2:$F$48992=I$22)*('HR2to5 - PY data'!$E$2:$E$48992=$A24)*('HR2to5 - PY data'!$G$2:$G$48992))} -> 0 | J24: {=SUMPRODUCT(('HR2to5 - PY data'!$A$2:$A$48992=$C$4)*('HR2to5 - PY data'!$B$2:$B$48992=$D$4)*('HR2to5 - PY data'!$C$2:$C$48992=$E$4)*('HR2to5 - PY data'!$F$2:$F$48992=J$22)*('HR2to5 - PY data'!$E$2:$E$48992=$A24)*('HR2to5 - PY data'!$G$2:$G$48992))} -> 0 | K24: =SUM(K17:K23) -> 0 | L24: {=SUMPRODUCT(('HR2to5 - PY data'!$A$2:$A$48992=$C$4)*('HR2to5 - PY data'!$B$2:$B$48992=$D$4)*('HR2to5 - PY data'!$C$2:$C$48992=$E$4)*('HR2to5 - PY data'!$F$2:$F$48992=L$22)*('HR2to5 - PY data'!$E$2:$E$48992=$A24)*('HR2to5 - PY data'!$G$2:$G$48992))} -> 0 | M24: {=SUMPRODUCT(('HR2to5 - PY data'!$A$2:$A$48992=$C$4)*('HR2to5 - PY data'!$B$2:$B$48992=$D$4)*('HR2to5 - PY data'!$C$2:$C$48992=$E$4)*('HR2to5 - PY data'!$F$2:$F$48992=M$22)*('HR2to5 - PY data'!$E$2:$E$48992=$A24)*('HR2to5 - PY data'!$G$2:$G$48992))} -> 0 | N24: {=SUMPRODUCT(('HR2to5 - PY data'!$A$2:$A$48992=$C$4)*('HR2to5 - PY data'!$B$2:$B$48992=$D$4)*('HR2to5 - PY data'!$C$2:$C$48992=$E$4)*('HR2to5 - PY data'!$F$2:$F$48992=N$22)*('HR2to5 - PY data'!$E$2:$E$48992=$A24)*('HR2to5 - PY data'!$G$2:$G$48992))} -> 0 | O24: {=SUMPRODUCT(('HR2to5 - PY data'!$A$2:$A$48992=$C$4)*('HR2to5 - PY data'!$B$2:$B$48992=$D$4)*('HR2to5 - PY data'!$C$2:$C$48992=$E$4)*('HR2to5 - PY data'!$F$2:$F$48992=O$22)*('HR2to5 - PY data'!$E$2:$E$48992=$A24)*('HR2to5 - PY data'!$G$2:$G$48992))} -> 0 | P24: =SUM(P17:P23) -> 0 | Q24: {=SUMPRODUCT(('HR2to5 - PY data'!$A$2:$A$48992=$C$4)*('HR2to5 - PY data'!$B$2:$B$48992=$D$4)*('HR2to5 - PY data'!$C$2:$C$48992=$E$4)*('HR2to5 - PY data'!$F$2:$F$48992=Q$22)*('HR2to5 - PY data'!$E$2:$E$48992=$A24)*('HR2to5 - PY data'!$G$2:$G$48992))} -> 0 | R24: {=SUMPRODUCT(('HR2to5 - PY data'!$A$2:$A$48992=$C$4)*('HR2to5 - PY data'!$B$2:$B$48992=$D$4)*('HR2to5 - PY data'!$C$2:$C$48992=$E$4)*('HR2to5 - PY data'!$F$2:$F$48992=R$22)*('HR2to5 - PY data'!$E$2:$E$48992=$A24)*('HR2to5 - PY data'!$G$2:$G$48992))} -> 0 | S24: {=SUMPRODUCT(('HR2to5 - PY data'!$A$2:$A$48992=$C$4)*('HR2to5 - PY data'!$B$2:$B$48992=$D$4)*('HR2to5 - PY data'!$C$2:$C$48992=$E$4)*('HR2to5 - PY data'!$F$2:$F$48992=S$22)*('HR2to5 - PY data'!$E$2:$E$48992=$A24)*('HR2to5 - PY data'!$G$2:$G$48992))} -> 0 | T24: {=SUMPRODUCT(('HR2to5 - PY data'!$A$2:$A$48992=$C$4)*('HR2to5 - PY data'!$B$2:$B$48992=$D$4)*('HR2to5 - PY data'!$C$2:$C$48992=$E$4)*('HR2to5 - PY data'!$F$2:$F$48992=T$22)*('HR2to5 - PY data'!$E$2:$E$48992=$A24)*('HR2to5 - PY data'!$G$2:$G$48992))} -> 0 | U24: =F12+K12+P12+U12+F24+K24+P24 -> 0
A25: Group Manager | B25: {=SUMPRODUCT(('HR2to5 - PY data'!$A$2:$A$48992=$C$4)*('HR2to5 - PY data'!$B$2:$B$48992=$D$4)*('HR2to5 - PY data'!$C$2:$C$48992=$E$4)*('HR2to5 - PY data'!$F$2:$F$48992=B$22)*('HR2to5 - PY data'!$E$2:$E$48992=$A25)*('HR2to5 - PY data'!$G$2:$G$48992))} -> 0 | C25: {=SUMPRODUCT(('HR2to5 - PY data'!$A$2:$A$48992=$C$4)*('HR2to5 - PY data'!$B$2:$B$48992=$D$4)*('HR2to5 - PY data'!$C$2:$C$48992=$E$4)*('HR2to5 - PY data'!$F$2:$F$48992=C$22)*('HR2to5 - PY data'!$E$2:$E$48992=$A25)*('HR2to5 - PY data'!$G$2:$G$48992))} -> 0 | D25: {=SUMPRODUCT(('HR2to5 - PY data'!$A$2:$A$48992=$C$4)*('HR2to5 - PY data'!$B$2:$B$48992=$D$4)*('HR2to5 - PY data'!$C$2:$C$48992=$E$4)*('HR2to5 - PY data'!$F$2:$F$48992=D$22)*('HR2to5 - PY data'!$E$2:$E$48992=$A25)*('HR2to5 - PY data'!$G$2:$G$48992))} -> 0 | E25: {=SUMPRODUCT(('HR2to5 - PY data'!$A$2:$A$48992=$C$4)*('HR2to5 - PY data'!$B$2:$B$48992=$D$4)*('HR2to5 - PY data'!$C$2:$C$48992=$E$4)*('HR2to5 - PY data'!$F$2:$F$48992=E$22)*('HR2to5 - PY data'!$E$2:$E$48992=$A25)*('HR2to5 - PY data'!$G$2:$G$48992))} -> 0 | F25: =SUM(F18:F24) -> 0 | G25: {=SUMPRODUCT(('HR2to5 - PY data'!$A$2:$A$48992=$C$4)*('HR2to5 - PY data'!$B$2:$B$48992=$D$4)*('HR2to5 - PY data'!$C$2:$C$48992=$E$4)*('HR2to5 - PY data'!$F$2:$F$48992=G$22)*('HR2to5 - PY data'!$E$2:$E$48992=$A25)*('HR2to5 - PY data'!$G$2:$G$48992))} -> 0 | H25: {=SUMPRODUCT(('HR2to5 - PY data'!$A$2:$A$48992=$C$4)*('HR2to5 - PY data'!$B$2:$B$48992=$D$4)*('HR2to5 - PY data'!$C$2:$C$48992=$E$4)*('HR2to5 - PY data'!$F$2:$F$48992=H$22)*('HR2to5 - PY data'!$E$2:$E$48992=$A25)*('HR2to5 - PY data'!$G$2:$G$48992))} -> 0 | I25: {=SUMPRODUCT(('HR2to5 - PY data'!$A$2:$A$48992=$C$4)*('HR2to5 - PY data'!$B$2:$B$48992=$D$4)*('HR2to5 - PY data'!$C$2:$C$48992=$E$4)*('HR2to5 - PY data'!$F$2:$F$48992=I$22)*('HR2to5 - PY data'!$E$2:$E$48992=$A25)*('HR2to5 - PY data'!$G$2:$G$48992))} -> 0 | J25: {=SUMPRODUCT(('HR2to5 - PY data'!$A$2:$A$48992=$C$4)*('HR2to5 - PY data'!$B$2:$B$48992=$D$4)*('HR2to5 - PY data'!$C$2:$C$48992=$E$4)*('HR2to5 - PY data'!$F$2:$F$48992=J$22)*('HR2to5 - PY data'!$E$2:$E$48992=$A25)*('HR2to5 - PY data'!$G$2:$G$48992))} -> 0 | K25: =SUM(K18:K24) -> 0 | L25: {=SUMPRODUCT(('HR2to5 - PY data'!$A$2:$A$48992=$C$4)*('HR2to5 - PY data'!$B$2:$B$48992=$D$4)*('HR2to5 - PY data'!$C$2:$C$48992=$E$4)*('HR2to5 - PY data'!$F$2:$F$48992=L$22)*('HR2to5 - PY data'!$E$2:$E$48992=$A25)*('HR2to5 - PY data'!$G$2:$G$48992))} -> 0 | M25: {=SUMPRODUCT(('HR2to5 - PY data'!$A$2:$A$48992=$C$4)*('HR2to5 - PY data'!$B$2:$B$48992=$D$4)*('HR2to5 - PY data'!$C$2:$C$48992=$E$4)*('HR2to5 - PY data'!$F$2:$F$48992=M$22)*('HR2to5 - PY data'!$E$2:$E$48992=$A25)*('HR2to5 - PY data'!$G$2:$G$48992))} -> 0 | N25: {=SUMPRODUCT(('HR2to5 - PY data'!$A$2:$A$48992=$C$4)*('HR2to5 - PY data'!$B$2:$B$48992=$D$4)*('HR2to5 - PY data'!$C$2:$C$48992=$E$4)*('HR2to5 - PY data'!$F$2:$F$48992=N$22)*('HR2to5 - PY data'!$E$2:$E$48992=$A25)*('HR2to5 - PY data'!$G$2:$G$48992))} -> 0 | O25: {=SUMPRODUCT(('HR2to5 - PY data'!$A$2:$A$48992=$C$4)*('HR2to5 - PY data'!$B$2:$B$48992=$D$4)*('HR2to5 - PY data'!$C$2:$C$48992=$E$4)*('HR2to5 - PY data'!$F$2:$F$48992=O$22)*('HR2to5 - PY data'!$E$2:$E$48992=$A25)*('HR2to5 - PY data'!$G$2:$G$48992))} -> 0 | P25: =SUM(P18:P24) -> 0 | Q25: {=SUMPRODUCT(('HR2to5 - PY data'!$A$2:$A$48992=$C$4)*('HR2to5 - PY data'!$B$2:$B$48992=$D$4)*('HR2to5 - PY data'!$C$2:$C$48992=$E$4)*('HR2to5 - PY data'!$F$2:$F$48992=Q$22)*('HR2to5 - PY data'!$E$2:$E$48992=$A25)*('HR2to5 - PY data'!$G$2:$G$48992))} -> 0 | R25: {=SUMPRODUCT(('HR2to5 - PY data'!$A$2:$A$48992=$C$4)*('HR2to5 - PY data'!$B$2:$B$48992=$D$4)*('HR2to5 - PY data'!$C$2:$C$48992=$E$4)*('HR2to5 - PY data'!$F$2:$F$48992=R$22)*('HR2to5 - PY data'!$E$2:$E$48992=$A25)*('HR2to5 - PY data'!$G$2:$G$48992))} -> 0 | S25: {=SUMPRODUCT(('HR2to5 - PY data'!$A$2:$A$48992=$C$4)*('HR2to5 - PY data'!$B$2:$B$48992=$D$4)*('HR2to5 - PY data'!$C$2:$C$48992=$E$4)*('HR2to5 - PY data'!$F$2:$F$48992=S$22)*('HR2to5 - PY data'!$E$2:$E$48992=$A25)*('HR2to5 - PY data'!$G$2:$G$48992))} -> 0 | T25: {=SUMPRODUCT(('HR2to5 - PY data'!$A$2:$A$48992=$C$4)*('HR2to5 - PY data'!$B$2:$B$48992=$D$4)*('HR2to5 - PY data'!$C$2:$C$48992=$E$4)*('HR2to5 - PY data'!$F$2:$F$48992=T$22)*('HR2to5 - PY data'!$E$2:$E$48992=$A25)*('HR2to5 - PY data'!$G$2:$G$48992))} -> 0 | U25: =F13+K13+P13+U13+F25+K25+P25 -> 0
A26: Station Manager | B26: {=SUMPRODUCT(('HR2to5 - PY data'!$A$2:$A$48992=$C$4)*('HR2to5 - PY data'!$B$2:$B$48992=$D$4)*('HR2to5 - PY data'!$C$2:$C$48992=$E$4)*('HR2to5 - PY data'!$F$2:$F$48992=B$22)*('HR2to5 - PY data'!$E$2:$E$48992=$A26)*('HR2to5 - PY data'!$G$2:$G$48992))} -> 0 | C26: {=SUMPRODUCT(('HR2to5 - PY data'!$A$2:$A$48992=$C$4)*('HR2to5 - PY data'!$B$2:$B$48992=$D$4)*('HR2to5 - PY data'!$C$2:$C$48992=$E$4)*('HR2to5 - PY data'!$F$2:$F$48992=C$22)*('HR2to5 - PY data'!$E$2:$E$48992=$A26)*('HR2to5 - PY data'!$G$2:$G$48992))} -> 0 | D26: {=SUMPRODUCT(('HR2to5 - PY data'!$A$2:$A$48992=$C$4)*('HR2to5 - PY data'!$B$2:$B$48992=$D$4)*('HR2to5 - PY data'!$C$2:$C$48992=$E$4)*('HR2to5 - PY data'!$F$2:$F$48992=D$22)*('HR2to5 - PY data'!$E$2:$E$48992=$A26)*('HR2to5 - PY data'!$G$2:$G$48992))} -> 0 | E26: {=SUMPRODUCT(('HR2to5 - PY data'!$A$2:$A$48992=$C$4)*('HR2to5 - PY data'!$B$2:$B$48992=$D$4)*('HR2to5 - PY data'!$C$2:$C$48992=$E$4)*('HR2to5 - PY data'!$F$2:$F$48992=E$22)*('HR2to5 - PY data'!$E$2:$E$48992=$A26)*('HR2to5 - PY data'!$G$2:$G$48992))} -> 0 | F26: =SUM(F19:F25) -> 0 | G26: {=SUMPRODUCT(('HR2to5 - PY data'!$A$2:$A$48992=$C$4)*('HR2to5 - PY data'!$B$2:$B$48992=$D$4)*('HR2to5 - PY data'!$C$2:$C$48992=$E$4)*('HR2to5 - PY data'!$F$2:$F$48992=G$22)*('HR2to5 - PY data'!$E$2:$E$48992=$A26)*('HR2to5 - PY data'!$G$2:$G$48992))} -> 0 | H26: {=SUMPRODUCT(('HR2to5 - PY data'!$A$2:$A$48992=$C$4)*('HR2to5 - PY data'!$B$2:$B$48992=$D$4)*('HR2to5 - PY data'!$C$2:$C$48992=$E$4)*('HR2to5 - PY data'!$F$2:$F$48992=H$22)*('HR2to5 - PY data'!$E$2:$E$48992=$A26)*('HR2to5 - PY data'!$G$2:$G$48992))} -> 0 | I26: {=SUMPRODUCT(('HR2to5 - PY data'!$A$2:$A$48992=$C$4)*('HR2to5 - PY data'!$B$2:$B$48992=$D$4)*('HR2to5 - PY data'!$C$2:$C$48992=$E$4)*('HR2to5 - PY data'!$F$2:$F$48992=I$22)*('HR2to5 - PY data'!$E$2:$E$48992=$A26)*('HR2to5 - PY data'!$G$2:$G$48992))} -> 0 | J26: {=SUMPRODUCT(('HR2to5 - PY data'!$A$2:$A$48992=$C$4)*('HR2to5 - PY data'!$B$2:$B$48992=$D$4)*('HR2to5 - PY data'!$C$2:$C$48992=$E$4)*('HR2to5 - PY data'!$F$2:$F$48992=J$22)*('HR2to5 - PY data'!$E$2:$E$48992=$A26)*('HR2to5 - PY data'!$G$2:$G$48992))} -> 0 | K26: =SUM(K19:K25) -> 0 | L26: {=SUMPRODUCT(('HR2to5 - PY data'!$A$2:$A$48992=$C$4)*('HR2to5 - PY data'!$B$2:$B$48992=$D$4)*('HR2to5 - PY data'!$C$2:$C$48992=$E$4)*('HR2to5 - PY data'!$F$2:$F$48992=L$22)*('HR2to5 - PY data'!$E$2:$E$48992=$A26)*('HR2to5 - PY data'!$G$2:$G$48992))} -> 0 | M26: {=SUMPRODUCT(('HR2to5 - PY data'!$A$2:$A$48992=$C$4)*('HR2to5 - PY data'!$B$2:$B$48992=$D$4)*('HR2to5 - PY data'!$C$2:$C$48992=$E$4)*('HR2to5 - PY data'!$F$2:$F$48992=M$22)*('HR2to5 - PY data'!$E$2:$E$48992=$A26)*('HR2to5 - PY data'!$G$2:$G$48992))} -> 0 | N26: {=SUMPRODUCT(('HR2to5 - PY data'!$A$2:$A$48992=$C$4)*('HR2to5 - PY data'!$B$2:$B$48992=$D$4)*('HR2to5 - PY data'!$C$2:$C$48992=$E$4)*('HR2to5 - PY data'!$F$2:$F$48992=N$22)*('HR2to5 - PY data'!$E$2:$E$48992=$A26)*('HR2to5 - PY data'!$G$2:$G$48992))} -> 0 | O26: {=SUMPRODUCT(('HR2to5 - PY data'!$A$2:$A$48992=$C$4)*('HR2to5 - PY data'!$B$2:$B$48992=$D$4)*('HR2to5 - PY data'!$C$2:$C$48992=$E$4)*('HR2to5 - PY data'!$F$2:$F$48992=O$22)*('HR2to5 - PY data'!$E$2:$E$48992=$A26)*('HR2to5 - PY data'!$G$2:$G$48992))} -> 0 | P26: =SUM(P19:P25) -> 0 | Q26: {=SUMPRODUCT(('HR2to5 - PY data'!$A$2:$A$48992=$C$4)*('HR2to5 - PY data'!$B$2:$B$48992=$D$4)*('HR2to5 - PY data'!$C$2:$C$48992=$E$4)*('HR2to5 - PY data'!$F$2:$F$48992=Q$22)*('HR2to5 - PY data'!$E$2:$E$48992=$A26)*('HR2to5 - PY data'!$G$2:$G$48992))} -> 0 | R26: {=SUMPRODUCT(('HR2to5 - PY data'!$A$2:$A$48992=$C$4)*('HR2to5 - PY data'!$B$2:$B$48992=$D$4)*('HR2to5 - PY data'!$C$2:$C$48992=$E$4)*('HR2to5 - PY data'!$F$2:$F$48992=R$22)*('HR2to5 - PY data'!$E$2:$E$48992=$A26)*('HR2to5 - PY data'!$G$2:$G$48992))} -> 0 | S26: {=SUMPRODUCT(('HR2to5 - PY data'!$A$2:$A$48992=$C$4)*('HR2to5 - PY data'!$B$2:$B$48992=$D$4)*('HR2to5 - PY data'!$C$2:$C$48992=$E$4)*('HR2to5 - PY data'!$F$2:$F$48992=S$22)*('HR2to5 - PY data'!$E$2:$E$48992=$A26)*('HR2to5 - PY data'!$G$2:$G$48992))} -> 0 | T26: {=SUMPRODUCT(('HR2to5 - PY data'!$A$2:$A$48992=$C$4)*('HR2to5 - PY data'!$B$2:$B$48992=$D$4)*('HR2to5 - PY data'!$C$2:$C$48992=$E$4)*('HR2to5 - PY data'!$F$2:$F$48992=T$22)*('HR2to5 - PY data'!$E$2:$E$48992=$A26)*('HR2to5 - PY data'!$G$2:$G$48992))} -> 0 | U26: =F14+K14+P14+U14+F26+K26+P26 -> 0
A27: Watch Manager | B27: {=SUMPRODUCT(('HR2to5 - PY data'!$A$2:$A$48992=$C$4)*('HR2to5 - PY data'!$B$2:$B$48992=$D$4)*('HR2to5 - PY data'!$C$2:$C$48992=$E$4)*('HR2to5 - PY data'!$F$2:$F$48992=B$22)*('HR2to5 - PY data'!$E$2:$E$48992=$A27)*('HR2to5 - PY data'!$G$2:$G$48992))} -> 0 | C27: {=SUMPRODUCT(('HR2to5 - PY data'!$A$2:$A$48992=$C$4)*('HR2to5 - PY data'!$B$2:$B$48992=$D$4)*('HR2to5 - PY data'!$C$2:$C$48992=$E$4)*('HR2to5 - PY data'!$F$2:$F$48992=C$22)*('HR2to5 - PY data'!$E$2:$E$48992=$A27)*('HR2to5 - PY data'!$G$2:$G$48992))} -> 0 | D27: {=SUMPRODUCT(('HR2to5 - PY data'!$A$2:$A$48992=$C$4)*('HR2to5 - PY data'!$B$2:$B$48992=$D$4)*('HR2to5 - PY data'!$C$2:$C$48992=$E$4)*('HR2to5 - PY data'!$F$2:$F$48992=D$22)*('HR2to5 - PY data'!$E$2:$E$48992=$A27)*('HR2to5 - PY data'!$G$2:$G$48992))} -> 0 | E27: {=SUMPRODUCT(('HR2to5 - PY data'!$A$2:$A$48992=$C$4)*('HR2to5 - PY data'!$B$2:$B$48992=$D$4)*('HR2to5 - PY data'!$C$2:$C$48992=$E$4)*('HR2to5 - PY data'!$F$2:$F$48992=E$22)*('HR2to5 - PY data'!$E$2:$E$48992=$A27)*('HR2to5 - PY data'!$G$2:$G$48992))} -> 0 | F27: =SUM(F20:F26) -> 0 | G27: {=SUMPRODUCT(('HR2to5 - PY data'!$A$2:$A$48992=$C$4)*('HR2to5 - PY data'!$B$2:$B$48992=$D$4)*('HR2to5 - PY data'!$C$2:$C$48992=$E$4)*('HR2to5 - PY data'!$F$2:$F$48992=G$22)*('HR2to5 - PY data'!$E$2:$E$48992=$A27)*('HR2to5 - PY data'!$G$2:$G$48992))} -> 0 | H27: {=SUMPRODUCT(('HR2to5 - PY data'!$A$2:$A$48992=$C$4)*('HR2to5 - PY data'!$B$2:$B$48992=$D$4)*('HR2to5 - PY data'!$C$2:$C$48992=$E$4)*('HR2to5 - PY data'!$F$2:$F$48992=H$22)*('HR2to5 - PY data'!$E$2:$E$48992=$A27)*('HR2to5 - PY data'!$G$2:$G$48992))} -> 0 | I27: {=SUMPRODUCT(('HR2to5 - PY data'!$A$2:$A$48992=$C$4)*('HR2to5 - PY data'!$B$2:$B$48992=$D$4)*('HR2to5 - PY data'!$C$2:$C$48992=$E$4)*('HR2to5 - PY data'!$F$2:$F$48992=I$22)*('HR2to5 - PY data'!$E$2:$E$48992=$A27)*('HR2to5 - PY data'!$G$2:$G$48992))} -> 0 | J27: {=SUMPRODUCT(('HR2to5 - PY data'!$A$2:$A$48992=$C$4)*('HR2to5 - PY data'!$B$2:$B$48992=$D$4)*('HR2to5 - PY data'!$C$2:$C$48992=$E$4)*('HR2to5 - PY data'!$F$2:$F$48992=J$22)*('HR2to5 - PY data'!$E$2:$E$48992=$A27)*('HR2to5 - PY data'!$G$2:$G$48992))} -> 0 | K27: =SUM(K20:K26) -> 0 | L27: {=SUMPRODUCT(('HR2to5 - PY data'!$A$2:$A$48992=$C$4)*('HR2to5 - PY data'!$B$2:$B$48992=$D$4)*('HR2to5 - PY data'!$C$2:$C$48992=$E$4)*('HR2to5 - PY data'!$F$2:$F$48992=L$22)*('HR2to5 - PY data'!$E$2:$E$48992=$A27)*('HR2to5 - PY data'!$G$2:$G$48992))} -> 0 | M27: {=SUMPRODUCT(('HR2to5 - PY data'!$A$2:$A$48992=$C$4)*('HR2to5 - PY data'!$B$2:$B$48992=$D$4)*('HR2to5 - PY data'!$C$2:$C$48992=$E$4)*('HR2to5 - PY data'!$F$2:$F$48992=M$22)*('HR2to5 - PY data'!$E$2:$E$48992=$A27)*('HR2to5 - PY data'!$G$2:$G$48992))} -> 0 | N27: {=SUMPRODUCT(('HR2to5 - PY data'!$A$2:$A$48992=$C$4)*('HR2to5 - PY data'!$B$2:$B$48992=$D$4)*('HR2to5 - PY data'!$C$2:$C$48992=$E$4)*('HR2to5 - PY data'!$F$2:$F$48992=N$22)*('HR2to5 - PY data'!$E$2:$E$48992=$A27)*('HR2to5 - PY data'!$G$2:$G$48992))} -> 0 | O27: {=SUMPRODUCT(('HR2to5 - PY data'!$A$2:$A$48992=$C$4)*('HR2to5 - PY data'!$B$2:$B$48992=$D$4)*('HR2to5 - PY data'!$C$2:$C$48992=$E$4)*('HR2to5 - PY data'!$F$2:$F$48992=O$22)*('HR2to5 - PY data'!$E$2:$E$48992=$A27)*('HR2to5 - PY data'!$G$2:$G$48992))} -> 0 | P27: =SUM(P20:P26) -> 0 | Q27: {=SUMPRODUCT(('HR2to5 - PY data'!$A$2:$A$48992=$C$4)*('HR2to5 - PY data'!$B$2:$B$48992=$D$4)*('HR2to5 - PY data'!$C$2:$C$48992=$E$4)*('HR2to5 - PY data'!$F$2:$F$48992=Q$22)*('HR2to5 - PY data'!$E$2:$E$48992=$A27)*('HR2to5 - PY data'!$G$2:$G$48992))} -> 0 | R27: {=SUMPRODUCT(('HR2to5 - PY data'!$A$2:$A$48992=$C$4)*('HR2to5 - PY data'!$B$2:$B$48992=$D$4)*('HR2to5 - PY data'!$C$2:$C$48992=$E$4)*('HR2to5 - PY data'!$F$2:$F$48992=R$22)*('HR2to5 - PY data'!$E$2:$E$48992=$A27)*('HR2to5 - PY data'!$G$2:$G$48992))} -> 0 | S27: {=SUMPRODUCT(('HR2to5 - PY data'!$A$2:$A$48992=$C$4)*('HR2to5 - PY data'!$B$2:$B$48992=$D$4)*('HR2to5 - PY data'!$C$2:$C$48992=$E$4)*('HR2to5 - PY data'!$F$2:$F$48992=S$22)*('HR2to5 - PY data'!$E$2:$E$48992=$A27)*('HR2to5 - PY data'!$G$2:$G$48992))} -> 0 | T27: {=SUMPRODUCT(('HR2to5 - PY data'!$A$2:$A$48992=$C$4)*('HR2to5 - PY data'!$B$2:$B$48992=$D$4)*('HR2to5 - PY data'!$C$2:$C$48992=$E$4)*('HR2to5 - PY data'!$F$2:$F$48992=T$22)*('HR2to5 - PY data'!$E$2:$E$48992=$A27)*('HR2to5 - PY data'!$G$2:$G$48992))} -> 0 | U27: =F15+K15+P15+U15+F27+K27+P27 -> 0
A28: Crew Manager | B28: {=SUMPRODUCT(('HR2to5 - PY data'!$A$2:$A$48992=$C$4)*('HR2to5 - PY data'!$B$2:$B$48992=$D$4)*('HR2to5 - PY data'!$C$2:$C$48992=$E$4)*('HR2to5 - PY data'!$F$2:$F$48992=B$22)*('HR2to5 - PY data'!$E$2:$E$48992=$A28)*('HR2to5 - PY data'!$G$2:$G$48992))} -> 0 | C28: {=SUMPRODUCT(('HR2to5 - PY data'!$A$2:$A$48992=$C$4)*('HR2to5 - PY data'!$B$2:$B$48992=$D$4)*('HR2to5 - PY data'!$C$2:$C$48992=$E$4)*('HR2to5 - PY data'!$F$2:$F$48992=C$22)*('HR2to5 - PY data'!$E$2:$E$48992=$A28)*('HR2to5 - PY data'!$G$2:$G$48992))} -> 0 | D28: {=SUMPRODUCT(('HR2to5 - PY data'!$A$2:$A$48992=$C$4)*('HR2to5 - PY data'!$B$2:$B$48992=$D$4)*('HR2to5 - PY data'!$C$2:$C$48992=$E$4)*('HR2to5 - PY data'!$F$2:$F$48992=D$22)*('HR2to5 - PY data'!$E$2:$E$48992=$A28)*('HR2to5 - PY data'!$G$2:$G$48992))} -> 0 | E28: {=SUMPRODUCT(('HR2to5 - PY data'!$A$2:$A$48992=$C$4)*('HR2to5 - PY data'!$B$2:$B$48992=$D$4)*('HR2to5 - PY data'!$C$2:$C$48992=$E$4)*('HR2to5 - PY data'!$F$2:$F$48992=E$22)*('HR2to5 - PY data'!$E$2:$E$48992=$A28)*('HR2to5 - PY data'!$G$2:$G$48992))} -> 0 | F28: =SUM(F21:F27) -> 0 | G28: {=SUMPRODUCT(('HR2to5 - PY data'!$A$2:$A$48992=$C$4)*('HR2to5 - PY data'!$B$2:$B$48992=$D$4)*('HR2to5 - PY data'!$C$2:$C$48992=$E$4)*('HR2to5 - PY data'!$F$2:$F$48992=G$22)*('HR2to5 - PY data'!$E$2:$E$48992=$A28)*('HR2to5 - PY data'!$G$2:$G$48992))} -> 0 | H28: {=SUMPRODUCT(('HR2to5 - PY data'!$A$2:$A$48992=$C$4)*('HR2to5 - PY data'!$B$2:$B$48992=$D$4)*('HR2to5 - PY data'!$C$2:$C$48992=$E$4)*('HR2to5 - PY data'!$F$2:$F$48992=H$22)*('HR2to5 - PY data'!$E$2:$E$48992=$A28)*('HR2to5 - PY data'!$G$2:$G$48992))} -> 0 | I28: {=SUMPRODUCT(('HR2to5 - PY data'!$A$2:$A$48992=$C$4)*('HR2to5 - PY data'!$B$2:$B$48992=$D$4)*('HR2to5 - PY data'!$C$2:$C$48992=$E$4)*('HR2to5 - PY data'!$F$2:$F$48992=I$22)*('HR2to5 - PY data'!$E$2:$E$48992=$A28)*('HR2to5 - PY data'!$G$2:$G$48992))} -> 0 | J28: {=SUMPRODUCT(('HR2to5 - PY data'!$A$2:$A$48992=$C$4)*('HR2to5 - PY data'!$B$2:$B$48992=$D$4)*('HR2to5 - PY data'!$C$2:$C$48992=$E$4)*('HR2to5 - PY data'!$F$2:$F$48992=J$22)*('HR2to5 - PY data'!$E$2:$E$48992=$A28)*('HR2to5 - PY data'!$G$2:$G$48992))} -> 0 | K28: =SUM(K21:K27) -> 0 | L28: {=SUMPRODUCT(('HR2to5 - PY data'!$A$2:$A$48992=$C$4)*('HR2to5 - PY data'!$B$2:$B$48992=$D$4)*('HR2to5 - PY data'!$C$2:$C$48992=$E$4)*('HR2to5 - PY data'!$F$2:$F$48992=L$22)*('HR2to5 - PY data'!$E$2:$E$48992=$A28)*('HR2to5 - PY data'!$G$2:$G$48992))} -> 0 | M28: {=SUMPRODUCT(('HR2to5 - PY data'!$A$2:$A$48992=$C$4)*('HR2to5 - PY data'!$B$2:$B$48992=$D$4)*('HR2to5 - PY data'!$C$2:$C$48992=$E$4)*('HR2to5 - PY data'!$F$2:$F$48992=M$22)*('HR2to5 - PY data'!$E$2:$E$48992=$A28)*('HR2to5 - PY data'!$G$2:$G$48992))} -> 0 | N28: {=SUMPRODUCT(('HR2to5 - PY data'!$A$2:$A$48992=$C$4)*('HR2to5 - PY data'!$B$2:$B$48992=$D$4)*('HR2to5 - PY data'!$C$2:$C$48992=$E$4)*('HR2to5 - PY data'!$F$2:$F$48992=N$22)*('HR2to5 - PY data'!$E$2:$E$48992=$A28)*('HR2to5 - PY data'!$G$2:$G$48992))} -> 0 | O28: {=SUMPRODUCT(('HR2to5 - PY data'!$A$2:$A$48992=$C$4)*('HR2to5 - PY data'!$B$2:$B$48992=$D$4)*('HR2to5 - PY data'!$C$2:$C$48992=$E$4)*('HR2to5 - PY data'!$F$2:$F$48992=O$22)*('HR2to5 - PY data'!$E$2:$E$48992=$A28)*('HR2to5 - PY data'!$G$2:$G$48992))} -> 0 | P28: =SUM(P21:P27) -> 0 | Q28: {=SUMPRODUCT(('HR2to5 - PY data'!$A$2:$A$48992=$C$4)*('HR2to5 - PY data'!$B$2:$B$48992=$D$4)*('HR2to5 - PY data'!$C$2:$C$48992=$E$4)*('HR2to5 - PY data'!$F$2:$F$48992=Q$22)*('HR2to5 - PY data'!$E$2:$E$48992=$A28)*('HR2to5 - PY data'!$G$2:$G$48992))} -> 0 | R28: {=SUMPRODUCT(('HR2to5 - PY data'!$A$2:$A$48992=$C$4)*('HR2to5 - PY data'!$B$2:$B$48992=$D$4)*('HR2to5 - PY data'!$C$2:$C$48992=$E$4)*('HR2to5 - PY data'!$F$2:$F$48992=R$22)*('HR2to5 - PY data'!$E$2:$E$48992=$A28)*('HR2to5 - PY data'!$G$2:$G$48992))} -> 0 | S28: {=SUMPRODUCT(('HR2to5 - PY data'!$A$2:$A$48992=$C$4)*('HR2to5 - PY data'!$B$2:$B$48992=$D$4)*('HR2to5 - PY data'!$C$2:$C$48992=$E$4)*('HR2to5 - PY data'!$F$2:$F$48992=S$22)*('HR2to5 - PY data'!$E$2:$E$48992=$A28)*('HR2to5 - PY data'!$G$2:$G$48992))} -> 0 | T28: {=SUMPRODUCT(('HR2to5 - PY data'!$A$2:$A$48992=$C$4)*('HR2to5 - PY data'!$B$2:$B$48992=$D$4)*('HR2to5 - PY data'!$C$2:$C$48992=$E$4)*('HR2to5 - PY data'!$F$2:$F$48992=T$22)*('HR2to5 - PY data'!$E$2:$E$48992=$A28)*('HR2to5 - PY data'!$G$2:$G$48992))} -> 0 | U28: =F16+K16+P16+U16+F28+K28+P28 -> 0
A29: Firefighter | B29: {=SUMPRODUCT(('HR2to5 - PY data'!$A$2:$A$48992=$C$4)*('HR2to5 - PY data'!$B$2:$B$48992=$D$4)*('HR2to5 - PY data'!$C$2:$C$48992=$E$4)*('HR2to5 - PY data'!$F$2:$F$48992=B$22)*('HR2to5 - PY data'!$E$2:$E$48992=$A29)*('HR2to5 - PY data'!$G$2:$G$48992))} -> 0 | C29: {=SUMPRODUCT(('HR2to5 - PY data'!$A$2:$A$48992=$C$4)*('HR2to5 - PY data'!$B$2:$B$48992=$D$4)*('HR2to5 - PY data'!$C$2:$C$48992=$E$4)*('HR2to5 - PY data'!$F$2:$F$48992=C$22)*('HR2to5 - PY data'!$E$2:$E$48992=$A29)*('HR2to5 - PY data'!$G$2:$G$48992))} -> 0 | D29: {=SUMPRODUCT(('HR2to5 - PY data'!$A$2:$A$48992=$C$4)*('HR2to5 - PY data'!$B$2:$B$48992=$D$4)*('HR2to5 - PY data'!$C$2:$C$48992=$E$4)*('HR2to5 - PY data'!$F$2:$F$48992=D$22)*('HR2to5 - PY data'!$E$2:$E$48992=$A29)*('HR2to5 - PY data'!$G$2:$G$48992))} -> 0 | E29: {=SUMPRODUCT(('HR2to5 - PY data'!$A$2:$A$48992=$C$4)*('HR2to5 - PY data'!$B$2:$B$48992=$D$4)*('HR2to5 - PY data'!$C$2:$C$48992=$E$4)*('HR2to5 - PY data'!$F$2:$F$48992=E$22)*('HR2to5 - PY data'!$E$2:$E$48992=$A29)*('HR2to5 - PY data'!$G$2:$G$48992))} -> 0 | F29: =SUM(F22:F28) -> 0 | G29: {=SUMPRODUCT(('HR2to5 - PY data'!$A$2:$A$48992=$C$4)*('HR2to5 - PY data'!$B$2:$B$48992=$D$4)*('HR2to5 - PY data'!$C$2:$C$48992=$E$4)*('HR2to5 - PY data'!$F$2:$F$48992=G$22)*('HR2to5 - PY data'!$E$2:$E$48992=$A29)*('HR2to5 - PY data'!$G$2:$G$48992))} -> 0 | H29: {=SUMPRODUCT(('HR2to5 - PY data'!$A$2:$A$48992=$C$4)*('HR2to5 - PY data'!$B$2:$B$48992=$D$4)*('HR2to5 - PY data'!$C$2:$C$48992=$E$4)*('HR2to5 - PY data'!$F$2:$F$48992=H$22)*('HR2to5 - PY data'!$E$2:$E$48992=$A29)*('HR2to5 - PY data'!$G$2:$G$48992))} -> 0 | I29: {=SUMPRODUCT(('HR2to5 - PY data'!$A$2:$A$48992=$C$4)*('HR2to5 - PY data'!$B$2:$B$48992=$D$4)*('HR2to5 - PY data'!$C$2:$C$48992=$E$4)*('HR2to5 - PY data'!$F$2:$F$48992=I$22)*('HR2to5 - PY data'!$E$2:$E$48992=$A29)*('HR2to5 - PY data'!$G$2:$G$48992))} -> 0 | J29: {=SUMPRODUCT(('HR2to5 - PY data'!$A$2:$A$48992=$C$4)*('HR2to5 - PY data'!$B$2:$B$48992=$D$4)*('HR2to5 - PY data'!$C$2:$C$48992=$E$4)*('HR2to5 - PY data'!$F$2:$F$48992=J$22)*('HR2to5 - PY data'!$E$2:$E$48992=$A29)*('HR2to5 - PY data'!$G$2:$G$48992))} -> 0 | K29: =SUM(K22:K28) -> 0 | L29: {=SUMPRODUCT(('HR2to5 - PY data'!$A$2:$A$48992=$C$4)*('HR2to5 - PY data'!$B$2:$B$48992=$D$4)*('HR2to5 - PY data'!$C$2:$C$48992=$E$4)*('HR2to5 - PY data'!$F$2:$F$48992=L$22)*('HR2to5 - PY data'!$E$2:$E$48992=$A29)*('HR2to5 - PY data'!$G$2:$G$48992))} -> 0 | M29: {=SUMPRODUCT(('HR2to5 - PY data'!$A$2:$A$48992=$C$4)*('HR2to5 - PY data'!$B$2:$B$48992=$D$4)*('HR2to5 - PY data'!$C$2:$C$48992=$E$4)*('HR2to5 - PY data'!$F$2:$F$48992=M$22)*('HR2to5 - PY data'!$E$2:$E$48992=$A29)*('HR2to5 - PY data'!$G$2:$G$48992))} -> 0 | N29: {=SUMPRODUCT(('HR2to5 - PY data'!$A$2:$A$48992=$C$4)*('HR2to5 - PY data'!$B$2:$B$48992=$D$4)*('HR2to5 - PY data'!$C$2:$C$48992=$E$4)*('HR2to5 - PY data'!$F$2:$F$48992=N$22)*('HR2to5 - PY data'!$E$2:$E$48992=$A29)*('HR2to5 - PY data'!$G$2:$G$48992))} -> 0 | O29: {=SUMPRODUCT(('HR2to5 - PY data'!$A$2:$A$48992=$C$4)*('HR2to5 - PY data'!$B$2:$B$48992=$D$4)*('HR2to5 - PY data'!$C$2:$C$48992=$E$4)*('HR2to5 - PY data'!$F$2:$F$48992=O$22)*('HR2to5 - PY data'!$E$2:$E$48992=$A29)*('HR2to5 - PY data'!$G$2:$G$48992))} -> 0 | P29: =SUM(P22:P28) -> 0 | Q29: {=SUMPRODUCT(('HR2to5 - PY data'!$A$2:$A$48992=$C$4)*('HR2to5 - PY data'!$B$2:$B$48992=$D$4)*('HR2to5 - PY data'!$C$2:$C$48992=$E$4)*('HR2to5 - PY data'!$F$2:$F$48992=Q$22)*('HR2to5 - PY data'!$E$2:$E$48992=$A29)*('HR2to5 - PY data'!$G$2:$G$48992))} -> 0 | R29: {=SUMPRODUCT(('HR2to5 - PY data'!$A$2:$A$48992=$C$4)*('HR2to5 - PY data'!$B$2:$B$48992=$D$4)*('HR2to5 - PY data'!$C$2:$C$48992=$E$4)*('HR2to5 - PY data'!$F$2:$F$48992=R$22)*('HR2to5 - PY data'!$E$2:$E$48992=$A29)*('HR2to5 - PY data'!$G$2:$G$48992))} -> 0 | S29: {=SUMPRODUCT(('HR2to5 - PY data'!$A$2:$A$48992=$C$4)*('HR2to5 - PY data'!$B$2:$B$48992=$D$4)*('HR2to5 - PY data'!$C$2:$C$48992=$E$4)*('HR2to5 - PY data'!$F$2:$F$48992=S$22)*('HR2to5 - PY data'!$E$2:$E$48992=$A29)*('HR2to5 - PY data'!$G$2:$G$48992))} -> 0 | T29: {=SUMPRODUCT(('HR2to5 - PY data'!$A$2:$A$48992=$C$4)*('HR2to5 - PY data'!$B$2:$B$48992=$D$4)*('HR2to5 - PY data'!$C$2:$C$48992=$E$4)*('HR2to5 - PY data'!$F$2:$F$48992=T$22)*('HR2to5 - PY data'!$E$2:$E$48992=$A29)*('HR2to5 - PY data'!$G$2:$G$48992))} -> 0 | U29: =F17+K17+P17+U17+F29+K29+P29 -> 0
A30: Total | B30: =SUM(B23:B29) -> 0 | C30: =SUM(C23:C29) -> 0 | D30: =SUM(D23:D29) -> 0 | E30: =SUM(E23:E29) -> 0 | F30: =SUM(F23:F29) -> 0 | G30: =SUM(G23:G29) -> 0 | H30: =SUM(H23:H29) -> 0 | I30: =SUM(I23:I29) -> 0 | ... P30: =SUM(P23:P29) -> 0 | Q30: =B18+G18+L18+Q18+B30+G30+L30 -> 0 | R30: =C18+H18+M18+R18+C30+H30+M30 -> 0 | S30: =D18+I18+N18+S18+D30+I30+N30 -> 0 | T30: =E18+J18+O18+T18+E30+J30+O30 -> 0 | U30: =F18+K18+P18+U18+F30+K30+P30 -> 0
B34: White | C34: White_British_or_Irish | D34: White: Irish | E34: White: Gypsy or Irish Traveller | F34: White: Roma | G34: Any_other_white_background | H34: Mixed | I34: Mixed or Multiple Ethnic Groups: White and Black Caribbean | J34: Mixed or Multiple Ethnic Groups: White and Black African | K34: Mixed or Multiple Ethnic Groups: White and Asian | L34: Any other Mixed / Multiple ethnic background
A35: Brigade Manager | B35: =C35+G35 -> 0 | C35: {=SUMPRODUCT(('HR2to5 - PY data'!$A$2:$A$48992=$C$4)*('HR2to5 - PY data'!$B$2:$B$48992=$D$4)*('HR2to5 - PY data'!$C$2:$C$48992=$E$4)*('HR2to5 - PY data'!$F$2:$F$48992=C$34)*('HR2to5 - PY data'!$E$2:$E$48992=$A35)*('HR2to5 - PY data'!$G$2:$G$48992))} -> 0 | D35: {=SUMPRODUCT(('HR2to5 - PY data'!$A$2:$A$48992=$C$4)*('HR2to5 - PY data'!$B$2:$B$48992=$D$4)*('HR2to5 - PY data'!$C$2:$C$48992=$E$4)*('HR2to5 - PY data'!$F$2:$F$48992=D$34)*('HR2to5 - PY data'!$E$2:$E$48992=$A35)*('HR2to5 - PY data'!$G$2:$G$48992))} -> 0 | E35: {=SUMPRODUCT(('HR2to5 - PY data'!$A$2:$A$48992=$C$4)*('HR2to5 - PY data'!$B$2:$B$48992=$D$4)*('HR2to5 - PY data'!$C$2:$C$48992=$E$4)*('HR2to5 - PY data'!$F$2:$F$48992=E$34)*('HR2to5 - PY data'!$E$2:$E$48992=$A35)*('HR2to5 - PY data'!$G$2:$G$48992))} -> 0 | F35: {=SUMPRODUCT(('HR2to5 - PY data'!$A$2:$A$48992=$C$4)*('HR2to5 - PY data'!$B$2:$B$48992=$D$4)*('HR2to5 - PY data'!$C$2:$C$48992=$E$4)*('HR2to5 - PY data'!$F$2:$F$48992=F$34)*('HR2to5 - PY data'!$E$2:$E$48992=$A35)*('HR2to5 - PY data'!$G$2:$G$48992))} -> 0 | G35: {=SUMPRODUCT(('HR2to5 - PY data'!$A$2:$A$48992=$C$4)*('HR2to5 - PY data'!$B$2:$B$48992=$D$4)*('HR2to5 - PY data'!$C$2:$C$48992=$E$4)*('HR2to5 - PY data'!$F$2:$F$48992=G$34)*('HR2to5 - PY data'!$E$2:$E$48992=$A35)*('HR2to5 - PY data'!$G$2:$G$48992))} -> 0 | H35: {=SUMPRODUCT(('HR2to5 - PY data'!$A$2:$A$48992=$C$4)*('HR2to5 - PY data'!$B$2:$B$48992=$D$4)*('HR2to5 - PY data'!$C$2:$C$48992=$E$4)*('HR2to5 - PY data'!$F$2:$F$48992=H$34)*('HR2to5 - PY data'!$E$2:$E$48992=$A35)*('HR2to5 - PY data'!$G$2:$G$48992))} -> 0 | I35: {=SUMPRODUCT(('HR2to5 - PY data'!$A$2:$A$48992=$C$4)*('HR2to5 - PY data'!$B$2:$B$48992=$D$4)*('HR2to5 - PY data'!$C$2:$C$48992=$E$4)*('HR2to5 - PY data'!$F$2:$F$48992=I$34)*('HR2to5 - PY data'!$E$2:$E$48992=$A35)*('HR2to5 - PY data'!$G$2:$G$48992))} -> 0 | J35: {=SUMPRODUCT(('HR2to5 - PY data'!$A$2:$A$48992=$C$4)*('HR2to5 - PY data'!$B$2:$B$48992=$D$4)*('HR2to5 - PY data'!$C$2:$C$48992=$E$4)*('HR2to5 - PY data'!$F$2:$F$48992=J$34)*('HR2to5 - PY data'!$E$2:$E$48992=$A35)*('HR2to5 - PY data'!$G$2:$G$48992))} -> 0 | ... M35: {=SUMPRODUCT(('HR2to5 - PY data'!$A$2:$A$48992=$C$4)*('HR2to5 - PY data'!$B$2:$B$48992=$D$4)*('HR2to5 - PY data'!$C$2:$C$48992=$E$4)*('HR2to5 - PY data'!$F$2:$F$48992=M$34)*('HR2to5 - PY data'!$E$2:$E$48992=$A35)*('HR2to5 - PY data'!$G$2:$G$48992))} -> 0
A36: Area Manager | B36: =C36+G36 -> 0 | C36: {=SUMPRODUCT(('HR2to5 - PY data'!$A$2:$A$48992=$C$4)*('HR2to5 - PY data'!$B$2:$B$48992=$D$4)*('HR2to5 - PY data'!$C$2:$C$48992=$E$4)*('HR2to5 - PY data'!$F$2:$F$48992=C$34)*('HR2to5 - PY data'!$E$2:$E$48992=$A36)*('HR2to5 - PY data'!$G$2:$G$48992))} -> 0 | D36: {=SUMPRODUCT(('HR2to5 - PY data'!$A$2:$A$48992=$C$4)*('HR2to5 - PY data'!$B$2:$B$48992=$D$4)*('HR2to5 - PY data'!$C$2:$C$48992=$E$4)*('HR2to5 - PY data'!$F$2:$F$48992=D$34)*('HR2to5 - PY data'!$E$2:$E$48992=$A36)*('HR2to5 - PY data'!$G$2:$G$48992))} -> 0 | E36: {=SUMPRODUCT(('HR2to5 - PY data'!$A$2:$A$48992=$C$4)*('HR2to5 - PY data'!$B$2:$B$48992=$D$4)*('HR2to5 - PY data'!$C$2:$C$48992=$E$4)*('HR2to5 - PY data'!$F$2:$F$48992=E$34)*('HR2to5 - PY data'!$E$2:$E$48992=$A36)*('HR2to5 - PY data'!$G$2:$G$48992))} -> 0 | F36: {=SUMPRODUCT(('HR2to5 - PY data'!$A$2:$A$48992=$C$4)*('HR2to5 - PY data'!$B$2:$B$48992=$D$4)*('HR2to5 - PY data'!$C$2:$C$48992=$E$4)*('HR2to5 - PY data'!$F$2:$F$48992=F$34)*('HR2to5 - PY data'!$E$2:$E$48992=$A36)*('HR2to5 - PY data'!$G$2:$G$48992))} -> 0 | G36: {=SUMPRODUCT(('HR2to5 - PY data'!$A$2:$A$48992=$C$4)*('HR2to5 - PY data'!$B$2:$B$48992=$D$4)*('HR2to5 - PY data'!$C$2:$C$48992=$E$4)*('HR2to5 - PY data'!$F$2:$F$48992=G$34)*('HR2to5 - PY data'!$E$2:$E$48992=$A36)*('HR2to5 - PY data'!$G$2:$G$48992))} -> 0 | H36: {=SUMPRODUCT(('HR2to5 - PY data'!$A$2:$A$48992=$C$4)*('HR2to5 - PY data'!$B$2:$B$48992=$D$4)*('HR2to5 - PY data'!$C$2:$C$48992=$E$4)*('HR2to5 - PY data'!$F$2:$F$48992=H$34)*('HR2to5 - PY data'!$E$2:$E$48992=$A36)*('HR2to5 - PY data'!$G$2:$G$48992))} -> 0 | I36: {=SUMPRODUCT(('HR2to5 - PY data'!$A$2:$A$48992=$C$4)*('HR2to5 - PY data'!$B$2:$B$48992=$D$4)*('HR2to5 - PY data'!$C$2:$C$48992=$E$4)*('HR2to5 - PY data'!$F$2:$F$48992=I$34)*('HR2to5 - PY data'!$E$2:$E$48992=$A36)*('HR2to5 - PY data'!$G$2:$G$48992))} -> 0 | J36: {=SUMPRODUCT(('HR2to5 - PY data'!$A$2:$A$48992=$C$4)*('HR2to5 - PY data'!$B$2:$B$48992=$D$4)*('HR2to5 - PY data'!$C$2:$C$48992=$E$4)*('HR2to5 - PY data'!$F$2:$F$48992=J$34)*('HR2to5 - PY data'!$E$2:$E$48992=$A36)*('HR2to5 - PY data'!$G$2:$G$48992))} -> 0 | ... M36: {=SUMPRODUCT(('HR2to5 - PY data'!$A$2:$A$48992=$C$4)*('HR2to5 - PY data'!$B$2:$B$48992=$D$4)*('HR2to5 - PY data'!$C$2:$C$48992=$E$4)*('HR2to5 - PY data'!$F$2:$F$48992=M$34)*('HR2to5 - PY data'!$E$2:$E$48992=$A36)*('HR2to5 - PY data'!$G$2:$G$48992))} -> 0
A37: Group Manager | B37: =C37+G37 -> 0 | C37: {=SUMPRODUCT(('HR2to5 - PY data'!$A$2:$A$48992=$C$4)*('HR2to5 - PY data'!$B$2:$B$48992=$D$4)*('HR2to5 - PY data'!$C$2:$C$48992=$E$4)*('HR2to5 - PY data'!$F$2:$F$48992=C$34)*('HR2to5 - PY data'!$E$2:$E$48992=$A37)*('HR2to5 - PY data'!$G$2:$G$48992))} -> 0 | D37: {=SUMPRODUCT(('HR2to5 - PY data'!$A$2:$A$48992=$C$4)*('HR2to5 - PY data'!$B$2:$B$48992=$D$4)*('HR2to5 - PY data'!$C$2:$C$48992=$E$4)*('HR2to5 - PY data'!$F$2:$F$48992=D$34)*('HR2to5 - PY data'!$E$2:$E$48992=$A37)*('HR2to5 - PY data'!$G$2:$G$48992))} -> 0 | E37: {=SUMPRODUCT(('HR2to5 - PY data'!$A$2:$A$48992=$C$4)*('HR2to5 - PY data'!$B$2:$B$48992=$D$4)*('HR2to5 - PY data'!$C$2:$C$48992=$E$4)*('HR2to5 - PY data'!$F$2:$F$48992=E$34)*('HR2to5 - PY data'!$E$2:$E$48992=$A37)*('HR2to5 - PY data'!$G$2:$G$48992))} -> 0 | F37: {=SUMPRODUCT(('HR2to5 - PY data'!$A$2:$A$48992=$C$4)*('HR2to5 - PY data'!$B$2:$B$48992=$D$4)*('HR2to5 - PY data'!$C$2:$C$48992=$E$4)*('HR2to5 - PY data'!$F$2:$F$48992=F$34)*('HR2to5 - PY data'!$E$2:$E$48992=$A37)*('HR2to5 - PY data'!$G$2:$G$48992))} -> 0 | G37: {=SUMPRODUCT(('HR2to5 - PY data'!$A$2:$A$48992=$C$4)*('HR2to5 - PY data'!$B$2:$B$48992=$D$4)*('HR2to5 - PY data'!$C$2:$C$48992=$E$4)*('HR2to5 - PY data'!$F$2:$F$48992=G$34)*('HR2to5 - PY data'!$E$2:$E$48992=$A37)*('HR2to5 - PY data'!$G$2:$G$48992))} -> 0 | H37: {=SUMPRODUCT(('HR2to5 - PY data'!$A$2:$A$48992=$C$4)*('HR2to5 - PY data'!$B$2:$B$48992=$D$4)*('HR2to5 - PY data'!$C$2:$C$48992=$E$4)*('HR2to5 - PY data'!$F$2:$F$48992=H$34)*('HR2to5 - PY data'!$E$2:$E$48992=$A37)*('HR2to5 - PY data'!$G$2:$G$48992))} -> 0 | I37: {=SUMPRODUCT(('HR2to5 - PY data'!$A$2:$A$48992=$C$4)*('HR2to5 - PY data'!$B$2:$B$48992=$D$4)*('HR2to5 - PY data'!$C$2:$C$48992=$E$4)*('HR2to5 - PY data'!$F$2:$F$48992=I$34)*('HR2to5 - PY data'!$E$2:$E$48992=$A37)*('HR2to5 - PY data'!$G$2:$G$48992))} -> 0 | J37: {=SUMPRODUCT(('HR2to5 - PY data'!$A$2:$A$48992=$C$4)*('HR2to5 - PY data'!$B$2:$B$48992=$D$4)*('HR2to5 - PY data'!$C$2:$C$48992=$E$4)*('HR2to5 - PY data'!$F$2:$F$48992=J$34)*('HR2to5 - PY data'!$E$2:$E$48992=$A37)*('HR2to5 - PY data'!$G$2:$G$48992))} -> 0 | ... M37: {=SUMPRODUCT(('HR2to5 - PY data'!$A$2:$A$48992=$C$4)*('HR2to5 - PY data'!$B$2:$B$48992=$D$4)*('HR2to5 - PY data'!$C$2:$C$48992=$E$4)*('HR2to5 - PY data'!$F$2:$F$48992=M$34)*('HR2to5 - PY data'!$E$2:$E$48992=$A37)*('HR2to5 - PY data'!$G$2:$G$48992))} -> 0
A38: Station Manager | B38: =C38+G38 -> 0 | C38: {=SUMPRODUCT(('HR2to5 - PY data'!$A$2:$A$48992=$C$4)*('HR2to5 - PY data'!$B$2:$B$48992=$D$4)*('HR2to5 - PY data'!$C$2:$C$48992=$E$4)*('HR2to5 - PY data'!$F$2:$F$48992=C$34)*('HR2to5 - PY data'!$E$2:$E$48992=$A38)*('HR2to5 - PY data'!$G$2:$G$48992))} -> 0 | D38: {=SUMPRODUCT(('HR2to5 - PY data'!$A$2:$A$48992=$C$4)*('HR2to5 - PY data'!$B$2:$B$48992=$D$4)*('HR2to5 - PY data'!$C$2:$C$48992=$E$4)*('HR2to5 - PY data'!$F$2:$F$48992=D$34)*('HR2to5 - PY data'!$E$2:$E$48992=$A38)*('HR2to5 - PY data'!$G$2:$G$48992))} -> 0 | E38: {=SUMPRODUCT(('HR2to5 - PY data'!$A$2:$A$48992=$C$4)*('HR2to5 - PY data'!$B$2:$B$48992=$D$4)*('HR2to5 - PY data'!$C$2:$C$48992=$E$4)*('HR2to5 - PY data'!$F$2:$F$48992=E$34)*('HR2to5 - PY data'!$E$2:$E$48992=$A38)*('HR2to5 - PY data'!$G$2:$G$48992))} -> 0 | F38: {=SUMPRODUCT(('HR2to5 - PY data'!$A$2:$A$48992=$C$4)*('HR2to5 - PY data'!$B$2:$B$48992=$D$4)*('HR2to5 - PY data'!$C$2:$C$48992=$E$4)*('HR2to5 - PY data'!$F$2:$F$48992=F$34)*('HR2to5 - PY data'!$E$2:$E$48992=$A38)*('HR2to5 - PY data'!$G$2:$G$48992))} -> 0 | G38: {=SUMPRODUCT(('HR2to5 - PY data'!$A$2:$A$48992=$C$4)*('HR2to5 - PY data'!$B$2:$B$48992=$D$4)*('HR2to5 - PY data'!$C$2:$C$48992=$E$4)*('HR2to5 - PY data'!$F$2:$F$48992=G$34)*('HR2to5 - PY data'!$E$2:$E$48992=$A38)*('HR2to5 - PY data'!$G$2:$G$48992))} -> 0 | H38: {=SUMPRODUCT(('HR2to5 - PY data'!$A$2:$A$48992=$C$4)*('HR2to5 - PY data'!$B$2:$B$48992=$D$4)*('HR2to5 - PY data'!$C$2:$C$48992=$E$4)*('HR2to5 - PY data'!$F$2:$F$48992=H$34)*('HR2to5 - PY data'!$E$2:$E$48992=$A38)*('HR2to5 - PY data'!$G$2:$G$48992))} -> 0 | I38: {=SUMPRODUCT(('HR2to5 - PY data'!$A$2:$A$48992=$C$4)*('HR2to5 - PY data'!$B$2:$B$48992=$D$4)*('HR2to5 - PY data'!$C$2:$C$48992=$E$4)*('HR2to5 - PY data'!$F$2:$F$48992=I$34)*('HR2to5 - PY data'!$E$2:$E$48992=$A38)*('HR2to5 - PY data'!$G$2:$G$48992))} -> 0 | J38: {=SUMPRODUCT(('HR2to5 - PY data'!$A$2:$A$48992=$C$4)*('HR2to5 - PY data'!$B$2:$B$48992=$D$4)*('HR2to5 - PY data'!$C$2:$C$48992=$E$4)*('HR2to5 - PY data'!$F$2:$F$48992=J$34)*('HR2to5 - PY data'!$E$2:$E$48992=$A38)*('HR2to5 - PY data'!$G$2:$G$48992))} -> 0 | ... M38: {=SUMPRODUCT(('HR2to5 - PY data'!$A$2:$A$48992=$C$4)*('HR2to5 - PY data'!$B$2:$B$48992=$D$4)*('HR2to5 - PY data'!$C$2:$C$48992=$E$4)*('HR2to5 - PY data'!$F$2:$F$48992=M$34)*('HR2to5 - PY data'!$E$2:$E$48992=$A38)*('HR2to5 - PY data'!$G$2:$G$48992))} -> 0
A39: Watch Manager | B39: =C39+G39 -> 0 | C39: {=SUMPRODUCT(('HR2to5 - PY data'!$A$2:$A$48992=$C$4)*('HR2to5 - PY data'!$B$2:$B$48992=$D$4)*('HR2to5 - PY data'!$C$2:$C$48992=$E$4)*('HR2to5 - PY data'!$F$2:$F$48992=C$34)*('HR2to5 - PY data'!$E$2:$E$48992=$A39)*('HR2to5 - PY data'!$G$2:$G$48992))} -> 0 | D39: {=SUMPRODUCT(('HR2to5 - PY data'!$A$2:$A$48992=$C$4)*('HR2to5 - PY data'!$B$2:$B$48992=$D$4)*('HR2to5 - PY data'!$C$2:$C$48992=$E$4)*('HR2to5 - PY data'!$F$2:$F$48992=D$34)*('HR2to5 - PY data'!$E$2:$E$48992=$A39)*('HR2to5 - PY data'!$G$2:$G$48992))} -> 0 | E39: {=SUMPRODUCT(('HR2to5 - PY data'!$A$2:$A$48992=$C$4)*('HR2to5 - PY data'!$B$2:$B$48992=$D$4)*('HR2to5 - PY data'!$C$2:$C$48992=$E$4)*('HR2to5 - PY data'!$F$2:$F$48992=E$34)*('HR2to5 - PY data'!$E$2:$E$48992=$A39)*('HR2to5 - PY data'!$G$2:$G$48992))} -> 0 | F39: {=SUMPRODUCT(('HR2to5 - PY data'!$A$2:$A$48992=$C$4)*('HR2to5 - PY data'!$B$2:$B$48992=$D$4)*('HR2to5 - PY data'!$C$2:$C$48992=$E$4)*('HR2to5 - PY data'!$F$2:$F$48992=F$34)*('HR2to5 - PY data'!$E$2:$E$48992=$A39)*('HR2to5 - PY data'!$G$2:$G$48992))} -> 0 | G39: {=SUMPRODUCT(('HR2to5 - PY data'!$A$2:$A$48992=$C$4)*('HR2to5 - PY data'!$B$2:$B$48992=$D$4)*('HR2to5 - PY data'!$C$2:$C$48992=$E$4)*('HR2to5 - PY data'!$F$2:$F$48992=G$34)*('HR2to5 - PY data'!$E$2:$E$48992=$A39)*('HR2to5 - PY data'!$G$2:$G$48992))} -> 0 | H39: {=SUMPRODUCT(('HR2to5 - PY data'!$A$2:$A$48992=$C$4)*('HR2to5 - PY data'!$B$2:$B$48992=$D$4)*('HR2to5 - PY data'!$C$2:$C$48992=$E$4)*('HR2to5 - PY data'!$F$2:$F$48992=H$34)*('HR2to5 - PY data'!$E$2:$E$48992=$A39)*('HR2to5 - PY data'!$G$2:$G$48992))} -> 0 | I39: {=SUMPRODUCT(('HR2to5 - PY data'!$A$2:$A$48992=$C$4)*('HR2to5 - PY data'!$B$2:$B$48992=$D$4)*('HR2to5 - PY data'!$C$2:$C$48992=$E$4)*('HR2to5 - PY data'!$F$2:$F$48992=I$34)*('HR2to5 - PY data'!$E$2:$E$48992=$A39)*('HR2to5 - PY data'!$G$2:$G$48992))} -> 0 | J39: {=SUMPRODUCT(('HR2to5 - PY data'!$A$2:$A$48992=$C$4)*('HR2to5 - PY data'!$B$2:$B$48992=$D$4)*('HR2to5 - PY data'!$C$2:$C$48992=$E$4)*('HR2to5 - PY data'!$F$2:$F$48992=J$34)*('HR2to5 - PY data'!$E$2:$E$48992=$A39)*('HR2to5 - PY data'!$G$2:$G$48992))} -> 0 | ... M39: {=SUMPRODUCT(('HR2to5 - PY data'!$A$2:$A$48992=$C$4)*('HR2to5 - PY data'!$B$2:$B$48992=$D$4)*('HR2to5 - PY data'!$C$2:$C$48992=$E$4)*('HR2to5 - PY data'!$F$2:$F$48992=M$34)*('HR2to5 - PY data'!$E$2:$E$48992=$A39)*('HR2to5 - PY data'!$G$2:$G$48992))} -> 0
A40: Crew Manager | B40: =C40+G40 -> 0 | C40: {=SUMPRODUCT(('HR2to5 - PY data'!$A$2:$A$48992=$C$4)*('HR2to5 - PY data'!$B$2:$B$48992=$D$4)*('HR2to5 - PY data'!$C$2:$C$48992=$E$4)*('HR2to5 - PY data'!$F$2:$F$48992=C$34)*('HR2to5 - PY data'!$E$2:$E$48992=$A40)*('HR2to5 - PY data'!$G$2:$G$48992))} -> 0 | D40: {=SUMPRODUCT(('HR2to5 - PY data'!$A$2:$A$48992=$C$4)*('HR2to5 - PY data'!$B$2:$B$48992=$D$4)*('HR2to5 - PY data'!$C$2:$C$48992=$E$4)*('HR2to5 - PY data'!$F$2:$F$48992=D$34)*('HR2to5 - PY data'!$E$2:$E$48992=$A40)*('HR2to5 - PY data'!$G$2:$G$48992))} -> 0 | E40: {=SUMPRODUCT(('HR2to5 - PY data'!$A$2:$A$48992=$C$4)*('HR2to5 - PY data'!$B$2:$B$48992=$D$4)*('HR2to5 - PY data'!$C$2:$C$48992=$E$4)*('HR2to5 - PY data'!$F$2:$F$48992=E$34)*('HR2to5 - PY data'!$E$2:$E$48992=$A40)*('HR2to5 - PY data'!$G$2:$G$48992))} -> 0 | F40: {=SUMPRODUCT(('HR2to5 - PY data'!$A$2:$A$48992=$C$4)*('HR2to5 - PY data'!$B$2:$B$48992=$D$4)*('HR2to5 - PY data'!$C$2:$C$48992=$E$4)*('HR2to5 - PY data'!$F$2:$F$48992=F$34)*('HR2to5 - PY data'!$E$2:$E$48992=$A40)*('HR2to5 - PY data'!$G$2:$G$48992))} -> 0 | G40: {=SUMPRODUCT(('HR2to5 - PY data'!$A$2:$A$48992=$C$4)*('HR2to5 - PY data'!$B$2:$B$48992=$D$4)*('HR2to5 - PY data'!$C$2:$C$48992=$E$4)*('HR2to5 - PY data'!$F$2:$F$48992=G$34)*('HR2to5 - PY data'!$E$2:$E$48992=$A40)*('HR2to5 - PY data'!$G$2:$G$48992))} -> 0 | H40: {=SUMPRODUCT(('HR2to5 - PY data'!$A$2:$A$48992=$C$4)*('HR2to5 - PY data'!$B$2:$B$48992=$D$4)*('HR2to5 - PY data'!$C$2:$C$48992=$E$4)*('HR2to5 - PY data'!$F$2:$F$48992=H$34)*('HR2to5 - PY data'!$E$2:$E$48992=$A40)*('HR2to5 - PY data'!$G$2:$G$48992))} -> 0 | I40: {=SUMPRODUCT(('HR2to5 - PY data'!$A$2:$A$48992=$C$4)*('HR2to5 - PY data'!$B$2:$B$48992=$D$4)*('HR2to5 - PY data'!$C$2:$C$48992=$E$4)*('HR2to5 - PY data'!$F$2:$F$48992=I$34)*('HR2to5 - PY data'!$E$2:$E$48992=$A40)*('HR2to5 - PY data'!$G$2:$G$48992))} -> 0 | J40: {=SUMPRODUCT(('HR2to5 - PY data'!$A$2:$A$48992=$C$4)*('HR2to5 - PY data'!$B$2:$B$48992=$D$4)*('HR2to5 - PY data'!$C$2:$C$48992=$E$4)*('HR2to5 - PY data'!$F$2:$F$48992=J$34)*('HR2to5 - PY data'!$E$2:$E$48992=$A40)*('HR2to5 - PY data'!$G$2:$G$48992))} -> 0 | ... M40: {=SUMPRODUCT(('HR2to5 - PY data'!$A$2:$A$48992=$C$4)*('HR2to5 - PY data'!$B$2:$B$48992=$D$4)*('HR2to5 - PY data'!$C$2:$C$48992=$E$4)*('HR2to5 - PY data'!$F$2:$F$48992=M$34)*('HR2to5 - PY data'!$E$2:$E$48992=$A40)*('HR2to5 - PY data'!$G$2:$G$48992))} -> 0
A41: Firefighter | B41: =C41+G41 -> 0 | C41: {=SUMPRODUCT(('HR2to5 - PY data'!$A$2:$A$48992=$C$4)*('HR2to5 - PY data'!$B$2:$B$48992=$D$4)*('HR2to5 - PY data'!$C$2:$C$48992=$E$4)*('HR2to5 - PY data'!$F$2:$F$48992=C$34)*('HR2to5 - PY data'!$E$2:$E$48992=$A41)*('HR2to5 - PY data'!$G$2:$G$48992))} -> 0 | D41: {=SUMPRODUCT(('HR2to5 - PY data'!$A$2:$A$48992=$C$4)*('HR2to5 - PY data'!$B$2:$B$48992=$D$4)*('HR2to5 - PY data'!$C$2:$C$48992=$E$4)*('HR2to5 - PY data'!$F$2:$F$48992=D$34)*('HR2to5 - PY data'!$E$2:$E$48992=$A41)*('HR2to5 - PY data'!$G$2:$G$48992))} -> 0 | E41: {=SUMPRODUCT(('HR2to5 - PY data'!$A$2:$A$48992=$C$4)*('HR2to5 - PY data'!$B$2:$B$48992=$D$4)*('HR2to5 - PY data'!$C$2:$C$48992=$E$4)*('HR2to5 - PY data'!$F$2:$F$48992=E$34)*('HR2to5 - PY data'!$E$2:$E$48992=$A41)*('HR2to5 - PY data'!$G$2:$G$48992))} -> 0 | F41: {=SUMPRODUCT(('HR2to5 - PY data'!$A$2:$A$48992=$C$4)*('HR2to5 - PY data'!$B$2:$B$48992=$D$4)*('HR2to5 - PY data'!$C$2:$C$48992=$E$4)*('HR2to5 - PY data'!$F$2:$F$48992=F$34)*('HR2to5 - PY data'!$E$2:$E$48992=$A41)*('HR2to5 - PY data'!$G$2:$G$48992))} -> 0 | G41: {=SUMPRODUCT(('HR2to5 - PY data'!$A$2:$A$48992=$C$4)*('HR2to5 - PY data'!$B$2:$B$48992=$D$4)*('HR2to5 - PY data'!$C$2:$C$48992=$E$4)*('HR2to5 - PY data'!$F$2:$F$48992=G$34)*('HR2to5 - PY data'!$E$2:$E$48992=$A41)*('HR2to5 - PY data'!$G$2:$G$48992))} -> 0 | H41: {=SUMPRODUCT(('HR2to5 - PY data'!$A$2:$A$48992=$C$4)*('HR2to5 - PY data'!$B$2:$B$48992=$D$4)*('HR2to5 - PY data'!$C$2:$C$48992=$E$4)*('HR2to5 - PY data'!$F$2:$F$48992=H$34)*('HR2to5 - PY data'!$E$2:$E$48992=$A41)*('HR2to5 - PY data'!$G$2:$G$48992))} -> 0 | I41: {=SUMPRODUCT(('HR2to5 - PY data'!$A$2:$A$48992=$C$4)*('HR2to5 - PY data'!$B$2:$B$48992=$D$4)*('HR2to5 - PY data'!$C$2:$C$48992=$E$4)*('HR2to5 - PY data'!$F$2:$F$48992=I$34)*('HR2to5 - PY data'!$E$2:$E$48992=$A41)*('HR2to5 - PY data'!$G$2:$G$48992))} -> 0 | J41: {=SUMPRODUCT(('HR2to5 - PY data'!$A$2:$A$48992=$C$4)*('HR2to5 - PY data'!$B$2:$B$48992=$D$4)*('HR2to5 - PY data'!$C$2:$C$48992=$E$4)*('HR2to5 - PY data'!$F$2:$F$48992=J$34)*('HR2to5 - PY data'!$E$2:$E$48992=$A41)*('HR2to5 - PY data'!$G$2:$G$48992))} -> 0 | ... M41: {=SUMPRODUCT(('HR2to5 - PY data'!$A$2:$A$48992=$C$4)*('HR2to5 - PY data'!$B$2:$B$48992=$D$4)*('HR2to5 - PY data'!$C$2:$C$48992=$E$4)*('HR2to5 - PY data'!$F$2:$F$48992=M$34)*('HR2to5 - PY data'!$E$2:$E$48992=$A41)*('HR2to5 - PY data'!$G$2:$G$48992))} -> 0
A42: Total | B42: =SUM(B35:B41) -> 0 | C42: =SUM(C35:C41) -> 0 | D42: =SUM(D35:D41) -> 0 | E42: =SUM(E35:E41) -> 0 | F42: =SUM(F35:F41) -> 0 | G42: =SUM(G35:G41) -> 0 | H42: =SUM(H35:H41) -> 0 | I42: =SUM(I35:I41) -> 0 | ... M42: =SUM(M35:M41) -> 0
B46: Asian_or_Asian_British | C46: Asian/Asian British: Indian | D46: Asian/Asian British: Pakistani | E46: Asian/Asian British: Bangladeshi | F46: Chinese | G46: Any other Asian/Asian British background | H46: Black_or_Black_British | I46: Black / African / Caribbean / Black British: African | J46: Black / African / Caribbean / Black British: Caribbean | K46: Any other Black/African/ Caribbean background | L46: Any_other_Minority_Ethnic_Background | M46: Other ethnic group: Arab | N46: Any other ethnic group | O46: Ethnic_origin_Not_Stated
A47: Brigade Manager | B47: {=SUMPRODUCT(('HR2to5 - PY data'!$A$2:$A$48992=$C$4)*('HR2to5 - PY data'!$B$2:$B$48992=$D$4)*('HR2to5 - PY data'!$C$2:$C$48992=$E$4)*('HR2to5 - PY data'!$F$2:$F$48992=B$46)*('HR2to5 - PY data'!$E$2:$E$48992=$A47)*('HR2to5 - PY data'!$G$2:$G$48992))} -> 0 | C47: {=SUMPRODUCT(('HR2to5 - PY data'!$A$2:$A$48992=$C$4)*('HR2to5 - PY data'!$B$2:$B$48992=$D$4)*('HR2to5 - PY data'!$C$2:$C$48992=$E$4)*('HR2to5 - PY data'!$F$2:$F$48992=C$46)*('HR2to5 - PY data'!$E$2:$E$48992=$A47)*('HR2to5 - PY data'!$G$2:$G$48992))} -> 0 | D47: {=SUMPRODUCT(('HR2to5 - PY data'!$A$2:$A$48992=$C$4)*('HR2to5 - PY data'!$B$2:$B$48992=$D$4)*('HR2to5 - PY data'!$C$2:$C$48992=$E$4)*('HR2to5 - PY data'!$F$2:$F$48992=D$46)*('HR2to5 - PY data'!$E$2:$E$48992=$A47)*('HR2to5 - PY data'!$G$2:$G$48992))} -> 0 | E47: {=SUMPRODUCT(('HR2to5 - PY data'!$A$2:$A$48992=$C$4)*('HR2to5 - PY data'!$B$2:$B$48992=$D$4)*('HR2to5 - PY data'!$C$2:$C$48992=$E$4)*('HR2to5 - PY data'!$F$2:$F$48992=E$46)*('HR2to5 - PY data'!$E$2:$E$48992=$A47)*('HR2to5 - PY data'!$G$2:$G$48992))} -> 0 | F47: {=SUMPRODUCT(('HR2to5 - PY data'!$A$2:$A$48992=$C$4)*('HR2to5 - PY data'!$B$2:$B$48992=$D$4)*('HR2to5 - PY data'!$C$2:$C$48992=$E$4)*('HR2to5 - PY data'!$F$2:$F$48992=F$46)*('HR2to5 - PY data'!$E$2:$E$48992=$A47)*('HR2to5 - PY data'!$G$2:$G$48992))} -> 0 | G47: {=SUMPRODUCT(('HR2to5 - PY data'!$A$2:$A$48992=$C$4)*('HR2to5 - PY data'!$B$2:$B$48992=$D$4)*('HR2to5 - PY data'!$C$2:$C$48992=$E$4)*('HR2to5 - PY data'!$F$2:$F$48992=G$46)*('HR2to5 - PY data'!$E$2:$E$48992=$A47)*('HR2to5 - PY data'!$G$2:$G$48992))} -> 0 | H47: {=SUMPRODUCT(('HR2to5 - PY data'!$A$2:$A$48992=$C$4)*('HR2to5 - PY data'!$B$2:$B$48992=$D$4)*('HR2to5 - PY data'!$C$2:$C$48992=$E$4)*('HR2to5 - PY data'!$F$2:$F$48992=H$46)*('HR2to5 - PY data'!$E$2:$E$48992=$A47)*('HR2to5 - PY data'!$G$2:$G$48992))} -> 0 | I47: {=SUMPRODUCT(('HR2to5 - PY data'!$A$2:$A$48992=$C$4)*('HR2to5 - PY data'!$B$2:$B$48992=$D$4)*('HR2to5 - PY data'!$C$2:$C$48992=$E$4)*('HR2to5 - PY data'!$F$2:$F$48992=I$46)*('HR2to5 - PY data'!$E$2:$E$48992=$A47)*('HR2to5 - PY data'!$G$2:$G$48992))} -> 0 | ... O47: {=SUMPRODUCT(('HR2to5 - PY data'!$A$2:$A$48992=$C$4)*('HR2to5 - PY data'!$B$2:$B$48992=$D$4)*('HR2to5 - PY data'!$C$2:$C$48992=$E$4)*('HR2to5 - PY data'!$F$2:$F$48992=O$46)*('HR2to5 - PY data'!$E$2:$E$48992=$A47)*('HR2to5 - PY data'!$G$2:$G$48992))} -> 0
A48: Area Manager | B48: {=SUMPRODUCT(('HR2to5 - PY data'!$A$2:$A$48992=$C$4)*('HR2to5 - PY data'!$B$2:$B$48992=$D$4)*('HR2to5 - PY data'!$C$2:$C$48992=$E$4)*('HR2to5 - PY data'!$F$2:$F$48992=B$46)*('HR2to5 - PY data'!$E$2:$E$48992=$A48)*('HR2to5 - PY data'!$G$2:$G$48992))} -> 0 | C48: {=SUMPRODUCT(('HR2to5 - PY data'!$A$2:$A$48992=$C$4)*('HR2to5 - PY data'!$B$2:$B$48992=$D$4)*('HR2to5 - PY data'!$C$2:$C$48992=$E$4)*('HR2to5 - PY data'!$F$2:$F$48992=C$46)*('HR2to5 - PY data'!$E$2:$E$48992=$A48)*('HR2to5 - PY data'!$G$2:$G$48992))} -> 0 | D48: {=SUMPRODUCT(('HR2to5 - PY data'!$A$2:$A$48992=$C$4)*('HR2to5 - PY data'!$B$2:$B$48992=$D$4)*('HR2to5 - PY data'!$C$2:$C$48992=$E$4)*('HR2to5 - PY data'!$F$2:$F$48992=D$46)*('HR2to5 - PY data'!$E$2:$E$48992=$A48)*('HR2to5 - PY data'!$G$2:$G$48992))} -> 0 | E48: {=SUMPRODUCT(('HR2to5 - PY data'!$A$2:$A$48992=$C$4)*('HR2to5 - PY data'!$B$2:$B$48992=$D$4)*('HR2to5 - PY data'!$C$2:$C$48992=$E$4)*('HR2to5 - PY data'!$F$2:$F$48992=E$46)*('HR2to5 - PY data'!$E$2:$E$48992=$A48)*('HR2to5 - PY data'!$G$2:$G$48992))} -> 0 | F48: {=SUMPRODUCT(('HR2to5 - PY data'!$A$2:$A$48992=$C$4)*('HR2to5 - PY data'!$B$2:$B$48992=$D$4)*('HR2to5 - PY data'!$C$2:$C$48992=$E$4)*('HR2to5 - PY data'!$F$2:$F$48992=F$46)*('HR2to5 - PY data'!$E$2:$E$48992=$A48)*('HR2to5 - PY data'!$G$2:$G$48992))} -> 0 | G48: {=SUMPRODUCT(('HR2to5 - PY data'!$A$2:$A$48992=$C$4)*('HR2to5 - PY data'!$B$2:$B$48992=$D$4)*('HR2to5 - PY data'!$C$2:$C$48992=$E$4)*('HR2to5 - PY data'!$F$2:$F$48992=G$46)*('HR2to5 - PY data'!$E$2:$E$48992=$A48)*('HR2to5 - PY data'!$G$2:$G$48992))} -> 0 | H48: {=SUMPRODUCT(('HR2to5 - PY data'!$A$2:$A$48992=$C$4)*('HR2to5 - PY data'!$B$2:$B$48992=$D$4)*('HR2to5 - PY data'!$C$2:$C$48992=$E$4)*('HR2to5 - PY data'!$F$2:$F$48992=H$46)*('HR2to5 - PY data'!$E$2:$E$48992=$A48)*('HR2to5 - PY data'!$G$2:$G$48992))} -> 0 | I48: {=SUMPRODUCT(('HR2to5 - PY data'!$A$2:$A$48992=$C$4)*('HR2to5 - PY data'!$B$2:$B$48992=$D$4)*('HR2to5 - PY data'!$C$2:$C$48992=$E$4)*('HR2to5 - PY data'!$F$2:$F$48992=I$46)*('HR2to5 - PY data'!$E$2:$E$48992=$A48)*('HR2to5 - PY data'!$G$2:$G$48992))} -> 0 | ... O48: {=SUMPRODUCT(('HR2to5 - PY data'!$A$2:$A$48992=$C$4)*('HR2to5 - PY data'!$B$2:$B$48992=$D$4)*('HR2to5 - PY data'!$C$2:$C$48992=$E$4)*('HR2to5 - PY data'!$F$2:$F$48992=O$46)*('HR2to5 - PY data'!$E$2:$E$48992=$A48)*('HR2to5 - PY data'!$G$2:$G$48992))} -> 0
A49: Group Manager | B49: {=SUMPRODUCT(('HR2to5 - PY data'!$A$2:$A$48992=$C$4)*('HR2to5 - PY data'!$B$2:$B$48992=$D$4)*('HR2to5 - PY data'!$C$2:$C$48992=$E$4)*('HR2to5 - PY data'!$F$2:$F$48992=B$46)*('HR2to5 - PY data'!$E$2:$E$48992=$A49)*('HR2to5 - PY data'!$G$2:$G$48992))} -> 0 | C49: {=SUMPRODUCT(('HR2to5 - PY data'!$A$2:$A$48992=$C$4)*('HR2to5 - PY data'!$B$2:$B$48992=$D$4)*('HR2to5 - PY data'!$C$2:$C$48992=$E$4)*('HR2to5 - PY data'!$F$2:$F$48992=C$46)*('HR2to5 - PY data'!$E$2:$E$48992=$A49)*('HR2to5 - PY data'!$G$2:$G$48992))} -> 0 | D49: {=SUMPRODUCT(('HR2to5 - PY data'!$A$2:$A$48992=$C$4)*('HR2to5 - PY data'!$B$2:$B$48992=$D$4)*('HR2to5 - PY data'!$C$2:$C$48992=$E$4)*('HR2to5 - PY data'!$F$2:$F$48992=D$46)*('HR2to5 - PY data'!$E$2:$E$48992=$A49)*('HR2to5 - PY data'!$G$2:$G$48992))} -> 0 | E49: {=SUMPRODUCT(('HR2to5 - PY data'!$A$2:$A$48992=$C$4)*('HR2to5 - PY data'!$B$2:$B$48992=$D$4)*('HR2to5 - PY data'!$C$2:$C$48992=$E$4)*('HR2to5 - PY data'!$F$2:$F$48992=E$46)*('HR2to5 - PY data'!$E$2:$E$48992=$A49)*('HR2to5 - PY data'!$G$2:$G$48992))} -> 0 | F49: {=SUMPRODUCT(('HR2to5 - PY data'!$A$2:$A$48992=$C$4)*('HR2to5 - PY data'!$B$2:$B$48992=$D$4)*('HR2to5 - PY data'!$C$2:$C$48992=$E$4)*('HR2to5 - PY data'!$F$2:$F$48992=F$46)*('HR2to5 - PY data'!$E$2:$E$48992=$A49)*('HR2to5 - PY data'!$G$2:$G$48992))} -> 0 | G49: {=SUMPRODUCT(('HR2to5 - PY data'!$A$2:$A$48992=$C$4)*('HR2to5 - PY data'!$B$2:$B$48992=$D$4)*('HR2to5 - PY data'!$C$2:$C$48992=$E$4)*('HR2to5 - PY data'!$F$2:$F$48992=G$46)*('HR2to5 - PY data'!$E$2:$E$48992=$A49)*('HR2to5 - PY data'!$G$2:$G$48992))} -> 0 | H49: {=SUMPRODUCT(('HR2to5 - PY data'!$A$2:$A$48992=$C$4)*('HR2to5 - PY data'!$B$2:$B$48992=$D$4)*('HR2to5 - PY data'!$C$2:$C$48992=$E$4)*('HR2to5 - PY data'!$F$2:$F$48992=H$46)*('HR2to5 - PY data'!$E$2:$E$48992=$A49)*('HR2to5 - PY data'!$G$2:$G$48992))} -> 0 | I49: {=SUMPRODUCT(('HR2to5 - PY data'!$A$2:$A$48992=$C$4)*('HR2to5 - PY data'!$B$2:$B$48992=$D$4)*('HR2to5 - PY data'!$C$2:$C$48992=$E$4)*('HR2to5 - PY data'!$F$2:$F$48992=I$46)*('HR2to5 - PY data'!$E$2:$E$48992=$A49)*('HR2to5 - PY data'!$G$2:$G$48992))} -> 0 | ... O49: {=SUMPRODUCT(('HR2to5 - PY data'!$A$2:$A$48992=$C$4)*('HR2to5 - PY data'!$B$2:$B$48992=$D$4)*('HR2to5 - PY data'!$C$2:$C$48992=$E$4)*('HR2to5 - PY data'!$F$2:$F$48992=O$46)*('HR2to5 - PY data'!$E$2:$E$48992=$A49)*('HR2to5 - PY data'!$G$2:$G$48992))} -> 0
A50: Station Manager | B50: {=SUMPRODUCT(('HR2to5 - PY data'!$A$2:$A$48992=$C$4)*('HR2to5 - PY data'!$B$2:$B$48992=$D$4)*('HR2to5 - PY data'!$C$2:$C$48992=$E$4)*('HR2to5 - PY data'!$F$2:$F$48992=B$46)*('HR2to5 - PY data'!$E$2:$E$48992=$A50)*('HR2to5 - PY data'!$G$2:$G$48992))} -> 0 | C50: {=SUMPRODUCT(('HR2to5 - PY data'!$A$2:$A$48992=$C$4)*('HR2to5 - PY data'!$B$2:$B$48992=$D$4)*('HR2to5 - PY data'!$C$2:$C$48992=$E$4)*('HR2to5 - PY data'!$F$2:$F$48992=C$46)*('HR2to5 - PY data'!$E$2:$E$48992=$A50)*('HR2to5 - PY data'!$G$2:$G$48992))} -> 0 | D50: {=SUMPRODUCT(('HR2to5 - PY data'!$A$2:$A$48992=$C$4)*('HR2to5 - PY data'!$B$2:$B$48992=$D$4)*('HR2to5 - PY data'!$C$2:$C$48992=$E$4)*('HR2to5 - PY data'!$F$2:$F$48992=D$46)*('HR2to5 - PY data'!$E$2:$E$48992=$A50)*('HR2to5 - PY data'!$G$2:$G$48992))} -> 0 | E50: {=SUMPRODUCT(('HR2to5 - PY data'!$A$2:$A$48992=$C$4)*('HR2to5 - PY data'!$B$2:$B$48992=$D$4)*('HR2to5 - PY data'!$C$2:$C$48992=$E$4)*('HR2to5 - PY data'!$F$2:$F$48992=E$46)*('HR2to5 - PY data'!$E$2:$E$48992=$A50)*('HR2to5 - PY data'!$G$2:$G$48992))} -> 0 | F50: {=SUMPRODUCT(('HR2to5 - PY data'!$A$2:$A$48992=$C$4)*('HR2to5 - PY data'!$B$2:$B$48992=$D$4)*('HR2to5 - PY data'!$C$2:$C$48992=$E$4)*('HR2to5 - PY data'!$F$2:$F$48992=F$46)*('HR2to5 - PY data'!$E$2:$E$48992=$A50)*('HR2to5 - PY data'!$G$2:$G$48992))} -> 0 | G50: {=SUMPRODUCT(('HR2to5 - PY data'!$A$2:$A$48992=$C$4)*('HR2to5 - PY data'!$B$2:$B$48992=$D$4)*('HR2to5 - PY data'!$C$2:$C$48992=$E$4)*('HR2to5 - PY data'!$F$2:$F$48992=G$46)*('HR2to5 - PY data'!$E$2:$E$48992=$A50)*('HR2to5 - PY data'!$G$2:$G$48992))} -> 0 | H50: {=SUMPRODUCT(('HR2to5 - PY data'!$A$2:$A$48992=$C$4)*('HR2to5 - PY data'!$B$2:$B$48992=$D$4)*('HR2to5 - PY data'!$C$2:$C$48992=$E$4)*('HR2to5 - PY data'!$F$2:$F$48992=H$46)*('HR2to5 - PY data'!$E$2:$E$48992=$A50)*('HR2to5 - PY data'!$G$2:$G$48992))} -> 0 | I50: {=SUMPRODUCT(('HR2to5 - PY data'!$A$2:$A$48992=$C$4)*('HR2to5 - PY data'!$B$2:$B$48992=$D$4)*('HR2to5 - PY data'!$C$2:$C$48992=$E$4)*('HR2to5 - PY data'!$F$2:$F$48992=I$46)*('HR2to5 - PY data'!$E$2:$E$48992=$A50)*('HR2to5 - PY data'!$G$2:$G$48992))} -> 0 | ... O50: {=SUMPRODUCT(('HR2to5 - PY data'!$A$2:$A$48992=$C$4)*('HR2to5 - PY data'!$B$2:$B$48992=$D$4)*('HR2to5 - PY data'!$C$2:$C$48992=$E$4)*('HR2to5 - PY data'!$F$2:$F$48992=O$46)*('HR2to5 - PY data'!$E$2:$E$48992=$A50)*('HR2to5 - PY data'!$G$2:$G$48992))} -> 0
A51: Watch Manager | B51: {=SUMPRODUCT(('HR2to5 - PY data'!$A$2:$A$48992=$C$4)*('HR2to5 - PY data'!$B$2:$B$48992=$D$4)*('HR2to5 - PY data'!$C$2:$C$48992=$E$4)*('HR2to5 - PY data'!$F$2:$F$48992=B$46)*('HR2to5 - PY data'!$E$2:$E$48992=$A51)*('HR2to5 - PY data'!$G$2:$G$48992))} -> 0 | C51: {=SUMPRODUCT(('HR2to5 - PY data'!$A$2:$A$48992=$C$4)*('HR2to5 - PY data'!$B$2:$B$48992=$D$4)*('HR2to5 - PY data'!$C$2:$C$48992=$E$4)*('HR2to5 - PY data'!$F$2:$F$48992=C$46)*('HR2to5 - PY data'!$E$2:$E$48992=$A51)*('HR2to5 - PY data'!$G$2:$G$48992))} -> 0 | D51: {=SUMPRODUCT(('HR2to5 - PY data'!$A$2:$A$48992=$C$4)*('HR2to5 - PY data'!$B$2:$B$48992=$D$4)*('HR2to5 - PY data'!$C$2:$C$48992=$E$4)*('HR2to5 - PY data'!$F$2:$F$48992=D$46)*('HR2to5 - PY data'!$E$2:$E$48992=$A51)*('HR2to5 - PY data'!$G$2:$G$48992))} -> 0 | E51: {=SUMPRODUCT(('HR2to5 - PY data'!$A$2:$A$48992=$C$4)*('HR2to5 - PY data'!$B$2:$B$48992=$D$4)*('HR2to5 - PY data'!$C$2:$C$48992=$E$4)*('HR2to5 - PY data'!$F$2:$F$48992=E$46)*('HR2to5 - PY data'!$E$2:$E$48992=$A51)*('HR2to5 - PY data'!$G$2:$G$48992))} -> 0 | F51: {=SUMPRODUCT(('HR2to5 - PY data'!$A$2:$A$48992=$C$4)*('HR2to5 - PY data'!$B$2:$B$48992=$D$4)*('HR2to5 - PY data'!$C$2:$C$48992=$E$4)*('HR2to5 - PY data'!$F$2:$F$48992=F$46)*('HR2to5 - PY data'!$E$2:$E$48992=$A51)*('HR2to5 - PY data'!$G$2:$G$48992))} -> 0 | G51: {=SUMPRODUCT(('HR2to5 - PY data'!$A$2:$A$48992=$C$4)*('HR2to5 - PY data'!$B$2:$B$48992=$D$4)*('HR2to5 - PY data'!$C$2:$C$48992=$E$4)*('HR2to5 - PY data'!$F$2:$F$48992=G$46)*('HR2to5 - PY data'!$E$2:$E$48992=$A51)*('HR2to5 - PY data'!$G$2:$G$48992))} -> 0 | H51: {=SUMPRODUCT(('HR2to5 - PY data'!$A$2:$A$48992=$C$4)*('HR2to5 - PY data'!$B$2:$B$48992=$D$4)*('HR2to5 - PY data'!$C$2:$C$48992=$E$4)*('HR2to5 - PY data'!$F$2:$F$48992=H$46)*('HR2to5 - PY data'!$E$2:$E$48992=$A51)*('HR2to5 - PY data'!$G$2:$G$48992))} -> 0 | I51: {=SUMPRODUCT(('HR2to5 - PY data'!$A$2:$A$48992=$C$4)*('HR2to5 - PY data'!$B$2:$B$48992=$D$4)*('HR2to5 - PY data'!$C$2:$C$48992=$E$4)*('HR2to5 - PY data'!$F$2:$F$48992=I$46)*('HR2to5 - PY data'!$E$2:$E$48992=$A51)*('HR2to5 - PY data'!$G$2:$G$48992))} -> 0 | ... O51: {=SUMPRODUCT(('HR2to5 - PY data'!$A$2:$A$48992=$C$4)*('HR2to5 - PY data'!$B$2:$B$48992=$D$4)*('HR2to5 - PY data'!$C$2:$C$48992=$E$4)*('HR2to5 - PY data'!$F$2:$F$48992=O$46)*('HR2to5 - PY data'!$E$2:$E$48992=$A51)*('HR2to5 - PY data'!$G$2:$G$48992))} -> 0
A52: Crew Manager | B52: {=SUMPRODUCT(('HR2to5 - PY data'!$A$2:$A$48992=$C$4)*('HR2to5 - PY data'!$B$2:$B$48992=$D$4)*('HR2to5 - PY data'!$C$2:$C$48992=$E$4)*('HR2to5 - PY data'!$F$2:$F$48992=B$46)*('HR2to5 - PY data'!$E$2:$E$48992=$A52)*('HR2to5 - PY data'!$G$2:$G$48992))} -> 0 | C52: {=SUMPRODUCT(('HR2to5 - PY data'!$A$2:$A$48992=$C$4)*('HR2to5 - PY data'!$B$2:$B$48992=$D$4)*('HR2to5 - PY data'!$C$2:$C$48992=$E$4)*('HR2to5 - PY data'!$F$2:$F$48992=C$46)*('HR2to5 - PY data'!$E$2:$E$48992=$A52)*('HR2to5 - PY data'!$G$2:$G$48992))} -> 0 | D52: {=SUMPRODUCT(('HR2to5 - PY data'!$A$2:$A$48992=$C$4)*('HR2to5 - PY data'!$B$2:$B$48992=$D$4)*('HR2to5 - PY data'!$C$2:$C$48992=$E$4)*('HR2to5 - PY data'!$F$2:$F$48992=D$46)*('HR2to5 - PY data'!$E$2:$E$48992=$A52)*('HR2to5 - PY data'!$G$2:$G$48992))} -> 0 | E52: {=SUMPRODUCT(('HR2to5 - PY data'!$A$2:$A$48992=$C$4)*('HR2to5 - PY data'!$B$2:$B$48992=$D$4)*('HR2to5 - PY data'!$C$2:$C$48992=$E$4)*('HR2to5 - PY data'!$F$2:$F$48992=E$46)*('HR2to5 - PY data'!$E$2:$E$48992=$A52)*('HR2to5 - PY data'!$G$2:$G$48992))} -> 0 | F52: {=SUMPRODUCT(('HR2to5 - PY data'!$A$2:$A$48992=$C$4)*('HR2to5 - PY data'!$B$2:$B$48992=$D$4)*('HR2to5 - PY data'!$C$2:$C$48992=$E$4)*('HR2to5 - PY data'!$F$2:$F$48992=F$46)*('HR2to5 - PY data'!$E$2:$E$48992=$A52)*('HR2to5 - PY data'!$G$2:$G$48992))} -> 0 | G52: {=SUMPRODUCT(('HR2to5 - PY data'!$A$2:$A$48992=$C$4)*('HR2to5 - PY data'!$B$2:$B$48992=$D$4)*('HR2to5 - PY data'!$C$2:$C$48992=$E$4)*('HR2to5 - PY data'!$F$2:$F$48992=G$46)*('HR2to5 - PY data'!$E$2:$E$48992=$A52)*('HR2to5 - PY data'!$G$2:$G$48992))} -> 0 | H52: {=SUMPRODUCT(('HR2to5 - PY data'!$A$2:$A$48992=$C$4)*('HR2to5 - PY data'!$B$2:$B$48992=$D$4)*('HR2to5 - PY data'!$C$2:$C$48992=$E$4)*('HR2to5 - PY data'!$F$2:$F$48992=H$46)*('HR2to5 - PY data'!$E$2:$E$48992=$A52)*('HR2to5 - PY data'!$G$2:$G$48992))} -> 0 | I52: {=SUMPRODUCT(('HR2to5 - PY data'!$A$2:$A$48992=$C$4)*('HR2to5 - PY data'!$B$2:$B$48992=$D$4)*('HR2to5 - PY data'!$C$2:$C$48992=$E$4)*('HR2to5 - PY data'!$F$2:$F$48992=I$46)*('HR2to5 - PY data'!$E$2:$E$48992=$A52)*('HR2to5 - PY data'!$G$2:$G$48992))} -> 0 | ... O52: {=SUMPRODUCT(('HR2to5 - PY data'!$A$2:$A$48992=$C$4)*('HR2to5 - PY data'!$B$2:$B$48992=$D$4)*('HR2to5 - PY data'!$C$2:$C$48992=$E$4)*('HR2to5 - PY data'!$F$2:$F$48992=O$46)*('HR2to5 - PY data'!$E$2:$E$48992=$A52)*('HR2to5 - PY data'!$G$2:$G$48992))} -> 0
A53: Firefighter | B53: {=SUMPRODUCT(('HR2to5 - PY data'!$A$2:$A$48992=$C$4)*('HR2to5 - PY data'!$B$2:$B$48992=$D$4)*('HR2to5 - PY data'!$C$2:$C$48992=$E$4)*('HR2to5 - PY data'!$F$2:$F$48992=B$46)*('HR2to5 - PY data'!$E$2:$E$48992=$A53)*('HR2to5 - PY data'!$G$2:$G$48992))} -> 0 | C53: {=SUMPRODUCT(('HR2to5 - PY data'!$A$2:$A$48992=$C$4)*('HR2to5 - PY data'!$B$2:$B$48992=$D$4)*('HR2to5 - PY data'!$C$2:$C$48992=$E$4)*('HR2to5 - PY data'!$F$2:$F$48992=C$46)*('HR2to5 - PY data'!$E$2:$E$48992=$A53)*('HR2to5 - PY data'!$G$2:$G$48992))} -> 0 | D53: {=SUMPRODUCT(('HR2to5 - PY data'!$A$2:$A$48992=$C$4)*('HR2to5 - PY data'!$B$2:$B$48992=$D$4)*('HR2to5 - PY data'!$C$2:$C$48992=$E$4)*('HR2to5 - PY data'!$F$2:$F$48992=D$46)*('HR2to5 - PY data'!$E$2:$E$48992=$A53)*('HR2to5 - PY data'!$G$2:$G$48992))} -> 0 | E53: {=SUMPRODUCT(('HR2to5 - PY data'!$A$2:$A$48992=$C$4)*('HR2to5 - PY data'!$B$2:$B$48992=$D$4)*('HR2to5 - PY data'!$C$2:$C$48992=$E$4)*('HR2to5 - PY data'!$F$2:$F$48992=E$46)*('HR2to5 - PY data'!$E$2:$E$48992=$A53)*('HR2to5 - PY data'!$G$2:$G$48992))} -> 0 | F53: {=SUMPRODUCT(('HR2to5 - PY data'!$A$2:$A$48992=$C$4)*('HR2to5 - PY data'!$B$2:$B$48992=$D$4)*('HR2to5 - PY data'!$C$2:$C$48992=$E$4)*('HR2to5 - PY data'!$F$2:$F$48992=F$46)*('HR2to5 - PY data'!$E$2:$E$48992=$A53)*('HR2to5 - PY data'!$G$2:$G$48992))} -> 0 | G53: {=SUMPRODUCT(('HR2to5 - PY data'!$A$2:$A$48992=$C$4)*('HR2to5 - PY data'!$B$2:$B$48992=$D$4)*('HR2to5 - PY data'!$C$2:$C$48992=$E$4)*('HR2to5 - PY data'!$F$2:$F$48992=G$46)*('HR2to5 - PY data'!$E$2:$E$48992=$A53)*('HR2to5 - PY data'!$G$2:$G$48992))} -> 0 | H53: {=SUMPRODUCT(('HR2to5 - PY data'!$A$2:$A$48992=$C$4)*('HR2to5 - PY data'!$B$2:$B$48992=$D$4)*('HR2to5 - PY data'!$C$2:$C$48992=$E$4)*('HR2to5 - PY data'!$F$2:$F$48992=H$46)*('HR2to5 - PY data'!$E$2:$E$48992=$A53)*('HR2to5 - PY data'!$G$2:$G$48992))} -> 0 | I53: {=SUMPRODUCT(('HR2to5 - PY data'!$A$2:$A$48992=$C$4)*('HR2to5 - PY data'!$B$2:$B$48992=$D$4)*('HR2to5 - PY data'!$C$2:$C$48992=$E$4)*('HR2to5 - PY data'!$F$2:$F$48992=I$46)*('HR2to5 - PY data'!$E$2:$E$48992=$A53)*('HR2to5 - PY data'!$G$2:$G$48992))} -> 0 | ... O53: {=SUMPRODUCT(('HR2to5 - PY data'!$A$2:$A$48992=$C$4)*('HR2to5 - PY data'!$B$2:$B$48992=$D$4)*('HR2to5 - PY data'!$C$2:$C$48992=$E$4)*('HR2to5 - PY data'!$F$2:$F$48992=O$46)*('HR2to5 - PY data'!$E$2:$E$48992=$A53)*('HR2to5 - PY data'!$G$2:$G$48992))} -> 0
A54: Total | B54: =SUM(B47:B53) -> 0 | C54: =SUM(C47:C53) -> 0 | D54: =SUM(D47:D53) -> 0 | E54: =SUM(E47:E53) -> 0 | F54: =SUM(F47:F53) -> 0 | G54: =SUM(G47:G53) -> 0 | H54: =SUM(H47:H53) -> 0 | I54: =SUM(I47:I53) -> 0 | ... O54: =SUM(O47:O53) -> 0
B58: Disabled | C58: Not Disabled | D58: Disability Not Stated | E58: Christian | F58: Buddhist | G58: Hindu | H58: Jewish | I58: Muslim | J58: Sikh | K58: Other_Religion | L58: No_Religion | M58: Religion Not Stated | N58: Bisexual | O58: Gay_Lesbian | P58: Heterosexual | Q58: Other_Sexual_Orientation | R58: Sexual_orientation_Not_Stated
A59: Brigade Manager | B59: {=SUMPRODUCT(('HR2to5 - PY data'!$A$2:$A$48992=$C$4)*('HR2to5 - PY data'!$B$2:$B$48992=$D$4)*('HR2to5 - PY data'!$C$2:$C$48992=$E$4)*('HR2to5 - PY data'!$F$2:$F$48992=B$58)*('HR2to5 - PY data'!$E$2:$E$48992=$A59)*('HR2to5 - PY data'!$G$2:$G$48992))} -> 0 | C59: {=SUMPRODUCT(('HR2to5 - PY data'!$A$2:$A$48992=$C$4)*('HR2to5 - PY data'!$B$2:$B$48992=$D$4)*('HR2to5 - PY data'!$C$2:$C$48992=$E$4)*('HR2to5 - PY data'!$F$2:$F$48992=C$58)*('HR2to5 - PY data'!$E$2:$E$48992=$A59)*('HR2to5 - PY data'!$G$2:$G$48992))} -> 0 | D59: {=SUMPRODUCT(('HR2to5 - PY data'!$A$2:$A$48992=$C$4)*('HR2to5 - PY data'!$B$2:$B$48992=$D$4)*('HR2to5 - PY data'!$C$2:$C$48992=$E$4)*('HR2to5 - PY data'!$F$2:$F$48992=D$58)*('HR2to5 - PY data'!$E$2:$E$48992=$A59)*('HR2to5 - PY data'!$G$2:$G$48992))} -> 0 | E59: {=SUMPRODUCT(('HR2to5 - PY data'!$A$2:$A$48992=$C$4)*('HR2to5 - PY data'!$B$2:$B$48992=$D$4)*('HR2to5 - PY data'!$C$2:$C$48992=$E$4)*('HR2to5 - PY data'!$F$2:$F$48992=E$58)*('HR2to5 - PY data'!$E$2:$E$48992=$A59)*('HR2to5 - PY data'!$G$2:$G$48992))} -> 0 | F59: {=SUMPRODUCT(('HR2to5 - PY data'!$A$2:$A$48992=$C$4)*('HR2to5 - PY data'!$B$2:$B$48992=$D$4)*('HR2to5 - PY data'!$C$2:$C$48992=$E$4)*('HR2to5 - PY data'!$F$2:$F$48992=F$58)*('HR2to5 - PY data'!$E$2:$E$48992=$A59)*('HR2to5 - PY data'!$G$2:$G$48992))} -> 0 | G59: {=SUMPRODUCT(('HR2to5 - PY data'!$A$2:$A$48992=$C$4)*('HR2to5 - PY data'!$B$2:$B$48992=$D$4)*('HR2to5 - PY data'!$C$2:$C$48992=$E$4)*('HR2to5 - PY data'!$F$2:$F$48992=G$58)*('HR2to5 - PY data'!$E$2:$E$48992=$A59)*('HR2to5 - PY data'!$G$2:$G$48992))} -> 0 | H59: {=SUMPRODUCT(('HR2to5 - PY data'!$A$2:$A$48992=$C$4)*('HR2to5 - PY data'!$B$2:$B$48992=$D$4)*('HR2to5 - PY data'!$C$2:$C$48992=$E$4)*('HR2to5 - PY data'!$F$2:$F$48992=H$58)*('HR2to5 - PY data'!$E$2:$E$48992=$A59)*('HR2to5 - PY data'!$G$2:$G$48992))} -> 0 | I59: {=SUMPRODUCT(('HR2to5 - PY data'!$A$2:$A$48992=$C$4)*('HR2to5 - PY data'!$B$2:$B$48992=$D$4)*('HR2to5 - PY data'!$C$2:$C$48992=$E$4)*('HR2to5 - PY data'!$F$2:$F$48992=I$58)*('HR2to5 - PY data'!$E$2:$E$48992=$A59)*('HR2to5 - PY data'!$G$2:$G$48992))} -> 0 | ... R59: {=SUMPRODUCT(('HR2to5 - PY data'!$A$2:$A$48992=$C$4)*('HR2to5 - PY data'!$B$2:$B$48992=$D$4)*('HR2to5 - PY data'!$C$2:$C$48992=$E$4)*('HR2to5 - PY data'!$F$2:$F$48992=R$58)*('HR2to5 - PY data'!$E$2:$E$48992=$A59)*('HR2to5 - PY data'!$G$2:$G$48992))} -> 0
A60: Area Manager | B60: {=SUMPRODUCT(('HR2to5 - PY data'!$A$2:$A$48992=$C$4)*('HR2to5 - PY data'!$B$2:$B$48992=$D$4)*('HR2to5 - PY data'!$C$2:$C$48992=$E$4)*('HR2to5 - PY data'!$F$2:$F$48992=B$58)*('HR2to5 - PY data'!$E$2:$E$48992=$A60)*('HR2to5 - PY data'!$G$2:$G$48992))} -> 0 | C60: {=SUMPRODUCT(('HR2to5 - PY data'!$A$2:$A$48992=$C$4)*('HR2to5 - PY data'!$B$2:$B$48992=$D$4)*('HR2to5 - PY data'!$C$2:$C$48992=$E$4)*('HR2to5 - PY data'!$F$2:$F$48992=C$58)*('HR2to5 - PY data'!$E$2:$E$48992=$A60)*('HR2to5 - PY data'!$G$2:$G$48992))} -> 0 | D60: {=SUMPRODUCT(('HR2to5 - PY data'!$A$2:$A$48992=$C$4)*('HR2to5 - PY data'!$B$2:$B$48992=$D$4)*('HR2to5 - PY data'!$C$2:$C$48992=$E$4)*('HR2to5 - PY data'!$F$2:$F$48992=D$58)*('HR2to5 - PY data'!$E$2:$E$48992=$A60)*('HR2to5 - PY data'!$G$2:$G$48992))} -> 0 | E60: {=SUMPRODUCT(('HR2to5 - PY data'!$A$2:$A$48992=$C$4)*('HR2to5 - PY data'!$B$2:$B$48992=$D$4)*('HR2to5 - PY data'!$C$2:$C$48992=$E$4)*('HR2to5 - PY data'!$F$2:$F$48992=E$58)*('HR2to5 - PY data'!$E$2:$E$48992=$A60)*('HR2to5 - PY data'!$G$2:$G$48992))} -> 0 | F60: {=SUMPRODUCT(('HR2to5 - PY data'!$A$2:$A$48992=$C$4)*('HR2to5 - PY data'!$B$2:$B$48992=$D$4)*('HR2to5 - PY data'!$C$2:$C$48992=$E$4)*('HR2to5 - PY data'!$F$2:$F$48992=F$58)*('HR2to5 - PY data'!$E$2:$E$48992=$A60)*('HR2to5 - PY data'!$G$2:$G$48992))} -> 0 | G60: {=SUMPRODUCT(('HR2to5 - PY data'!$A$2:$A$48992=$C$4)*('HR2to5 - PY data'!$B$2:$B$48992=$D$4)*('HR2to5 - PY data'!$C$2:$C$48992=$E$4)*('HR2to5 - PY data'!$F$2:$F$48992=G$58)*('HR2to5 - PY data'!$E$2:$E$48992=$A60)*('HR2to5 - PY data'!$G$2:$G$48992))} -> 0 | H60: {=SUMPRODUCT(('HR2to5 - PY data'!$A$2:$A$48992=$C$4)*('HR2to5 - PY data'!$B$2:$B$48992=$D$4)*('HR2to5 - PY data'!$C$2:$C$48992=$E$4)*('HR2to5 - PY data'!$F$2:$F$48992=H$58)*('HR2to5 - PY data'!$E$2:$E$48992=$A60)*('HR2to5 - PY data'!$G$2:$G$48992))} -> 0 | I60: {=SUMPRODUCT(('HR2to5 - PY data'!$A$2:$A$48992=$C$4)*('HR2to5 - PY data'!$B$2:$B$48992=$D$4)*('HR2to5 - PY data'!$C$2:$C$48992=$E$4)*('HR2to5 - PY data'!$F$2:$F$48992=I$58)*('HR2to5 - PY data'!$E$2:$E$48992=$A60)*('HR2to5 - PY data'!$G$2:$G$48992))} -> 0 | ... R60: {=SUMPRODUCT(('HR2to5 - PY data'!$A$2:$A$48992=$C$4)*('HR2to5 - PY data'!$B$2:$B$48992=$D$4)*('HR2to5 - PY data'!$C$2:$C$48992=$E$4)*('HR2to5 - PY data'!$F$2:$F$48992=R$58)*('HR2to5 - PY data'!$E$2:$E$48992=$A60)*('HR2to5 - PY data'!$G$2:$G$48992))} -> 0
A61: Group Manager | B61: {=SUMPRODUCT(('HR2to5 - PY data'!$A$2:$A$48992=$C$4)*('HR2to5 - PY data'!$B$2:$B$48992=$D$4)*('HR2to5 - PY data'!$C$2:$C$48992=$E$4)*('HR2to5 - PY data'!$F$2:$F$48992=B$58)*('HR2to5 - PY data'!$E$2:$E$48992=$A61)*('HR2to5 - PY data'!$G$2:$G$48992))} -> 0 | C61: {=SUMPRODUCT(('HR2to5 - PY data'!$A$2:$A$48992=$C$4)*('HR2to5 - PY data'!$B$2:$B$48992=$D$4)*('HR2to5 - PY data'!$C$2:$C$48992=$E$4)*('HR2to5 - PY data'!$F$2:$F$48992=C$58)*('HR2to5 - PY data'!$E$2:$E$48992=$A61)*('HR2to5 - PY data'!$G$2:$G$48992))} -> 0 | D61: {=SUMPRODUCT(('HR2to5 - PY data'!$A$2:$A$48992=$C$4)*('HR2to5 - PY data'!$B$2:$B$48992=$D$4)*('HR2to5 - PY data'!$C$2:$C$48992=$E$4)*('HR2to5 - PY data'!$F$2:$F$48992=D$58)*('HR2to5 - PY data'!$E$2:$E$48992=$A61)*('HR2to5 - PY data'!$G$2:$G$48992))} -> 0 | E61: {=SUMPRODUCT(('HR2to5 - PY data'!$A$2:$A$48992=$C$4)*('HR2to5 - PY data'!$B$2:$B$48992=$D$4)*('HR2to5 - PY data'!$C$2:$C$48992=$E$4)*('HR2to5 - PY data'!$F$2:$F$48992=E$58)*('HR2to5 - PY data'!$E$2:$E$48992=$A61)*('HR2to5 - PY data'!$G$2:$G$48992))} -> 0 | F61: {=SUMPRODUCT(('HR2to5 - PY data'!$A$2:$A$48992=$C$4)*('HR2to5 - PY data'!$B$2:$B$48992=$D$4)*('HR2to5 - PY data'!$C$2:$C$48992=$E$4)*('HR2to5 - PY data'!$F$2:$F$48992=F$58)*('HR2to5 - PY data'!$E$2:$E$48992=$A61)*('HR2to5 - PY data'!$G$2:$G$48992))} -> 0 | G61: {=SUMPRODUCT(('HR2to5 - PY data'!$A$2:$A$48992=$C$4)*('HR2to5 - PY data'!$B$2:$B$48992=$D$4)*('HR2to5 - PY data'!$C$2:$C$48992=$E$4)*('HR2to5 - PY data'!$F$2:$F$48992=G$58)*('HR2to5 - PY data'!$E$2:$E$48992=$A61)*('HR2to5 - PY data'!$G$2:$G$48992))} -> 0 | H61: {=SUMPRODUCT(('HR2to5 - PY data'!$A$2:$A$48992=$C$4)*('HR2to5 - PY data'!$B$2:$B$48992=$D$4)*('HR2to5 - PY data'!$C$2:$C$48992=$E$4)*('HR2to5 - PY data'!$F$2:$F$48992=H$58)*('HR2to5 - PY data'!$E$2:$E$48992=$A61)*('HR2to5 - PY data'!$G$2:$G$48992))} -> 0 | I61: {=SUMPRODUCT(('HR2to5 - PY data'!$A$2:$A$48992=$C$4)*('HR2to5 - PY data'!$B$2:$B$48992=$D$4)*('HR2to5 - PY data'!$C$2:$C$48992=$E$4)*('HR2to5 - PY data'!$F$2:$F$48992=I$58)*('HR2to5 - PY data'!$E$2:$E$48992=$A61)*('HR2to5 - PY data'!$G$2:$G$48992))} -> 0 | ... R61: {=SUMPRODUCT(('HR2to5 - PY data'!$A$2:$A$48992=$C$4)*('HR2to5 - PY data'!$B$2:$B$48992=$D$4)*('HR2to5 - PY data'!$C$2:$C$48992=$E$4)*('HR2to5 - PY data'!$F$2:$F$48992=R$58)*('HR2to5 - PY data'!$E$2:$E$48992=$A61)*('HR2to5 - PY data'!$G$2:$G$48992))} -> 0
A62: Station Manager | B62: {=SUMPRODUCT(('HR2to5 - PY data'!$A$2:$A$48992=$C$4)*('HR2to5 - PY data'!$B$2:$B$48992=$D$4)*('HR2to5 - PY data'!$C$2:$C$48992=$E$4)*('HR2to5 - PY data'!$F$2:$F$48992=B$58)*('HR2to5 - PY data'!$E$2:$E$48992=$A62)*('HR2to5 - PY data'!$G$2:$G$48992))} -> 0 | C62: {=SUMPRODUCT(('HR2to5 - PY data'!$A$2:$A$48992=$C$4)*('HR2to5 - PY data'!$B$2:$B$48992=$D$4)*('HR2to5 - PY data'!$C$2:$C$48992=$E$4)*('HR2to5 - PY data'!$F$2:$F$48992=C$58)*('HR2to5 - PY data'!$E$2:$E$48992=$A62)*('HR2to5 - PY data'!$G$2:$G$48992))} -> 0 | D62: {=SUMPRODUCT(('HR2to5 - PY data'!$A$2:$A$48992=$C$4)*('HR2to5 - PY data'!$B$2:$B$48992=$D$4)*('HR2to5 - PY data'!$C$2:$C$48992=$E$4)*('HR2to5 - PY data'!$F$2:$F$48992=D$58)*('HR2to5 - PY data'!$E$2:$E$48992=$A62)*('HR2to5 - PY data'!$G$2:$G$48992))} -> 0 | E62: {=SUMPRODUCT(('HR2to5 - PY data'!$A$2:$A$48992=$C$4)*('HR2to5 - PY data'!$B$2:$B$48992=$D$4)*('HR2to5 - PY data'!$C$2:$C$48992=$E$4)*('HR2to5 - PY data'!$F$2:$F$48992=E$58)*('HR2to5 - PY data'!$E$2:$E$48992=$A62)*('HR2to5 - PY data'!$G$2:$G$48992))} -> 0 | F62: {=SUMPRODUCT(('HR2to5 - PY data'!$A$2:$A$48992=$C$4)*('HR2to5 - PY data'!$B$2:$B$48992=$D$4)*('HR2to5 - PY data'!$C$2:$C$48992=$E$4)*('HR2to5 - PY data'!$F$2:$F$48992=F$58)*('HR2to5 - PY data'!$E$2:$E$48992=$A62)*('HR2to5 - PY data'!$G$2:$G$48992))} -> 0 | G62: {=SUMPRODUCT(('HR2to5 - PY data'!$A$2:$A$48992=$C$4)*('HR2to5 - PY data'!$B$2:$B$48992=$D$4)*('HR2to5 - PY data'!$C$2:$C$48992=$E$4)*('HR2to5 - PY data'!$F$2:$F$48992=G$58)*('HR2to5 - PY data'!$E$2:$E$48992=$A62)*('HR2to5 - PY data'!$G$2:$G$48992))} -> 0 | H62: {=SUMPRODUCT(('HR2to5 - PY data'!$A$2:$A$48992=$C$4)*('HR2to5 - PY data'!$B$2:$B$48992=$D$4)*('HR2to5 - PY data'!$C$2:$C$48992=$E$4)*('HR2to5 - PY data'!$F$2:$F$48992=H$58)*('HR2to5 - PY data'!$E$2:$E$48992=$A62)*('HR2to5 - PY data'!$G$2:$G$48992))} -> 0 | I62: {=SUMPRODUCT(('HR2to5 - PY data'!$A$2:$A$48992=$C$4)*('HR2to5 - PY data'!$B$2:$B$48992=$D$4)*('HR2to5 - PY data'!$C$2:$C$48992=$E$4)*('HR2to5 - PY data'!$F$2:$F$48992=I$58)*('HR2to5 - PY data'!$E$2:$E$48992=$A62)*('HR2to5 - PY data'!$G$2:$G$48992))} -> 0 | ... R62: {=SUMPRODUCT(('HR2to5 - PY data'!$A$2:$A$48992=$C$4)*('HR2to5 - PY data'!$B$2:$B$48992=$D$4)*('HR2to5 - PY data'!$C$2:$C$48992=$E$4)*('HR2to5 - PY data'!$F$2:$F$48992=R$58)*('HR2to5 - PY data'!$E$2:$E$48992=$A62)*('HR2to5 - PY data'!$G$2:$G$48992))} -> 0
A63: Watch Manager | B63: {=SUMPRODUCT(('HR2to5 - PY data'!$A$2:$A$48992=$C$4)*('HR2to5 - PY data'!$B$2:$B$48992=$D$4)*('HR2to5 - PY data'!$C$2:$C$48992=$E$4)*('HR2to5 - PY data'!$F$2:$F$48992=B$58)*('HR2to5 - PY data'!$E$2:$E$48992=$A63)*('HR2to5 - PY data'!$G$2:$G$48992))} -> 0 | C63: {=SUMPRODUCT(('HR2to5 - PY data'!$A$2:$A$48992=$C$4)*('HR2to5 - PY data'!$B$2:$B$48992=$D$4)*('HR2to5 - PY data'!$C$2:$C$48992=$E$4)*('HR2to5 - PY data'!$F$2:$F$48992=C$58)*('HR2to5 - PY data'!$E$2:$E$48992=$A63)*('HR2to5 - PY data'!$G$2:$G$48992))} -> 0 | D63: {=SUMPRODUCT(('HR2to5 - PY data'!$A$2:$A$48992=$C$4)*('HR2to5 - PY data'!$B$2:$B$48992=$D$4)*('HR2to5 - PY data'!$C$2:$C$48992=$E$4)*('HR2to5 - PY data'!$F$2:$F$48992=D$58)*('HR2to5 - PY data'!$E$2:$E$48992=$A63)*('HR2to5 - PY data'!$G$2:$G$48992))} -> 0 | E63: {=SUMPRODUCT(('HR2to5 - PY data'!$A$2:$A$48992=$C$4)*('HR2to5 - PY data'!$B$2:$B$48992=$D$4)*('HR2to5 - PY data'!$C$2:$C$48992=$E$4)*('HR2to5 - PY data'!$F$2:$F$48992=E$58)*('HR2to5 - PY data'!$E$2:$E$48992=$A63)*('HR2to5 - PY data'!$G$2:$G$48992))} -> 0 | F63: {=SUMPRODUCT(('HR2to5 - PY data'!$A$2:$A$48992=$C$4)*('HR2to5 - PY data'!$B$2:$B$48992=$D$4)*('HR2to5 - PY data'!$C$2:$C$48992=$E$4)*('HR2to5 - PY data'!$F$2:$F$48992=F$58)*('HR2to5 - PY data'!$E$2:$E$48992=$A63)*('HR2to5 - PY data'!$G$2:$G$48992))} -> 0 | G63: {=SUMPRODUCT(('HR2to5 - PY data'!$A$2:$A$48992=$C$4)*('HR2to5 - PY data'!$B$2:$B$48992=$D$4)*('HR2to5 - PY data'!$C$2:$C$48992=$E$4)*('HR2to5 - PY data'!$F$2:$F$48992=G$58)*('HR2to5 - PY data'!$E$2:$E$48992=$A63)*('HR2to5 - PY data'!$G$2:$G$48992))} -> 0 | H63: {=SUMPRODUCT(('HR2to5 - PY data'!$A$2:$A$48992=$C$4)*('HR2to5 - PY data'!$B$2:$B$48992=$D$4)*('HR2to5 - PY data'!$C$2:$C$48992=$E$4)*('HR2to5 - PY data'!$F$2:$F$48992=H$58)*('HR2to5 - PY data'!$E$2:$E$48992=$A63)*('HR2to5 - PY data'!$G$2:$G$48992))} -> 0 | I63: {=SUMPRODUCT(('HR2to5 - PY data'!$A$2:$A$48992=$C$4)*('HR2to5 - PY data'!$B$2:$B$48992=$D$4)*('HR2to5 - PY data'!$C$2:$C$48992=$E$4)*('HR2to5 - PY data'!$F$2:$F$48992=I$58)*('HR2to5 - PY data'!$E$2:$E$48992=$A63)*('HR2to5 - PY data'!$G$2:$G$48992))} -> 0 | ... R63: {=SUMPRODUCT(('HR2to5 - PY data'!$A$2:$A$48992=$C$4)*('HR2to5 - PY data'!$B$2:$B$48992=$D$4)*('HR2to5 - PY data'!$C$2:$C$48992=$E$4)*('HR2to5 - PY data'!$F$2:$F$48992=R$58)*('HR2to5 - PY data'!$E$2:$E$48992=$A63)*('HR2to5 - PY data'!$G$2:$G$48992))} -> 0
A64: Crew Manager | B64: {=SUMPRODUCT(('HR2to5 - PY data'!$A$2:$A$48992=$C$4)*('HR2to5 - PY data'!$B$2:$B$48992=$D$4)*('HR2to5 - PY data'!$C$2:$C$48992=$E$4)*('HR2to5 - PY data'!$F$2:$F$48992=B$58)*('HR2to5 - PY data'!$E$2:$E$48992=$A64)*('HR2to5 - PY data'!$G$2:$G$48992))} -> 0 | C64: {=SUMPRODUCT(('HR2to5 - PY data'!$A$2:$A$48992=$C$4)*('HR2to5 - PY data'!$B$2:$B$48992=$D$4)*('HR2to5 - PY data'!$C$2:$C$48992=$E$4)*('HR2to5 - PY data'!$F$2:$F$48992=C$58)*('HR2to5 - PY data'!$E$2:$E$48992=$A64)*('HR2to5 - PY data'!$G$2:$G$48992))} -> 0 | D64: {=SUMPRODUCT(('HR2to5 - PY data'!$A$2:$A$48992=$C$4)*('HR2to5 - PY data'!$B$2:$B$48992=$D$4)*('HR2to5 - PY data'!$C$2:$C$48992=$E$4)*('HR2to5 - PY data'!$F$2:$F$48992=D$58)*('HR2to5 - PY data'!$E$2:$E$48992=$A64)*('HR2to5 - PY data'!$G$2:$G$48992))} -> 0 | E64: {=SUMPRODUCT(('HR2to5 - PY data'!$A$2:$A$48992=$C$4)*('HR2to5 - PY data'!$B$2:$B$48992=$D$4)*('HR2to5 - PY data'!$C$2:$C$48992=$E$4)*('HR2to5 - PY data'!$F$2:$F$48992=E$58)*('HR2to5 - PY data'!$E$2:$E$48992=$A64)*('HR2to5 - PY data'!$G$2:$G$48992))} -> 0 | F64: {=SUMPRODUCT(('HR2to5 - PY data'!$A$2:$A$48992=$C$4)*('HR2to5 - PY data'!$B$2:$B$48992=$D$4)*('HR2to5 - PY data'!$C$2:$C$48992=$E$4)*('HR2to5 - PY data'!$F$2:$F$48992=F$58)*('HR2to5 - PY data'!$E$2:$E$48992=$A64)*('HR2to5 - PY data'!$G$2:$G$48992))} -> 0 | G64: {=SUMPRODUCT(('HR2to5 - PY data'!$A$2:$A$48992=$C$4)*('HR2to5 - PY data'!$B$2:$B$48992=$D$4)*('HR2to5 - PY data'!$C$2:$C$48992=$E$4)*('HR2to5 - PY data'!$F$2:$F$48992=G$58)*('HR2to5 - PY data'!$E$2:$E$48992=$A64)*('HR2to5 - PY data'!$G$2:$G$48992))} -> 0 | H64: {=SUMPRODUCT(('HR2to5 - PY data'!$A$2:$A$48992=$C$4)*('HR2to5 - PY data'!$B$2:$B$48992=$D$4)*('HR2to5 - PY data'!$C$2:$C$48992=$E$4)*('HR2to5 - PY data'!$F$2:$F$48992=H$58)*('HR2to5 - PY data'!$E$2:$E$48992=$A64)*('HR2to5 - PY data'!$G$2:$G$48992))} -> 0 | I64: {=SUMPRODUCT(('HR2to5 - PY data'!$A$2:$A$48992=$C$4)*('HR2to5 - PY data'!$B$2:$B$48992=$D$4)*('HR2to5 - PY data'!$C$2:$C$48992=$E$4)*('HR2to5 - PY data'!$F$2:$F$48992=I$58)*('HR2to5 - PY data'!$E$2:$E$48992=$A64)*('HR2to5 - PY data'!$G$2:$G$48992))} -> 0 | ... R64: {=SUMPRODUCT(('HR2to5 - PY data'!$A$2:$A$48992=$C$4)*('HR2to5 - PY data'!$B$2:$B$48992=$D$4)*('HR2to5 - PY data'!$C$2:$C$48992=$E$4)*('HR2to5 - PY data'!$F$2:$F$48992=R$58)*('HR2to5 - PY data'!$E$2:$E$48992=$A64)*('HR2to5 - PY data'!$G$2:$G$48992))} -> 0
A65: Firefighter | B65: {=SUMPRODUCT(('HR2to5 - PY data'!$A$2:$A$48992=$C$4)*('HR2to5 - PY data'!$B$2:$B$48992=$D$4)*('HR2to5 - PY data'!$C$2:$C$48992=$E$4)*('HR2to5 - PY data'!$F$2:$F$48992=B$58)*('HR2to5 - PY data'!$E$2:$E$48992=$A65)*('HR2to5 - PY data'!$G$2:$G$48992))} -> 0 | C65: {=SUMPRODUCT(('HR2to5 - PY data'!$A$2:$A$48992=$C$4)*('HR2to5 - PY data'!$B$2:$B$48992=$D$4)*('HR2to5 - PY data'!$C$2:$C$48992=$E$4)*('HR2to5 - PY data'!$F$2:$F$48992=C$58)*('HR2to5 - PY data'!$E$2:$E$48992=$A65)*('HR2to5 - PY data'!$G$2:$G$48992))} -> 0 | D65: {=SUMPRODUCT(('HR2to5 - PY data'!$A$2:$A$48992=$C$4)*('HR2to5 - PY data'!$B$2:$B$48992=$D$4)*('HR2to5 - PY data'!$C$2:$C$48992=$E$4)*('HR2to5 - PY data'!$F$2:$F$48992=D$58)*('HR2to5 - PY data'!$E$2:$E$48992=$A65)*('HR2to5 - PY data'!$G$2:$G$48992))} -> 0 | E65: {=SUMPRODUCT(('HR2to5 - PY data'!$A$2:$A$48992=$C$4)*('HR2to5 - PY data'!$B$2:$B$48992=$D$4)*('HR2to5 - PY data'!$C$2:$C$48992=$E$4)*('HR2to5 - PY data'!$F$2:$F$48992=E$58)*('HR2to5 - PY data'!$E$2:$E$48992=$A65)*('HR2to5 - PY data'!$G$2:$G$48992))} -> 0 | F65: {=SUMPRODUCT(('HR2to5 - PY data'!$A$2:$A$48992=$C$4)*('HR2to5 - PY data'!$B$2:$B$48992=$D$4)*('HR2to5 - PY data'!$C$2:$C$48992=$E$4)*('HR2to5 - PY data'!$F$2:$F$48992=F$58)*('HR2to5 - PY data'!$E$2:$E$48992=$A65)*('HR2to5 - PY data'!$G$2:$G$48992))} -> 0 | G65: {=SUMPRODUCT(('HR2to5 - PY data'!$A$2:$A$48992=$C$4)*('HR2to5 - PY data'!$B$2:$B$48992=$D$4)*('HR2to5 - PY data'!$C$2:$C$48992=$E$4)*('HR2to5 - PY data'!$F$2:$F$48992=G$58)*('HR2to5 - PY data'!$E$2:$E$48992=$A65)*('HR2to5 - PY data'!$G$2:$G$48992))} -> 0 | H65: {=SUMPRODUCT(('HR2to5 - PY data'!$A$2:$A$48992=$C$4)*('HR2to5 - PY data'!$B$2:$B$48992=$D$4)*('HR2to5 - PY data'!$C$2:$C$48992=$E$4)*('HR2to5 - PY data'!$F$2:$F$48992=H$58)*('HR2to5 - PY data'!$E$2:$E$48992=$A65)*('HR2to5 - PY data'!$G$2:$G$48992))} -> 0 | I65: {=SUMPRODUCT(('HR2to5 - PY data'!$A$2:$A$48992=$C$4)*('HR2to5 - PY data'!$B$2:$B$48992=$D$4)*('HR2to5 - PY data'!$C$2:$C$48992=$E$4)*('HR2to5 - PY data'!$F$2:$F$48992=I$58)*('HR2to5 - PY data'!$E$2:$E$48992=$A65)*('HR2to5 - PY data'!$G$2:$G$48992))} -> 0 | ... R65: {=SUMPRODUCT(('HR2to5 - PY data'!$A$2:$A$48992=$C$4)*('HR2to5 - PY data'!$B$2:$B$48992=$D$4)*('HR2to5 - PY data'!$C$2:$C$48992=$E$4)*('HR2to5 - PY data'!$F$2:$F$48992=R$58)*('HR2to5 - PY data'!$E$2:$E$48992=$A65)*('HR2to5 - PY data'!$G$2:$G$48992))} -> 0
A66: Total | B66: =SUM(B59:B65) -> 0 | C66: =SUM(C59:C65) -> 0 | D66: =SUM(D59:D65) -> 0 | E66: =SUM(E59:E65) -> 0 | F66: =SUM(F59:F65) -> 0 | G66: =SUM(G59:G65) -> 0 | H66: =SUM(H59:H65) -> 0 | I66: =SUM(I59:I65) -> 0 | ... R66: =SUM(R59:R65) -> 0

Sheet HR2
O1: wt
A6: HR2 - Wholetime firefighters by gender identity, age, disability, ethnicity, religion and sexual orientation
A8: Gender identity and age of wholetime firefighters at 31 March 2026
B9: Age: 17-24 | G9: Age: 25-35 | L9: Age: 36-45 | Q9: Age: 46-55
B10: Men | C10: Women | D10: Other | E10: Unknown | F10: Total | G10: Men | H10: Women | I10: Other | J10: Unknown | K10: Total | L10: Men | M10: Women | N10: Other | O10: Unknown | P10: Total | Q10: Men | R10: Women | S10: Other | T10: Unknown | U10: Total
A11: Brigade Manager | F11: =SUM(B11:E11) -> 0 | K11: =SUM(G11:J11) -> 0 | P11: =SUM(L11:O11) -> 0 | U11: =SUM(Q11:T11) -> 0
A12: Area Manager | F12: =SUM(B12:E12) -> 0 | K12: =SUM(G12:J12) -> 0 | P12: =SUM(L12:O12) -> 0 | U12: =SUM(Q12:T12) -> 0
A13: Group Manager | F13: =SUM(B13:E13) -> 0 | K13: =SUM(G13:J13) -> 0 | P13: =SUM(L13:O13) -> 0 | U13: =SUM(Q13:T13) -> 0
A14: Station Manager | F14: =SUM(B14:E14) -> 0 | K14: =SUM(G14:J14) -> 0 | P14: =SUM(L14:O14) -> 0 | U14: =SUM(Q14:T14) -> 0
A15: Watch Manager | F15: =SUM(B15:E15) -> 0 | K15: =SUM(G15:J15) -> 0 | P15: =SUM(L15:O15) -> 0 | U15: =SUM(Q15:T15) -> 0
A16: Crew Manager | F16: =SUM(B16:E16) -> 0 | K16: =SUM(G16:J16) -> 0 | P16: =SUM(L16:O16) -> 0 | U16: =SUM(Q16:T16) -> 0
A17: Firefighter | F17: =SUM(B17:E17) -> 0 | K17: =SUM(G17:J17) -> 0 | P17: =SUM(L17:O17) -> 0 | U17: =SUM(Q17:T17) -> 0
A18: Total | B18: =SUM(B11:B17) -> 0 | C18: =SUM(C11:C17) -> 0 | D18: =SUM(D11:D17) -> 0 | E18: =SUM(E11:E17) -> 0 | F18: =SUM(B18:E18) -> 0 | G18: =SUM(G11:G17) -> 0 | H18: =SUM(H11:H17) -> 0 | I18: =SUM(I11:I17) -> 0 | J18: =SUM(J11:J17) -> 0 | K18: =SUM(G18:J18) -> 0 | L18: =SUM(L11:L17) -> 0 | M18: =SUM(M11:M17) -> 0 | N18: =SUM(N11:N17) -> 0 | O18: =SUM(O11:O17) -> 0 | P18: =SUM(L18:O18) -> 0 | Q18: =SUM(Q11:Q17) -> 0 | R18: =SUM(R11:R17) -> 0 | S18: =SUM(S11:S17) -> 0 | T18: =SUM(T11:T17) -> 0 | U18: =SUM(Q18:T18) -> 0
B21: Age: 56-65 | G21: Age: 66+ | L21: Age not stated
B22: Men | C22: Women | D22: Other | E22: Unknown | F22: Total | G22: Men | H22: Women | I22: Other | J22: Unknown | K22: Total | L22: Men | M22: Women | N22: Other | O22: Unknown | P22: Total | R22: Consistency QA check
A23: Brigade Manager | F23: =SUM(B23:E23) -> 0 | K23: =SUM(G23:J23) -> 0 | P23: =SUM(L23:O23) -> 0 | R23: Total wholetime firefighters - all ages | U23: =SUM($F$18+$K$18+$P$18+$U$18+$F$30+$K$30+$P$30) -> 0
A24: Area Manager | F24: =SUM(B24:E24) -> 0 | K24: =SUM(G24:J24) -> 0 | P24: =SUM(L24:O24) -> 0 | R24: Total wholetime firefighters - all ethnicities | U24: =SUM(B42+H42+B54+H54+L54+O54) -> 0
A25: Group Manager | F25: =SUM(B25:E25) -> 0 | K25: =SUM(G25:J25) -> 0 | P25: =SUM(L25:O25) -> 0 | R25: Total wholetime firefighters - all sexual orientations | U25: =SUM($N$66:$R$66) -> 0
A26: Station Manager | F26: =SUM(B26:E26) -> 0 | K26: =SUM(G26:J26) -> 0 | P26: =SUM(L26:O26) -> 0 | R26: Total wholetime firefighters - all disability statuses | U26: =SUM($B$66:$D$66) -> 0
A27: Watch Manager | F27: =SUM(B27:E27) -> 0 | K27: =SUM(G27:J27) -> 0 | P27: =SUM(L27:O27) -> 0 | R27: Total wholetime firefighters - all religious identities | U27: =SUM($E$66:$M$66) -> 0
A28: Crew Manager | F28: =SUM(B28:E28) -> 0 | K28: =SUM(G28:J28) -> 0 | P28: =SUM(L28:O28) -> 0
A29: Firefighter | F29: =SUM(B29:E29) -> 0 | K29: =SUM(G29:J29) -> 0 | P29: =SUM(L29:O29) -> 0 | R29: Totals for each characteristic match | U29: =IF(AND(U23=U24, U23=U25, U23=U26, U23=U27), "Yes", "No") -> Yes
A30: Total | B30: =SUM(B23:B29) -> 0 | C30: =SUM(C23:C29) -> 0 | D30: =SUM(D23:D29) -> 0 | E30: =SUM(E23:E29) -> 0 | F30: =SUM(B30:E30) -> 0 | G30: =SUM(G23:G29) -> 0 | H30: =SUM(H23:H29) -> 0 | I30: =SUM(I23:I29) -> 0 | J30: =SUM(J23:J29) -> 0 | K30: =SUM(G30:J30) -> 0 | L30: =SUM(L23:L29) -> 0 | M30: =SUM(M23:M29) -> 0 | N30: =SUM(N23:N29) -> 0 | O30: =SUM(O23:O29) -> 0 | P30: =SUM(L30:O30) -> 0
R31: The total number of wholetime firefighters reported against each diversity characteristic should be the same. If the consistency check is highlighted orange/red and this is not possible for any reason please explain below.
A33: Ethnic origin of wholetime firefighters at 31 March 2026
B34: White | C34: White: English/ Welsh/ Scottish/ Northern Irish/ British | D34: White: Irish | E34: White: Gypsy or Irish Traveller | F34: White: Roma | G34: Any other White background | H34: Mixed or Multiple Ethnic Groups | I34: Mixed or Multiple Ethnic Groups: White and Black Caribbean | J34: Mixed or Multiple Ethnic Groups: White and Black African | K34: Mixed or Multiple Ethnic Groups: White and Asian | L34: Any other Mixed / Multiple ethnic background | N34: In this ethnic origin section
A35: Brigade Manager | B35: =SUM(C35:G35) -> 0 | N35: The pinks cells should be completed
A36: Area Manager | B36: =SUM(C36:G36) -> 0 | N36: The purple cells are calculated subtotals
A37: Group Manager | B37: =SUM(C37:G37) -> 0 | N37: The grey cells are probably unavailable
A38: Station Manager | B38: =SUM(C38:G38) -> 0
A39: Watch Manager | B39: =SUM(C39:G39) -> 0 | N39: We expect all FRSs to move to complete supply in 2025 | R39: QA checks versus data submitted last year
A40: Crew Manager | B40: =SUM(C40:G40) -> 0 | R40: Where the number of wholetime firefighters reported against a given characteristic (below) has changed by more than 20 in absolute terms and 25% in percentage terms (indicated by cells highlighted orange/red) please provide explanatory commentary in the box below.
A41: Firefighter | B41: =SUM(C41:G41) -> 0
A42: Total | B42: =SUM(B35:B41) -> 0 | C42: =SUM(C35:C41) -> 0 | D42: =SUM(D35:D41) -> 0 | E42: =SUM(E35:E41) -> 0 | F42: =SUM(F35:F41) -> 0 | G42: =SUM(G35:G41) -> 0 | H42: =SUM(H35:H41) -> 0 | I42: =SUM(I35:I41) -> 0 | ... L42: =SUM(L35:L41) -> 0
A45: Ethnic origin of wholetime firefighters at 31 March 2026
B46: Asian/Asian British | C46: Asian/Asian British: Indian | D46: Asian/Asian British: Pakistani | E46: Asian/Asian British: Bangladeshi | F46: Asian/Asian British: Chinese | G46: Any other Asian/Asian British background | H46: Black / African / Caribbean / Black British | I46: Black / African / Caribbean / Black British: African | J46: Black / African / Caribbean / Black British: Caribbean | K46: Any other Black/African/ Caribbean background | L46: Other ethnic group | M46: Other ethnic group: Arab | N46: Any other ethnic group | O46: Ethnic origin Not Stated | S46: Previous year | T46: Current year | U46: Change | V46: % change
A47: Brigade Manager | B47: =SUM(C47:G47) -> 0 | L47: =SUM(M47:N47) -> 0 | R47: Total | S47: ='HR2 PY'!U30 -> 0 | T47: =SUM($F$18+$K$18+$P$18+$U$18+$F$30+$K$30+$P$30) -> 0 | U47: =T47-S47 -> 0 | V47: =(U47/S47) -> #DIV/0!
A48: Area Manager | B48: =SUM(C48:G48) -> 0 | L48: =SUM(M48:N48) -> 0 | R48: Men | S48: ='HR2 PY'!Q30 -> 0 | T48: =B18+G18+L18+Q18+B30+G30+L30 -> 0 | U48: =T48-S48 -> 0 | V48: =(U48/S48) -> #DIV/0!
A49: Group Manager | B49: =SUM(C49:G49) -> 0 | L49: =SUM(M49:N49) -> 0 | R49: Women | S49: ='HR2 PY'!R30 -> 0 | T49: =C18+H18+M18+R18+C30+H30+M30 -> 0 | U49: =T49-S49 -> 0 | V49: =(U49/S49) -> #DIV/0!
A50: Station Manager | B50: =SUM(C50:G50) -> 0 | L50: =SUM(M50:N50) -> 0
A51: Watch Manager | B51: =SUM(C51:G51) -> 0 | L51: =SUM(M51:N51) -> 0
A52: Crew Manager | B52: =SUM(C52:G52) -> 0 | L52: =SUM(M52:N52) -> 0
A53: Firefighter | B53: =SUM(C53:G53) -> 0 | L53: =SUM(M53:N53) -> 0
A54: Total | B54: =SUM(B47:B53) -> 0 | C54: =SUM(C47:C53) -> 0 | D54: =SUM(D47:D53) -> 0 | E54: =SUM(E47:E53) -> 0 | F54: =SUM(F47:F53) -> 0 | G54: =SUM(G47:G53) -> 0 | H54: =SUM(H47:H53) -> 0 | I54: =SUM(I47:I53) -> 0 | ... O54: =SUM(O47:O53) -> 0
A57: Disability of wholetime firefighters at 31 March 2026 | E57: Religion of wholetime firefighters at 31 March 2026 | N57: Sexual orientation of wholetime firefighters at 31 March 2025
B58: Disabled | C58: Not Disabled | D58: Disability Not Stated | E58: Christian | F58: Buddhist | G58: Hindu | H58: Jewish | I58: Muslim | J58: Sikh | K58: Other | L58: None | M58: Religion Not Stated | N58: Bisexual | O58: Gay/ Lesbian | P58: Heterosexual | Q58: Other | R58: Sexual orientation Not Stated
A59: Brigade Manager
A60: Area Manager
A61: Group Manager
A62: Station Manager
A63: Watch Manager
A64: Crew Manager
A65: Firefighter
A66: Total | B66: =SUM(B59:B65) -> 0 | C66: =SUM(C59:C65) -> 0 | D66: =SUM(D59:D65) -> 0 | E66: =SUM(E59:E65) -> 0 | F66: =SUM(F59:F65) -> 0 | G66: =SUM(G59:G65) -> 0 | H66: =SUM(H59:H65) -> 0 | I66: =SUM(I59:I65) -> 0 | ... R66: =SUM(R59:R65) -> 0

Sheet HR3 PY
C4: HR3 | D4: =VLOOKUP(Cover!A6,Cover!B319:D335,2,FALSE) -> 2025 | E4: =Cover!A10 -> Avon
B10: Men_17to24 | C10: Women_17to24 | D10: Other_17to24 | E10: Unknown_17to24 | F10: Total | G10: Men_25to35 | H10: Women_25to35 | I10: Other_25to35 | J10: Unknown_25to35 | K10: Total | L10: Men_36to45 | M10: Women_36to45 | N10: Other_36to45 | O10: Unknown_36to45 | P10: Total | Q10: Men_46to55 | R10: Women_46to55 | S10: Other_46to55 | T10: Unknown_46to55 | U10: Total
A11: Group Manager | B11: {=SUMPRODUCT(('HR2to5 - PY data'!$A$2:$A$48992=$C$4)*('HR2to5 - PY data'!$B$2:$B$48992=$D$4)*('HR2to5 - PY data'!$C$2:$C$48992=$E$4)*('HR2to5 - PY data'!$F$2:$F$48992=B$10)*('HR2to5 - PY data'!$E$2:$E$48992=$A11)*('HR2to5 - PY data'!$G$2:$G$48992))} -> 0 | C11: {=SUMPRODUCT(('HR2to5 - PY data'!$A$2:$A$48992=$C$4)*('HR2to5 - PY data'!$B$2:$B$48992=$D$4)*('HR2to5 - PY data'!$C$2:$C$48992=$E$4)*('HR2to5 - PY data'!$F$2:$F$48992=C$10)*('HR2to5 - PY data'!$E$2:$E$48992=$A11)*('HR2to5 - PY data'!$G$2:$G$48992))} -> 0 | D11: {=SUMPRODUCT(('HR2to5 - PY data'!$A$2:$A$48992=$C$4)*('HR2to5 - PY data'!$B$2:$B$48992=$D$4)*('HR2to5 - PY data'!$C$2:$C$48992=$E$4)*('HR2to5 - PY data'!$F$2:$F$48992=D$10)*('HR2to5 - PY data'!$E$2:$E$48992=$A11)*('HR2to5 - PY data'!$G$2:$G$48992))} -> 0 | E11: {=SUMPRODUCT(('HR2to5 - PY data'!$A$2:$A$48992=$C$4)*('HR2to5 - PY data'!$B$2:$B$48992=$D$4)*('HR2to5 - PY data'!$C$2:$C$48992=$E$4)*('HR2to5 - PY data'!$F$2:$F$48992=E$10)*('HR2to5 - PY data'!$E$2:$E$48992=$A11)*('HR2to5 - PY data'!$G$2:$G$48992))} -> 0 | F11: =SUM(B11:E11) -> 0 | G11: {=SUMPRODUCT(('HR2to5 - PY data'!$A$2:$A$48992=$C$4)*('HR2to5 - PY data'!$B$2:$B$48992=$D$4)*('HR2to5 - PY data'!$C$2:$C$48992=$E$4)*('HR2to5 - PY data'!$F$2:$F$48992=G$10)*('HR2to5 - PY data'!$E$2:$E$48992=$A11)*('HR2to5 - PY data'!$G$2:$G$48992))} -> 0 | H11: {=SUMPRODUCT(('HR2to5 - PY data'!$A$2:$A$48992=$C$4)*('HR2to5 - PY data'!$B$2:$B$48992=$D$4)*('HR2to5 - PY data'!$C$2:$C$48992=$E$4)*('HR2to5 - PY data'!$F$2:$F$48992=H$10)*('HR2to5 - PY data'!$E$2:$E$48992=$A11)*('HR2to5 - PY data'!$G$2:$G$48992))} -> 0 | I11: {=SUMPRODUCT(('HR2to5 - PY data'!$A$2:$A$48992=$C$4)*('HR2to5 - PY data'!$B$2:$B$48992=$D$4)*('HR2to5 - PY data'!$C$2:$C$48992=$E$4)*('HR2to5 - PY data'!$F$2:$F$48992=I$10)*('HR2to5 - PY data'!$E$2:$E$48992=$A11)*('HR2to5 - PY data'!$G$2:$G$48992))} -> 0 | J11: {=SUMPRODUCT(('HR2to5 - PY data'!$A$2:$A$48992=$C$4)*('HR2to5 - PY data'!$B$2:$B$48992=$D$4)*('HR2to5 - PY data'!$C$2:$C$48992=$E$4)*('HR2to5 - PY data'!$F$2:$F$48992=J$10)*('HR2to5 - PY data'!$E$2:$E$48992=$A11)*('HR2to5 - PY data'!$G$2:$G$48992))} -> 0 | K11: =SUM(G11:J11) -> 0 | L11: {=SUMPRODUCT(('HR2to5 - PY data'!$A$2:$A$48992=$C$4)*('HR2to5 - PY data'!$B$2:$B$48992=$D$4)*('HR2to5 - PY data'!$C$2:$C$48992=$E$4)*('HR2to5 - PY data'!$F$2:$F$48992=L$10)*('HR2to5 - PY data'!$E$2:$E$48992=$A11)*('HR2to5 - PY data'!$G$2:$G$48992))} -> 0 | M11: {=SUMPRODUCT(('HR2to5 - PY data'!$A$2:$A$48992=$C$4)*('HR2to5 - PY data'!$B$2:$B$48992=$D$4)*('HR2to5 - PY data'!$C$2:$C$48992=$E$4)*('HR2to5 - PY data'!$F$2:$F$48992=M$10)*('HR2to5 - PY data'!$E$2:$E$48992=$A11)*('HR2to5 - PY data'!$G$2:$G$48992))} -> 0 | N11: {=SUMPRODUCT(('HR2to5 - PY data'!$A$2:$A$48992=$C$4)*('HR2to5 - PY data'!$B$2:$B$48992=$D$4)*('HR2to5 - PY data'!$C$2:$C$48992=$E$4)*('HR2to5 - PY data'!$F$2:$F$48992=N$10)*('HR2to5 - PY data'!$E$2:$E$48992=$A11)*('HR2to5 - PY data'!$G$2:$G$48992))} -> 0 | O11: {=SUMPRODUCT(('HR2to5 - PY data'!$A$2:$A$48992=$C$4)*('HR2to5 - PY data'!$B$2:$B$48992=$D$4)*('HR2to5 - PY data'!$C$2:$C$48992=$E$4)*('HR2to5 - PY data'!$F$2:$F$48992=O$10)*('HR2to5 - PY data'!$E$2:$E$48992=$A11)*('HR2to5 - PY data'!$G$2:$G$48992))} -> 0 | P11: =SUM(L11:O11) -> 0 | Q11: {=SUMPRODUCT(('HR2to5 - PY data'!$A$2:$A$48992=$C$4)*('HR2to5 - PY data'!$B$2:$B$48992=$D$4)*('HR2to5 - PY data'!$C$2:$C$48992=$E$4)*('HR2to5 - PY data'!$F$2:$F$48992=Q$10)*('HR2to5 - PY data'!$E$2:$E$48992=$A11)*('HR2to5 - PY data'!$G$2:$G$48992))} -> 0 | R11: {=SUMPRODUCT(('HR2to5 - PY data'!$A$2:$A$48992=$C$4)*('HR2to5 - PY data'!$B$2:$B$48992=$D$4)*('HR2to5 - PY data'!$C$2:$C$48992=$E$4)*('HR2to5 - PY data'!$F$2:$F$48992=R$10)*('HR2to5 - PY data'!$E$2:$E$48992=$A11)*('HR2to5 - PY data'!$G$2:$G$48992))} -> 0 | S11: {=SUMPRODUCT(('HR2to5 - PY data'!$A$2:$A$48992=$C$4)*('HR2to5 - PY data'!$B$2:$B$48992=$D$4)*('HR2to5 - PY data'!$C$2:$C$48992=$E$4)*('HR2to5 - PY data'!$F$2:$F$48992=S$10)*('HR2to5 - PY data'!$E$2:$E$48992=$A11)*('HR2to5 - PY data'!$G$2:$G$48992))} -> 0 | T11: {=SUMPRODUCT(('HR2to5 - PY data'!$A$2:$A$48992=$C$4)*('HR2to5 - PY data'!$B$2:$B$48992=$D$4)*('HR2to5 - PY data'!$C$2:$C$48992=$E$4)*('HR2to5 - PY data'!$F$2:$F$48992=T$10)*('HR2to5 - PY data'!$E$2:$E$48992=$A11)*('HR2to5 - PY data'!$G$2:$G$48992))} -> 0 | U11: =SUM(Q11:T11) -> 0
A12: Station Manager | B12: {=SUMPRODUCT(('HR2to5 - PY data'!$A$2:$A$48992=$C$4)*('HR2to5 - PY data'!$B$2:$B$48992=$D$4)*('HR2to5 - PY data'!$C$2:$C$48992=$E$4)*('HR2to5 - PY data'!$F$2:$F$48992=B$10)*('HR2to5 - PY data'!$E$2:$E$48992=$A12)*('HR2to5 - PY data'!$G$2:$G$48992))} -> 0 | C12: {=SUMPRODUCT(('HR2to5 - PY data'!$A$2:$A$48992=$C$4)*('HR2to5 - PY data'!$B$2:$B$48992=$D$4)*('HR2to5 - PY data'!$C$2:$C$48992=$E$4)*('HR2to5 - PY data'!$F$2:$F$48992=C$10)*('HR2to5 - PY data'!$E$2:$E$48992=$A12)*('HR2to5 - PY data'!$G$2:$G$48992))} -> 0 | D12: {=SUMPRODUCT(('HR2to5 - PY data'!$A$2:$A$48992=$C$4)*('HR2to5 - PY data'!$B$2:$B$48992=$D$4)*('HR2to5 - PY data'!$C$2:$C$48992=$E$4)*('HR2to5 - PY data'!$F$2:$F$48992=D$10)*('HR2to5 - PY data'!$E$2:$E$48992=$A12)*('HR2to5 - PY data'!$G$2:$G$48992))} -> 0 | E12: {=SUMPRODUCT(('HR2to5 - PY data'!$A$2:$A$48992=$C$4)*('HR2to5 - PY data'!$B$2:$B$48992=$D$4)*('HR2to5 - PY data'!$C$2:$C$48992=$E$4)*('HR2to5 - PY data'!$F$2:$F$48992=E$10)*('HR2to5 - PY data'!$E$2:$E$48992=$A12)*('HR2to5 - PY data'!$G$2:$G$48992))} -> 0 | F12: =SUM(B12:E12) -> 0 | G12: {=SUMPRODUCT(('HR2to5 - PY data'!$A$2:$A$48992=$C$4)*('HR2to5 - PY data'!$B$2:$B$48992=$D$4)*('HR2to5 - PY data'!$C$2:$C$48992=$E$4)*('HR2to5 - PY data'!$F$2:$F$48992=G$10)*('HR2to5 - PY data'!$E$2:$E$48992=$A12)*('HR2to5 - PY data'!$G$2:$G$48992))} -> 0 | H12: {=SUMPRODUCT(('HR2to5 - PY data'!$A$2:$A$48992=$C$4)*('HR2to5 - PY data'!$B$2:$B$48992=$D$4)*('HR2to5 - PY data'!$C$2:$C$48992=$E$4)*('HR2to5 - PY data'!$F$2:$F$48992=H$10)*('HR2to5 - PY data'!$E$2:$E$48992=$A12)*('HR2to5 - PY data'!$G$2:$G$48992))} -> 0 | I12: {=SUMPRODUCT(('HR2to5 - PY data'!$A$2:$A$48992=$C$4)*('HR2to5 - PY data'!$B$2:$B$48992=$D$4)*('HR2to5 - PY data'!$C$2:$C$48992=$E$4)*('HR2to5 - PY data'!$F$2:$F$48992=I$10)*('HR2to5 - PY data'!$E$2:$E$48992=$A12)*('HR2to5 - PY data'!$G$2:$G$48992))} -> 0 | J12: {=SUMPRODUCT(('HR2to5 - PY data'!$A$2:$A$48992=$C$4)*('HR2to5 - PY data'!$B$2:$B$48992=$D$4)*('HR2to5 - PY data'!$C$2:$C$48992=$E$4)*('HR2to5 - PY data'!$F$2:$F$48992=J$10)*('HR2to5 - PY data'!$E$2:$E$48992=$A12)*('HR2to5 - PY data'!$G$2:$G$48992))} -> 0 | K12: =SUM(G12:J12) -> 0 | L12: {=SUMPRODUCT(('HR2to5 - PY data'!$A$2:$A$48992=$C$4)*('HR2to5 - PY data'!$B$2:$B$48992=$D$4)*('HR2to5 - PY data'!$C$2:$C$48992=$E$4)*('HR2to5 - PY data'!$F$2:$F$48992=L$10)*('HR2to5 - PY data'!$E$2:$E$48992=$A12)*('HR2to5 - PY data'!$G$2:$G$48992))} -> 0 | M12: {=SUMPRODUCT(('HR2to5 - PY data'!$A$2:$A$48992=$C$4)*('HR2to5 - PY data'!$B$2:$B$48992=$D$4)*('HR2to5 - PY data'!$C$2:$C$48992=$E$4)*('HR2to5 - PY data'!$F$2:$F$48992=M$10)*('HR2to5 - PY data'!$E$2:$E$48992=$A12)*('HR2to5 - PY data'!$G$2:$G$48992))} -> 0 | N12: {=SUMPRODUCT(('HR2to5 - PY data'!$A$2:$A$48992=$C$4)*('HR2to5 - PY data'!$B$2:$B$48992=$D$4)*('HR2to5 - PY data'!$C$2:$C$48992=$E$4)*('HR2to5 - PY data'!$F$2:$F$48992=N$10)*('HR2to5 - PY data'!$E$2:$E$48992=$A12)*('HR2to5 - PY data'!$G$2:$G$48992))} -> 0 | O12: {=SUMPRODUCT(('HR2to5 - PY data'!$A$2:$A$48992=$C$4)*('HR2to5 - PY data'!$B$2:$B$48992=$D$4)*('HR2to5 - PY data'!$C$2:$C$48992=$E$4)*('HR2to5 - PY data'!$F$2:$F$48992=O$10)*('HR2to5 - PY data'!$E$2:$E$48992=$A12)*('HR2to5 - PY data'!$G$2:$G$48992))} -> 0 | P12: =SUM(L12:O12) -> 0 | Q12: {=SUMPRODUCT(('HR2to5 - PY data'!$A$2:$A$48992=$C$4)*('HR2to5 - PY data'!$B$2:$B$48992=$D$4)*('HR2to5 - PY data'!$C$2:$C$48992=$E$4)*('HR2to5 - PY data'!$F$2:$F$48992=Q$10)*('HR2to5 - PY data'!$E$2:$E$48992=$A12)*('HR2to5 - PY data'!$G$2:$G$48992))} -> 0 | R12: {=SUMPRODUCT(('HR2to5 - PY data'!$A$2:$A$48992=$C$4)*('HR2to5 - PY data'!$B$2:$B$48992=$D$4)*('HR2to5 - PY data'!$C$2:$C$48992=$E$4)*('HR2to5 - PY data'!$F$2:$F$48992=R$10)*('HR2to5 - PY data'!$E$2:$E$48992=$A12)*('HR2to5 - PY data'!$G$2:$G$48992))} -> 0 | S12: {=SUMPRODUCT(('HR2to5 - PY data'!$A$2:$A$48992=$C$4)*('HR2to5 - PY data'!$B$2:$B$48992=$D$4)*('HR2to5 - PY data'!$C$2:$C$48992=$E$4)*('HR2to5 - PY data'!$F$2:$F$48992=S$10)*('HR2to5 - PY data'!$E$2:$E$48992=$A12)*('HR2to5 - PY data'!$G$2:$G$48992))} -> 0 | T12: {=SUMPRODUCT(('HR2to5 - PY data'!$A$2:$A$48992=$C$4)*('HR2to5 - PY data'!$B$2:$B$48992=$D$4)*('HR2to5 - PY data'!$C$2:$C$48992=$E$4)*('HR2to5 - PY data'!$F$2:$F$48992=T$10)*('HR2to5 - PY data'!$E$2:$E$48992=$A12)*('HR2to5 - PY data'!$G$2:$G$48992))} -> 0 | U12: =SUM(Q12:T12) -> 0
A13: Watch Manager | B13: {=SUMPRODUCT(('HR2to5 - PY data'!$A$2:$A$48992=$C$4)*('HR2to5 - PY data'!$B$2:$B$48992=$D$4)*('HR2to5 - PY data'!$C$2:$C$48992=$E$4)*('HR2to5 - PY data'!$F$2:$F$48992=B$10)*('HR2to5 - PY data'!$E$2:$E$48992=$A13)*('HR2to5 - PY data'!$G$2:$G$48992))} -> 0 | C13: {=SUMPRODUCT(('HR2to5 - PY data'!$A$2:$A$48992=$C$4)*('HR2to5 - PY data'!$B$2:$B$48992=$D$4)*('HR2to5 - PY data'!$C$2:$C$48992=$E$4)*('HR2to5 - PY data'!$F$2:$F$48992=C$10)*('HR2to5 - PY data'!$E$2:$E$48992=$A13)*('HR2to5 - PY data'!$G$2:$G$48992))} -> 0 | D13: {=SUMPRODUCT(('HR2to5 - PY data'!$A$2:$A$48992=$C$4)*('HR2to5 - PY data'!$B$2:$B$48992=$D$4)*('HR2to5 - PY data'!$C$2:$C$48992=$E$4)*('HR2to5 - PY data'!$F$2:$F$48992=D$10)*('HR2to5 - PY data'!$E$2:$E$48992=$A13)*('HR2to5 - PY data'!$G$2:$G$48992))} -> 0 | E13: {=SUMPRODUCT(('HR2to5 - PY data'!$A$2:$A$48992=$C$4)*('HR2to5 - PY data'!$B$2:$B$48992=$D$4)*('HR2to5 - PY data'!$C$2:$C$48992=$E$4)*('HR2to5 - PY data'!$F$2:$F$48992=E$10)*('HR2to5 - PY data'!$E$2:$E$48992=$A13)*('HR2to5 - PY data'!$G$2:$G$48992))} -> 0 | F13: =SUM(B13:E13) -> 0 | G13: {=SUMPRODUCT(('HR2to5 - PY data'!$A$2:$A$48992=$C$4)*('HR2to5 - PY data'!$B$2:$B$48992=$D$4)*('HR2to5 - PY data'!$C$2:$C$48992=$E$4)*('HR2to5 - PY data'!$F$2:$F$48992=G$10)*('HR2to5 - PY data'!$E$2:$E$48992=$A13)*('HR2to5 - PY data'!$G$2:$G$48992))} -> 0 | H13: {=SUMPRODUCT(('HR2to5 - PY data'!$A$2:$A$48992=$C$4)*('HR2to5 - PY data'!$B$2:$B$48992=$D$4)*('HR2to5 - PY data'!$C$2:$C$48992=$E$4)*('HR2to5 - PY data'!$F$2:$F$48992=H$10)*('HR2to5 - PY data'!$E$2:$E$48992=$A13)*('HR2to5 - PY data'!$G$2:$G$48992))} -> 0 | I13: {=SUMPRODUCT(('HR2to5 - PY data'!$A$2:$A$48992=$C$4)*('HR2to5 - PY data'!$B$2:$B$48992=$D$4)*('HR2to5 - PY data'!$C$2:$C$48992=$E$4)*('HR2to5 - PY data'!$F$2:$F$48992=I$10)*('HR2to5 - PY data'!$E$2:$E$48992=$A13)*('HR2to5 - PY data'!$G$2:$G$48992))} -> 0 | J13: {=SUMPRODUCT(('HR2to5 - PY data'!$A$2:$A$48992=$C$4)*('HR2to5 - PY data'!$B$2:$B$48992=$D$4)*('HR2to5 - PY data'!$C$2:$C$48992=$E$4)*('HR2to5 - PY data'!$F$2:$F$48992=J$10)*('HR2to5 - PY data'!$E$2:$E$48992=$A13)*('HR2to5 - PY data'!$G$2:$G$48992))} -> 0 | K13: =SUM(G13:J13) -> 0 | L13: {=SUMPRODUCT(('HR2to5 - PY data'!$A$2:$A$48992=$C$4)*('HR2to5 - PY data'!$B$2:$B$48992=$D$4)*('HR2to5 - PY data'!$C$2:$C$48992=$E$4)*('HR2to5 - PY data'!$F$2:$F$48992=L$10)*('HR2to5 - PY data'!$E$2:$E$48992=$A13)*('HR2to5 - PY data'!$G$2:$G$48992))} -> 0 | M13: {=SUMPRODUCT(('HR2to5 - PY data'!$A$2:$A$48992=$C$4)*('HR2to5 - PY data'!$B$2:$B$48992=$D$4)*('HR2to5 - PY data'!$C$2:$C$48992=$E$4)*('HR2to5 - PY data'!$F$2:$F$48992=M$10)*('HR2to5 - PY data'!$E$2:$E$48992=$A13)*('HR2to5 - PY data'!$G$2:$G$48992))} -> 0 | N13: {=SUMPRODUCT(('HR2to5 - PY data'!$A$2:$A$48992=$C$4)*('HR2to5 - PY data'!$B$2:$B$48992=$D$4)*('HR2to5 - PY data'!$C$2:$C$48992=$E$4)*('HR2to5 - PY data'!$F$2:$F$48992=N$10)*('HR2to5 - PY data'!$E$2:$E$48992=$A13)*('HR2to5 - PY data'!$G$2:$G$48992))} -> 0 | O13: {=SUMPRODUCT(('HR2to5 - PY data'!$A$2:$A$48992=$C$4)*('HR2to5 - PY data'!$B$2:$B$48992=$D$4)*('HR2to5 - PY data'!$C$2:$C$48992=$E$4)*('HR2to5 - PY data'!$F$2:$F$48992=O$10)*('HR2to5 - PY data'!$E$2:$E$48992=$A13)*('HR2to5 - PY data'!$G$2:$G$48992))} -> 0 | P13: =SUM(L13:O13) -> 0 | Q13: {=SUMPRODUCT(('HR2to5 - PY data'!$A$2:$A$48992=$C$4)*('HR2to5 - PY data'!$B$2:$B$48992=$D$4)*('HR2to5 - PY data'!$C$2:$C$48992=$E$4)*('HR2to5 - PY data'!$F$2:$F$48992=Q$10)*('HR2to5 - PY data'!$E$2:$E$48992=$A13)*('HR2to5 - PY data'!$G$2:$G$48992))} -> 0 | R13: {=SUMPRODUCT(('HR2to5 - PY data'!$A$2:$A$48992=$C$4)*('HR2to5 - PY data'!$B$2:$B$48992=$D$4)*('HR2to5 - PY data'!$C$2:$C$48992=$E$4)*('HR2to5 - PY data'!$F$2:$F$48992=R$10)*('HR2to5 - PY data'!$E$2:$E$48992=$A13)*('HR2to5 - PY data'!$G$2:$G$48992))} -> 0 | S13: {=SUMPRODUCT(('HR2to5 - PY data'!$A$2:$A$48992=$C$4)*('HR2to5 - PY data'!$B$2:$B$48992=$D$4)*('HR2to5 - PY data'!$C$2:$C$48992=$E$4)*('HR2to5 - PY data'!$F$2:$F$48992=S$10)*('HR2to5 - PY data'!$E$2:$E$48992=$A13)*('HR2to5 - PY data'!$G$2:$G$48992))} -> 0 | T13: {=SUMPRODUCT(('HR2to5 - PY data'!$A$2:$A$48992=$C$4)*('HR2to5 - PY data'!$B$2:$B$48992=$D$4)*('HR2to5 - PY data'!$C$2:$C$48992=$E$4)*('HR2to5 - PY data'!$F$2:$F$48992=T$10)*('HR2to5 - PY data'!$E$2:$E$48992=$A13)*('HR2to5 - PY data'!$G$2:$G$48992))} -> 0 | U13: =SUM(Q13:T13) -> 0
A14: Crew Manager | B14: {=SUMPRODUCT(('HR2to5 - PY data'!$A$2:$A$48992=$C$4)*('HR2to5 - PY data'!$B$2:$B$48992=$D$4)*('HR2to5 - PY data'!$C$2:$C$48992=$E$4)*('HR2to5 - PY data'!$F$2:$F$48992=B$10)*('HR2to5 - PY data'!$E$2:$E$48992=$A14)*('HR2to5 - PY data'!$G$2:$G$48992))} -> 0 | C14: {=SUMPRODUCT(('HR2to5 - PY data'!$A$2:$A$48992=$C$4)*('HR2to5 - PY data'!$B$2:$B$48992=$D$4)*('HR2to5 - PY data'!$C$2:$C$48992=$E$4)*('HR2to5 - PY data'!$F$2:$F$48992=C$10)*('HR2to5 - PY data'!$E$2:$E$48992=$A14)*('HR2to5 - PY data'!$G$2:$G$48992))} -> 0 | D14: {=SUMPRODUCT(('HR2to5 - PY data'!$A$2:$A$48992=$C$4)*('HR2to5 - PY data'!$B$2:$B$48992=$D$4)*('HR2to5 - PY data'!$C$2:$C$48992=$E$4)*('HR2to5 - PY data'!$F$2:$F$48992=D$10)*('HR2to5 - PY data'!$E$2:$E$48992=$A14)*('HR2to5 - PY data'!$G$2:$G$48992))} -> 0 | E14: {=SUMPRODUCT(('HR2to5 - PY data'!$A$2:$A$48992=$C$4)*('HR2to5 - PY data'!$B$2:$B$48992=$D$4)*('HR2to5 - PY data'!$C$2:$C$48992=$E$4)*('HR2to5 - PY data'!$F$2:$F$48992=E$10)*('HR2to5 - PY data'!$E$2:$E$48992=$A14)*('HR2to5 - PY data'!$G$2:$G$48992))} -> 0 | F14: =SUM(B14:E14) -> 0 | G14: {=SUMPRODUCT(('HR2to5 - PY data'!$A$2:$A$48992=$C$4)*('HR2to5 - PY data'!$B$2:$B$48992=$D$4)*('HR2to5 - PY data'!$C$2:$C$48992=$E$4)*('HR2to5 - PY data'!$F$2:$F$48992=G$10)*('HR2to5 - PY data'!$E$2:$E$48992=$A14)*('HR2to5 - PY data'!$G$2:$G$48992))} -> 0 | H14: {=SUMPRODUCT(('HR2to5 - PY data'!$A$2:$A$48992=$C$4)*('HR2to5 - PY data'!$B$2:$B$48992=$D$4)*('HR2to5 - PY data'!$C$2:$C$48992=$E$4)*('HR2to5 - PY data'!$F$2:$F$48992=H$10)*('HR2to5 - PY data'!$E$2:$E$48992=$A14)*('HR2to5 - PY data'!$G$2:$G$48992))} -> 0 | I14: {=SUMPRODUCT(('HR2to5 - PY data'!$A$2:$A$48992=$C$4)*('HR2to5 - PY data'!$B$2:$B$48992=$D$4)*('HR2to5 - PY data'!$C$2:$C$48992=$E$4)*('HR2to5 - PY data'!$F$2:$F$48992=I$10)*('HR2to5 - PY data'!$E$2:$E$48992=$A14)*('HR2to5 - PY data'!$G$2:$G$48992))} -> 0 | J14: {=SUMPRODUCT(('HR2to5 - PY data'!$A$2:$A$48992=$C$4)*('HR2to5 - PY data'!$B$2:$B$48992=$D$4)*('HR2to5 - PY data'!$C$2:$C$48992=$E$4)*('HR2to5 - PY data'!$F$2:$F$48992=J$10)*('HR2to5 - PY data'!$E$2:$E$48992=$A14)*('HR2to5 - PY data'!$G$2:$G$48992))} -> 0 | K14: =SUM(G14:J14) -> 0 | L14: {=SUMPRODUCT(('HR2to5 - PY data'!$A$2:$A$48992=$C$4)*('HR2to5 - PY data'!$B$2:$B$48992=$D$4)*('HR2to5 - PY data'!$C$2:$C$48992=$E$4)*('HR2to5 - PY data'!$F$2:$F$48992=L$10)*('HR2to5 - PY data'!$E$2:$E$48992=$A14)*('HR2to5 - PY data'!$G$2:$G$48992))} -> 0 | M14: {=SUMPRODUCT(('HR2to5 - PY data'!$A$2:$A$48992=$C$4)*('HR2to5 - PY data'!$B$2:$B$48992=$D$4)*('HR2to5 - PY data'!$C$2:$C$48992=$E$4)*('HR2to5 - PY data'!$F$2:$F$48992=M$10)*('HR2to5 - PY data'!$E$2:$E$48992=$A14)*('HR2to5 - PY data'!$G$2:$G$48992))} -> 0 | N14: {=SUMPRODUCT(('HR2to5 - PY data'!$A$2:$A$48992=$C$4)*('HR2to5 - PY data'!$B$2:$B$48992=$D$4)*('HR2to5 - PY data'!$C$2:$C$48992=$E$4)*('HR2to5 - PY data'!$F$2:$F$48992=N$10)*('HR2to5 - PY data'!$E$2:$E$48992=$A14)*('HR2to5 - PY data'!$G$2:$G$48992))} -> 0 | O14: {=SUMPRODUCT(('HR2to5 - PY data'!$A$2:$A$48992=$C$4)*('HR2to5 - PY data'!$B$2:$B$48992=$D$4)*('HR2to5 - PY data'!$C$2:$C$48992=$E$4)*('HR2to5 - PY data'!$F$2:$F$48992=O$10)*('HR2to5 - PY data'!$E$2:$E$48992=$A14)*('HR2to5 - PY data'!$G$2:$G$48992))} -> 0 | P14: =SUM(L14:O14) -> 0 | Q14: {=SUMPRODUCT(('HR2to5 - PY data'!$A$2:$A$48992=$C$4)*('HR2to5 - PY data'!$B$2:$B$48992=$D$4)*('HR2to5 - PY data'!$C$2:$C$48992=$E$4)*('HR2to5 - PY data'!$F$2:$F$48992=Q$10)*('HR2to5 - PY data'!$E$2:$E$48992=$A14)*('HR2to5 - PY data'!$G$2:$G$48992))} -> 0 | R14: {=SUMPRODUCT(('HR2to5 - PY data'!$A$2:$A$48992=$C$4)*('HR2to5 - PY data'!$B$2:$B$48992=$D$4)*('HR2to5 - PY data'!$C$2:$C$48992=$E$4)*('HR2to5 - PY data'!$F$2:$F$48992=R$10)*('HR2to5 - PY data'!$E$2:$E$48992=$A14)*('HR2to5 - PY data'!$G$2:$G$48992))} -> 0 | S14: {=SUMPRODUCT(('HR2to5 - PY data'!$A$2:$A$48992=$C$4)*('HR2to5 - PY data'!$B$2:$B$48992=$D$4)*('HR2to5 - PY data'!$C$2:$C$48992=$E$4)*('HR2to5 - PY data'!$F$2:$F$48992=S$10)*('HR2to5 - PY data'!$E$2:$E$48992=$A14)*('HR2to5 - PY data'!$G$2:$G$48992))} -> 0 | T14: {=SUMPRODUCT(('HR2to5 - PY data'!$A$2:$A$48992=$C$4)*('HR2to5 - PY data'!$B$2:$B$48992=$D$4)*('HR2to5 - PY data'!$C$2:$C$48992=$E$4)*('HR2to5 - PY data'!$F$2:$F$48992=T$10)*('HR2to5 - PY data'!$E$2:$E$48992=$A14)*('HR2to5 - PY data'!$G$2:$G$48992))} -> 0 | U14: =SUM(Q14:T14) -> 0
A15: Firefighter | B15: {=SUMPRODUCT(('HR2to5 - PY data'!$A$2:$A$48992=$C$4)*('HR2to5 - PY data'!$B$2:$B$48992=$D$4)*('HR2to5 - PY data'!$C$2:$C$48992=$E$4)*('HR2to5 - PY data'!$F$2:$F$48992=B$10)*('HR2to5 - PY data'!$E$2:$E$48992=$A15)*('HR2to5 - PY data'!$G$2:$G$48992))} -> 0 | C15: {=SUMPRODUCT(('HR2to5 - PY data'!$A$2:$A$48992=$C$4)*('HR2to5 - PY data'!$B$2:$B$48992=$D$4)*('HR2to5 - PY data'!$C$2:$C$48992=$E$4)*('HR2to5 - PY data'!$F$2:$F$48992=C$10)*('HR2to5 - PY data'!$E$2:$E$48992=$A15)*('HR2to5 - PY data'!$G$2:$G$48992))} -> 0 | D15: {=SUMPRODUCT(('HR2to5 - PY data'!$A$2:$A$48992=$C$4)*('HR2to5 - PY data'!$B$2:$B$48992=$D$4)*('HR2to5 - PY data'!$C$2:$C$48992=$E$4)*('HR2to5 - PY data'!$F$2:$F$48992=D$10)*('HR2to5 - PY data'!$E$2:$E$48992=$A15)*('HR2to5 - PY data'!$G$2:$G$48992))} -> 0 | E15: {=SUMPRODUCT(('HR2to5 - PY data'!$A$2:$A$48992=$C$4)*('HR2to5 - PY data'!$B$2:$B$48992=$D$4)*('HR2to5 - PY data'!$C$2:$C$48992=$E$4)*('HR2to5 - PY data'!$F$2:$F$48992=E$10)*('HR2to5 - PY data'!$E$2:$E$48992=$A15)*('HR2to5 - PY data'!$G$2:$G$48992))} -> 0 | F15: =SUM(B15:E15) -> 0 | G15: {=SUMPRODUCT(('HR2to5 - PY data'!$A$2:$A$48992=$C$4)*('HR2to5 - PY data'!$B$2:$B$48992=$D$4)*('HR2to5 - PY data'!$C$2:$C$48992=$E$4)*('HR2to5 - PY data'!$F$2:$F$48992=G$10)*('HR2to5 - PY data'!$E$2:$E$48992=$A15)*('HR2to5 - PY data'!$G$2:$G$48992))} -> 0 | H15: {=SUMPRODUCT(('HR2to5 - PY data'!$A$2:$A$48992=$C$4)*('HR2to5 - PY data'!$B$2:$B$48992=$D$4)*('HR2to5 - PY data'!$C$2:$C$48992=$E$4)*('HR2to5 - PY data'!$F$2:$F$48992=H$10)*('HR2to5 - PY data'!$E$2:$E$48992=$A15)*('HR2to5 - PY data'!$G$2:$G$48992))} -> 0 | I15: {=SUMPRODUCT(('HR2to5 - PY data'!$A$2:$A$48992=$C$4)*('HR2to5 - PY data'!$B$2:$B$48992=$D$4)*('HR2to5 - PY data'!$C$2:$C$48992=$E$4)*('HR2to5 - PY data'!$F$2:$F$48992=I$10)*('HR2to5 - PY data'!$E$2:$E$48992=$A15)*('HR2to5 - PY data'!$G$2:$G$48992))} -> 0 | J15: {=SUMPRODUCT(('HR2to5 - PY data'!$A$2:$A$48992=$C$4)*('HR2to5 - PY data'!$B$2:$B$48992=$D$4)*('HR2to5 - PY data'!$C$2:$C$48992=$E$4)*('HR2to5 - PY data'!$F$2:$F$48992=J$10)*('HR2to5 - PY data'!$E$2:$E$48992=$A15)*('HR2to5 - PY data'!$G$2:$G$48992))} -> 0 | K15: =SUM(G15:J15) -> 0 | L15: {=SUMPRODUCT(('HR2to5 - PY data'!$A$2:$A$48992=$C$4)*('HR2to5 - PY data'!$B$2:$B$48992=$D$4)*('HR2to5 - PY data'!$C$2:$C$48992=$E$4)*('HR2to5 - PY data'!$F$2:$F$48992=L$10)*('HR2to5 - PY data'!$E$2:$E$48992=$A15)*('HR2to5 - PY data'!$G$2:$G$48992))} -> 0 | M15: {=SUMPRODUCT(('HR2to5 - PY data'!$A$2:$A$48992=$C$4)*('HR2to5 - PY data'!$B$2:$B$48992=$D$4)*('HR2to5 - PY data'!$C$2:$C$48992=$E$4)*('HR2to5 - PY data'!$F$2:$F$48992=M$10)*('HR2to5 - PY data'!$E$2:$E$48992=$A15)*('HR2to5 - PY data'!$G$2:$G$48992))} -> 0 | N15: {=SUMPRODUCT(('HR2to5 - PY data'!$A$2:$A$48992=$C$4)*('HR2to5 - PY data'!$B$2:$B$48992=$D$4)*('HR2to5 - PY data'!$C$2:$C$48992=$E$4)*('HR2to5 - PY data'!$F$2:$F$48992=N$10)*('HR2to5 - PY data'!$E$2:$E$48992=$A15)*('HR2to5 - PY data'!$G$2:$G$48992))} -> 0 | O15: {=SUMPRODUCT(('HR2to5 - PY data'!$A$2:$A$48992=$C$4)*('HR2to5 - PY data'!$B$2:$B$48992=$D$4)*('HR2to5 - PY data'!$C$2:$C$48992=$E$4)*('HR2to5 - PY data'!$F$2:$F$48992=O$10)*('HR2to5 - PY data'!$E$2:$E$48992=$A15)*('HR2to5 - PY data'!$G$2:$G$48992))} -> 0 | P15: =SUM(L15:O15) -> 0 | Q15: {=SUMPRODUCT(('HR2to5 - PY data'!$A$2:$A$48992=$C$4)*('HR2to5 - PY data'!$B$2:$B$48992=$D$4)*('HR2to5 - PY data'!$C$2:$C$48992=$E$4)*('HR2to5 - PY data'!$F$2:$F$48992=Q$10)*('HR2to5 - PY data'!$E$2:$E$48992=$A15)*('HR2to5 - PY data'!$G$2:$G$48992))} -> 0 | R15: {=SUMPRODUCT(('HR2to5 - PY data'!$A$2:$A$48992=$C$4)*('HR2to5 - PY data'!$B$2:$B$48992=$D$4)*('HR2to5 - PY data'!$C$2:$C$48992=$E$4)*('HR2to5 - PY data'!$F$2:$F$48992=R$10)*('HR2to5 - PY data'!$E$2:$E$48992=$A15)*('HR2to5 - PY data'!$G$2:$G$48992))} -> 0 | S15: {=SUMPRODUCT(('HR2to5 - PY data'!$A$2:$A$48992=$C$4)*('HR2to5 - PY data'!$B$2:$B$48992=$D$4)*('HR2to5 - PY data'!$C$2:$C$48992=$E$4)*('HR2to5 - PY data'!$F$2:$F$48992=S$10)*('HR2to5 - PY data'!$E$2:$E$48992=$A15)*('HR2to5 - PY data'!$G$2:$G$48992))} -> 0 | T15: {=SUMPRODUCT(('HR2to5 - PY data'!$A$2:$A$48992=$C$4)*('HR2to5 - PY data'!$B$2:$B$48992=$D$4)*('HR2to5 - PY data'!$C$2:$C$48992=$E$4)*('HR2to5 - PY data'!$F$2:$F$48992=T$10)*('HR2to5 - PY data'!$E$2:$E$48992=$A15)*('HR2to5 - PY data'!$G$2:$G$48992))} -> 0 | U15: =SUM(Q15:T15) -> 0
A16: Total | B16: =SUM(B11:B15) -> 0 | C16: =SUM(C11:C15) -> 0 | D16: =SUM(D11:D15) -> 0 | E16: =SUM(E11:E15) -> 0 | F16: =SUM(F11:F15) -> 0 | G16: =SUM(G11:G15) -> 0 | H16: =SUM(H11:H15) -> 0 | I16: =SUM(I11:I15) -> 0 | ... U16: =SUM(U11:U15) -> 0
B20: Men_56to65 | C20: Women_56to65 | D20: Other_56to65 | E20: Unknown_56to65 | F20: Total | G20: Men_66plus | H20: Women_66plus | I20: Other_66plus | J20: Unknown_66plus | K20: Total | L20: Men_age_not_stated | M20: Women_age_not_stated | N20: Other_age_not_stated | O20: Unknown_age_not_stated | P20: Total | Q20: Men | R20: Women | S20: Other | T20: Unknown | U20: Total
A21: Group Manager | B21: {=SUMPRODUCT(('HR2to5 - PY data'!$A$2:$A$48992=$C$4)*('HR2to5 - PY data'!$B$2:$B$48992=$D$4)*('HR2to5 - PY data'!$C$2:$C$48992=$E$4)*('HR2to5 - PY data'!$F$2:$F$48992=B$20)*('HR2to5 - PY data'!$E$2:$E$48992=$A21)*('HR2to5 - PY data'!$G$2:$G$48992))} -> 0 | C21: {=SUMPRODUCT(('HR2to5 - PY data'!$A$2:$A$48992=$C$4)*('HR2to5 - PY data'!$B$2:$B$48992=$D$4)*('HR2to5 - PY data'!$C$2:$C$48992=$E$4)*('HR2to5 - PY data'!$F$2:$F$48992=C$20)*('HR2to5 - PY data'!$E$2:$E$48992=$A21)*('HR2to5 - PY data'!$G$2:$G$48992))} -> 0 | D21: {=SUMPRODUCT(('HR2to5 - PY data'!$A$2:$A$48992=$C$4)*('HR2to5 - PY data'!$B$2:$B$48992=$D$4)*('HR2to5 - PY data'!$C$2:$C$48992=$E$4)*('HR2to5 - PY data'!$F$2:$F$48992=D$20)*('HR2to5 - PY data'!$E$2:$E$48992=$A21)*('HR2to5 - PY data'!$G$2:$G$48992))} -> 0 | E21: {=SUMPRODUCT(('HR2to5 - PY data'!$A$2:$A$48992=$C$4)*('HR2to5 - PY data'!$B$2:$B$48992=$D$4)*('HR2to5 - PY data'!$C$2:$C$48992=$E$4)*('HR2to5 - PY data'!$F$2:$F$48992=E$20)*('HR2to5 - PY data'!$E$2:$E$48992=$A21)*('HR2to5 - PY data'!$G$2:$G$48992))} -> 0 | F21: =SUM(B21:E21) -> 0 | G21: {=SUMPRODUCT(('HR2to5 - PY data'!$A$2:$A$48992=$C$4)*('HR2to5 - PY data'!$B$2:$B$48992=$D$4)*('HR2to5 - PY data'!$C$2:$C$48992=$E$4)*('HR2to5 - PY data'!$F$2:$F$48992=G$20)*('HR2to5 - PY data'!$E$2:$E$48992=$A21)*('HR2to5 - PY data'!$G$2:$G$48992))} -> 0 | H21: {=SUMPRODUCT(('HR2to5 - PY data'!$A$2:$A$48992=$C$4)*('HR2to5 - PY data'!$B$2:$B$48992=$D$4)*('HR2to5 - PY data'!$C$2:$C$48992=$E$4)*('HR2to5 - PY data'!$F$2:$F$48992=H$20)*('HR2to5 - PY data'!$E$2:$E$48992=$A21)*('HR2to5 - PY data'!$G$2:$G$48992))} -> 0 | I21: {=SUMPRODUCT(('HR2to5 - PY data'!$A$2:$A$48992=$C$4)*('HR2to5 - PY data'!$B$2:$B$48992=$D$4)*('HR2to5 - PY data'!$C$2:$C$48992=$E$4)*('HR2to5 - PY data'!$F$2:$F$48992=I$20)*('HR2to5 - PY data'!$E$2:$E$48992=$A21)*('HR2to5 - PY data'!$G$2:$G$48992))} -> 0 | J21: {=SUMPRODUCT(('HR2to5 - PY data'!$A$2:$A$48992=$C$4)*('HR2to5 - PY data'!$B$2:$B$48992=$D$4)*('HR2to5 - PY data'!$C$2:$C$48992=$E$4)*('HR2to5 - PY data'!$F$2:$F$48992=J$20)*('HR2to5 - PY data'!$E$2:$E$48992=$A21)*('HR2to5 - PY data'!$G$2:$G$48992))} -> 0 | K21: =SUM(G21:J21) -> 0 | L21: {=SUMPRODUCT(('HR2to5 - PY data'!$A$2:$A$48992=$C$4)*('HR2to5 - PY data'!$B$2:$B$48992=$D$4)*('HR2to5 - PY data'!$C$2:$C$48992=$E$4)*('HR2to5 - PY data'!$F$2:$F$48992=L$20)*('HR2to5 - PY data'!$E$2:$E$48992=$A21)*('HR2to5 - PY data'!$G$2:$G$48992))} -> 0 | M21: {=SUMPRODUCT(('HR2to5 - PY data'!$A$2:$A$48992=$C$4)*('HR2to5 - PY data'!$B$2:$B$48992=$D$4)*('HR2to5 - PY data'!$C$2:$C$48992=$E$4)*('HR2to5 - PY data'!$F$2:$F$48992=M$20)*('HR2to5 - PY data'!$E$2:$E$48992=$A21)*('HR2to5 - PY data'!$G$2:$G$48992))} -> 0 | N21: {=SUMPRODUCT(('HR2to5 - PY data'!$A$2:$A$48992=$C$4)*('HR2to5 - PY data'!$B$2:$B$48992=$D$4)*('HR2to5 - PY data'!$C$2:$C$48992=$E$4)*('HR2to5 - PY data'!$F$2:$F$48992=N$20)*('HR2to5 - PY data'!$E$2:$E$48992=$A21)*('HR2to5 - PY data'!$G$2:$G$48992))} -> 0 | O21: {=SUMPRODUCT(('HR2to5 - PY data'!$A$2:$A$48992=$C$4)*('HR2to5 - PY data'!$B$2:$B$48992=$D$4)*('HR2to5 - PY data'!$C$2:$C$48992=$E$4)*('HR2to5 - PY data'!$F$2:$F$48992=O$20)*('HR2to5 - PY data'!$E$2:$E$48992=$A21)*('HR2to5 - PY data'!$G$2:$G$48992))} -> 0 | P21: =SUM(L21:O21) -> 0 | Q21: =B11+G11+L11+Q11+B21+G21+L21 -> 0 | R21: =C11+H11+M11+R11+C21+H21+M21 -> 0 | S21: =D11+I11+N11+S11+D21+I21+N21 -> 0 | T21: =E11+J11+O11+T11+E21+J21+O21 -> 0 | U21: =F11+K11+P11+U11+F21+K21+P21 -> 0
A22: Station Manager | B22: {=SUMPRODUCT(('HR2to5 - PY data'!$A$2:$A$48992=$C$4)*('HR2to5 - PY data'!$B$2:$B$48992=$D$4)*('HR2to5 - PY data'!$C$2:$C$48992=$E$4)*('HR2to5 - PY data'!$F$2:$F$48992=B$20)*('HR2to5 - PY data'!$E$2:$E$48992=$A22)*('HR2to5 - PY data'!$G$2:$G$48992))} -> 0 | C22: {=SUMPRODUCT(('HR2to5 - PY data'!$A$2:$A$48992=$C$4)*('HR2to5 - PY data'!$B$2:$B$48992=$D$4)*('HR2to5 - PY data'!$C$2:$C$48992=$E$4)*('HR2to5 - PY data'!$F$2:$F$48992=C$20)*('HR2to5 - PY data'!$E$2:$E$48992=$A22)*('HR2to5 - PY data'!$G$2:$G$48992))} -> 0 | D22: {=SUMPRODUCT(('HR2to5 - PY data'!$A$2:$A$48992=$C$4)*('HR2to5 - PY data'!$B$2:$B$48992=$D$4)*('HR2to5 - PY data'!$C$2:$C$48992=$E$4)*('HR2to5 - PY data'!$F$2:$F$48992=D$20)*('HR2to5 - PY data'!$E$2:$E$48992=$A22)*('HR2to5 - PY data'!$G$2:$G$48992))} -> 0 | E22: {=SUMPRODUCT(('HR2to5 - PY data'!$A$2:$A$48992=$C$4)*('HR2to5 - PY data'!$B$2:$B$48992=$D$4)*('HR2to5 - PY data'!$C$2:$C$48992=$E$4)*('HR2to5 - PY data'!$F$2:$F$48992=E$20)*('HR2to5 - PY data'!$E$2:$E$48992=$A22)*('HR2to5 - PY data'!$G$2:$G$48992))} -> 0 | F22: =SUM(B22:E22) -> 0 | G22: {=SUMPRODUCT(('HR2to5 - PY data'!$A$2:$A$48992=$C$4)*('HR2to5 - PY data'!$B$2:$B$48992=$D$4)*('HR2to5 - PY data'!$C$2:$C$48992=$E$4)*('HR2to5 - PY data'!$F$2:$F$48992=G$20)*('HR2to5 - PY data'!$E$2:$E$48992=$A22)*('HR2to5 - PY data'!$G$2:$G$48992))} -> 0 | H22: {=SUMPRODUCT(('HR2to5 - PY data'!$A$2:$A$48992=$C$4)*('HR2to5 - PY data'!$B$2:$B$48992=$D$4)*('HR2to5 - PY data'!$C$2:$C$48992=$E$4)*('HR2to5 - PY data'!$F$2:$F$48992=H$20)*('HR2to5 - PY data'!$E$2:$E$48992=$A22)*('HR2to5 - PY data'!$G$2:$G$48992))} -> 0 | I22: {=SUMPRODUCT(('HR2to5 - PY data'!$A$2:$A$48992=$C$4)*('HR2to5 - PY data'!$B$2:$B$48992=$D$4)*('HR2to5 - PY data'!$C$2:$C$48992=$E$4)*('HR2to5 - PY data'!$F$2:$F$48992=I$20)*('HR2to5 - PY data'!$E$2:$E$48992=$A22)*('HR2to5 - PY data'!$G$2:$G$48992))} -> 0 | J22: {=SUMPRODUCT(('HR2to5 - PY data'!$A$2:$A$48992=$C$4)*('HR2to5 - PY data'!$B$2:$B$48992=$D$4)*('HR2to5 - PY data'!$C$2:$C$48992=$E$4)*('HR2to5 - PY data'!$F$2:$F$48992=J$20)*('HR2to5 - PY data'!$E$2:$E$48992=$A22)*('HR2to5 - PY data'!$G$2:$G$48992))} -> 0 | K22: =SUM(G22:J22) -> 0 | L22: {=SUMPRODUCT(('HR2to5 - PY data'!$A$2:$A$48992=$C$4)*('HR2to5 - PY data'!$B$2:$B$48992=$D$4)*('HR2to5 - PY data'!$C$2:$C$48992=$E$4)*('HR2to5 - PY data'!$F$2:$F$48992=L$20)*('HR2to5 - PY data'!$E$2:$E$48992=$A22)*('HR2to5 - PY data'!$G$2:$G$48992))} -> 0 | M22: {=SUMPRODUCT(('HR2to5 - PY data'!$A$2:$A$48992=$C$4)*('HR2to5 - PY data'!$B$2:$B$48992=$D$4)*('HR2to5 - PY data'!$C$2:$C$48992=$E$4)*('HR2to5 - PY data'!$F$2:$F$48992=M$20)*('HR2to5 - PY data'!$E$2:$E$48992=$A22)*('HR2to5 - PY data'!$G$2:$G$48992))} -> 0 | N22: {=SUMPRODUCT(('HR2to5 - PY data'!$A$2:$A$48992=$C$4)*('HR2to5 - PY data'!$B$2:$B$48992=$D$4)*('HR2to5 - PY data'!$C$2:$C$48992=$E$4)*('HR2to5 - PY data'!$F$2:$F$48992=N$20)*('HR2to5 - PY data'!$E$2:$E$48992=$A22)*('HR2to5 - PY data'!$G$2:$G$48992))} -> 0 | O22: {=SUMPRODUCT(('HR2to5 - PY data'!$A$2:$A$48992=$C$4)*('HR2to5 - PY data'!$B$2:$B$48992=$D$4)*('HR2to5 - PY data'!$C$2:$C$48992=$E$4)*('HR2to5 - PY data'!$F$2:$F$48992=O$20)*('HR2to5 - PY data'!$E$2:$E$48992=$A22)*('HR2to5 - PY data'!$G$2:$G$48992))} -> 0 | P22: =SUM(L22:O22) -> 0 | Q22: =B12+G12+L12+Q12+B22+G22+L22 -> 0 | R22: =C12+H12+M12+R12+C22+H22+M22 -> 0 | S22: =D12+I12+N12+S12+D22+I22+N22 -> 0 | T22: =E12+J12+O12+T12+E22+J22+O22 -> 0 | U22: =F12+K12+P12+U12+F22+K22+P22 -> 0
A23: Watch Manager | B23: {=SUMPRODUCT(('HR2to5 - PY data'!$A$2:$A$48992=$C$4)*('HR2to5 - PY data'!$B$2:$B$48992=$D$4)*('HR2to5 - PY data'!$C$2:$C$48992=$E$4)*('HR2to5 - PY data'!$F$2:$F$48992=B$20)*('HR2to5 - PY data'!$E$2:$E$48992=$A23)*('HR2to5 - PY data'!$G$2:$G$48992))} -> 0 | C23: {=SUMPRODUCT(('HR2to5 - PY data'!$A$2:$A$48992=$C$4)*('HR2to5 - PY data'!$B$2:$B$48992=$D$4)*('HR2to5 - PY data'!$C$2:$C$48992=$E$4)*('HR2to5 - PY data'!$F$2:$F$48992=C$20)*('HR2to5 - PY data'!$E$2:$E$48992=$A23)*('HR2to5 - PY data'!$G$2:$G$48992))} -> 0 | D23: {=SUMPRODUCT(('HR2to5 - PY data'!$A$2:$A$48992=$C$4)*('HR2to5 - PY data'!$B$2:$B$48992=$D$4)*('HR2to5 - PY data'!$C$2:$C$48992=$E$4)*('HR2to5 - PY data'!$F$2:$F$48992=D$20)*('HR2to5 - PY data'!$E$2:$E$48992=$A23)*('HR2to5 - PY data'!$G$2:$G$48992))} -> 0 | E23: {=SUMPRODUCT(('HR2to5 - PY data'!$A$2:$A$48992=$C$4)*('HR2to5 - PY data'!$B$2:$B$48992=$D$4)*('HR2to5 - PY data'!$C$2:$C$48992=$E$4)*('HR2to5 - PY data'!$F$2:$F$48992=E$20)*('HR2to5 - PY data'!$E$2:$E$48992=$A23)*('HR2to5 - PY data'!$G$2:$G$48992))} -> 0 | F23: =SUM(B23:E23) -> 0 | G23: {=SUMPRODUCT(('HR2to5 - PY data'!$A$2:$A$48992=$C$4)*('HR2to5 - PY data'!$B$2:$B$48992=$D$4)*('HR2to5 - PY data'!$C$2:$C$48992=$E$4)*('HR2to5 - PY data'!$F$2:$F$48992=G$20)*('HR2to5 - PY data'!$E$2:$E$48992=$A23)*('HR2to5 - PY data'!$G$2:$G$48992))} -> 0 | H23: {=SUMPRODUCT(('HR2to5 - PY data'!$A$2:$A$48992=$C$4)*('HR2to5 - PY data'!$B$2:$B$48992=$D$4)*('HR2to5 - PY data'!$C$2:$C$48992=$E$4)*('HR2to5 - PY data'!$F$2:$F$48992=H$20)*('HR2to5 - PY data'!$E$2:$E$48992=$A23)*('HR2to5 - PY data'!$G$2:$G$48992))} -> 0 | I23: {=SUMPRODUCT(('HR2to5 - PY data'!$A$2:$A$48992=$C$4)*('HR2to5 - PY data'!$B$2:$B$48992=$D$4)*('HR2to5 - PY data'!$C$2:$C$48992=$E$4)*('HR2to5 - PY data'!$F$2:$F$48992=I$20)*('HR2to5 - PY data'!$E$2:$E$48992=$A23)*('HR2to5 - PY data'!$G$2:$G$48992))} -> 0 | J23: {=SUMPRODUCT(('HR2to5 - PY data'!$A$2:$A$48992=$C$4)*('HR2to5 - PY data'!$B$2:$B$48992=$D$4)*('HR2to5 - PY data'!$C$2:$C$48992=$E$4)*('HR2to5 - PY data'!$F$2:$F$48992=J$20)*('HR2to5 - PY data'!$E$2:$E$48992=$A23)*('HR2to5 - PY data'!$G$2:$G$48992))} -> 0 | K23: =SUM(G23:J23) -> 0 | L23: {=SUMPRODUCT(('HR2to5 - PY data'!$A$2:$A$48992=$C$4)*('HR2to5 - PY data'!$B$2:$B$48992=$D$4)*('HR2to5 - PY data'!$C$2:$C$48992=$E$4)*('HR2to5 - PY data'!$F$2:$F$48992=L$20)*('HR2to5 - PY data'!$E$2:$E$48992=$A23)*('HR2to5 - PY data'!$G$2:$G$48992))} -> 0 | M23: {=SUMPRODUCT(('HR2to5 - PY data'!$A$2:$A$48992=$C$4)*('HR2to5 - PY data'!$B$2:$B$48992=$D$4)*('HR2to5 - PY data'!$C$2:$C$48992=$E$4)*('HR2to5 - PY data'!$F$2:$F$48992=M$20)*('HR2to5 - PY data'!$E$2:$E$48992=$A23)*('HR2to5 - PY data'!$G$2:$G$48992))} -> 0 | N23: {=SUMPRODUCT(('HR2to5 - PY data'!$A$2:$A$48992=$C$4)*('HR2to5 - PY data'!$B$2:$B$48992=$D$4)*('HR2to5 - PY data'!$C$2:$C$48992=$E$4)*('HR2to5 - PY data'!$F$2:$F$48992=N$20)*('HR2to5 - PY data'!$E$2:$E$48992=$A23)*('HR2to5 - PY data'!$G$2:$G$48992))} -> 0 | O23: {=SUMPRODUCT(('HR2to5 - PY data'!$A$2:$A$48992=$C$4)*('HR2to5 - PY data'!$B$2:$B$48992=$D$4)*('HR2to5 - PY data'!$C$2:$C$48992=$E$4)*('HR2to5 - PY data'!$F$2:$F$48992=O$20)*('HR2to5 - PY data'!$E$2:$E$48992=$A23)*('HR2to5 - PY data'!$G$2:$G$48992))} -> 0 | P23: =SUM(L23:O23) -> 0 | Q23: =B13+G13+L13+Q13+B23+G23+L23 -> 0 | R23: =C13+H13+M13+R13+C23+H23+M23 -> 0 | S23: =D13+I13+N13+S13+D23+I23+N23 -> 0 | T23: =E13+J13+O13+T13+E23+J23+O23 -> 0 | U23: =F13+K13+P13+U13+F23+K23+P23 -> 0
A24: Crew Manager | B24: {=SUMPRODUCT(('HR2to5 - PY data'!$A$2:$A$48992=$C$4)*('HR2to5 - PY data'!$B$2:$B$48992=$D$4)*('HR2to5 - PY data'!$C$2:$C$48992=$E$4)*('HR2to5 - PY data'!$F$2:$F$48992=B$20)*('HR2to5 - PY data'!$E$2:$E$48992=$A24)*('HR2to5 - PY data'!$G$2:$G$48992))} -> 0 | C24: {=SUMPRODUCT(('HR2to5 - PY data'!$A$2:$A$48992=$C$4)*('HR2to5 - PY data'!$B$2:$B$48992=$D$4)*('HR2to5 - PY data'!$C$2:$C$48992=$E$4)*('HR2to5 - PY data'!$F$2:$F$48992=C$20)*('HR2to5 - PY data'!$E$2:$E$48992=$A24)*('HR2to5 - PY data'!$G$2:$G$48992))} -> 0 | D24: {=SUMPRODUCT(('HR2to5 - PY data'!$A$2:$A$48992=$C$4)*('HR2to5 - PY data'!$B$2:$B$48992=$D$4)*('HR2to5 - PY data'!$C$2:$C$48992=$E$4)*('HR2to5 - PY data'!$F$2:$F$48992=D$20)*('HR2to5 - PY data'!$E$2:$E$48992=$A24)*('HR2to5 - PY data'!$G$2:$G$48992))} -> 0 | E24: {=SUMPRODUCT(('HR2to5 - PY data'!$A$2:$A$48992=$C$4)*('HR2to5 - PY data'!$B$2:$B$48992=$D$4)*('HR2to5 - PY data'!$C$2:$C$48992=$E$4)*('HR2to5 - PY data'!$F$2:$F$48992=E$20)*('HR2to5 - PY data'!$E$2:$E$48992=$A24)*('HR2to5 - PY data'!$G$2:$G$48992))} -> 0 | F24: =SUM(B24:E24) -> 0 | G24: {=SUMPRODUCT(('HR2to5 - PY data'!$A$2:$A$48992=$C$4)*('HR2to5 - PY data'!$B$2:$B$48992=$D$4)*('HR2to5 - PY data'!$C$2:$C$48992=$E$4)*('HR2to5 - PY data'!$F$2:$F$48992=G$20)*('HR2to5 - PY data'!$E$2:$E$48992=$A24)*('HR2to5 - PY data'!$G$2:$G$48992))} -> 0 | H24: {=SUMPRODUCT(('HR2to5 - PY data'!$A$2:$A$48992=$C$4)*('HR2to5 - PY data'!$B$2:$B$48992=$D$4)*('HR2to5 - PY data'!$C$2:$C$48992=$E$4)*('HR2to5 - PY data'!$F$2:$F$48992=H$20)*('HR2to5 - PY data'!$E$2:$E$48992=$A24)*('HR2to5 - PY data'!$G$2:$G$48992))} -> 0 | I24: {=SUMPRODUCT(('HR2to5 - PY data'!$A$2:$A$48992=$C$4)*('HR2to5 - PY data'!$B$2:$B$48992=$D$4)*('HR2to5 - PY data'!$C$2:$C$48992=$E$4)*('HR2to5 - PY data'!$F$2:$F$48992=I$20)*('HR2to5 - PY data'!$E$2:$E$48992=$A24)*('HR2to5 - PY data'!$G$2:$G$48992))} -> 0 | J24: {=SUMPRODUCT(('HR2to5 - PY data'!$A$2:$A$48992=$C$4)*('HR2to5 - PY data'!$B$2:$B$48992=$D$4)*('HR2to5 - PY data'!$C$2:$C$48992=$E$4)*('HR2to5 - PY data'!$F$2:$F$48992=J$20)*('HR2to5 - PY data'!$E$2:$E$48992=$A24)*('HR2to5 - PY data'!$G$2:$G$48992))} -> 0 | K24: =SUM(G24:J24) -> 0 | L24: {=SUMPRODUCT(('HR2to5 - PY data'!$A$2:$A$48992=$C$4)*('HR2to5 - PY data'!$B$2:$B$48992=$D$4)*('HR2to5 - PY data'!$C$2:$C$48992=$E$4)*('HR2to5 - PY data'!$F$2:$F$48992=L$20)*('HR2to5 - PY data'!$E$2:$E$48992=$A24)*('HR2to5 - PY data'!$G$2:$G$48992))} -> 0 | M24: {=SUMPRODUCT(('HR2to5 - PY data'!$A$2:$A$48992=$C$4)*('HR2to5 - PY data'!$B$2:$B$48992=$D$4)*('HR2to5 - PY data'!$C$2:$C$48992=$E$4)*('HR2to5 - PY data'!$F$2:$F$48992=M$20)*('HR2to5 - PY data'!$E$2:$E$48992=$A24)*('HR2to5 - PY data'!$G$2:$G$48992))} -> 0 | N24: {=SUMPRODUCT(('HR2to5 - PY data'!$A$2:$A$48992=$C$4)*('HR2to5 - PY data'!$B$2:$B$48992=$D$4)*('HR2to5 - PY data'!$C$2:$C$48992=$E$4)*('HR2to5 - PY data'!$F$2:$F$48992=N$20)*('HR2to5 - PY data'!$E$2:$E$48992=$A24)*('HR2to5 - PY data'!$G$2:$G$48992))} -> 0 | O24: {=SUMPRODUCT(('HR2to5 - PY data'!$A$2:$A$48992=$C$4)*('HR2to5 - PY data'!$B$2:$B$48992=$D$4)*('HR2to5 - PY data'!$C$2:$C$48992=$E$4)*('HR2to5 - PY data'!$F$2:$F$48992=O$20)*('HR2to5 - PY data'!$E$2:$E$48992=$A24)*('HR2to5 - PY data'!$G$2:$G$48992))} -> 0 | P24: =SUM(L24:O24) -> 0 | Q24: =B14+G14+L14+Q14+B24+G24+L24 -> 0 | R24: =C14+H14+M14+R14+C24+H24+M24 -> 0 | S24: =D14+I14+N14+S14+D24+I24+N24 -> 0 | T24: =E14+J14+O14+T14+E24+J24+O24 -> 0 | U24: =F14+K14+P14+U14+F24+K24+P24 -> 0
A25: Firefighter | B25: {=SUMPRODUCT(('HR2to5 - PY data'!$A$2:$A$48992=$C$4)*('HR2to5 - PY data'!$B$2:$B$48992=$D$4)*('HR2to5 - PY data'!$C$2:$C$48992=$E$4)*('HR2to5 - PY data'!$F$2:$F$48992=B$20)*('HR2to5 - PY data'!$E$2:$E$48992=$A25)*('HR2to5 - PY data'!$G$2:$G$48992))} -> 0 | C25: {=SUMPRODUCT(('HR2to5 - PY data'!$A$2:$A$48992=$C$4)*('HR2to5 - PY data'!$B$2:$B$48992=$D$4)*('HR2to5 - PY data'!$C$2:$C$48992=$E$4)*('HR2to5 - PY data'!$F$2:$F$48992=C$20)*('HR2to5 - PY data'!$E$2:$E$48992=$A25)*('HR2to5 - PY data'!$G$2:$G$48992))} -> 0 | D25: {=SUMPRODUCT(('HR2to5 - PY data'!$A$2:$A$48992=$C$4)*('HR2to5 - PY data'!$B$2:$B$48992=$D$4)*('HR2to5 - PY data'!$C$2:$C$48992=$E$4)*('HR2to5 - PY data'!$F$2:$F$48992=D$20)*('HR2to5 - PY data'!$E$2:$E$48992=$A25)*('HR2to5 - PY data'!$G$2:$G$48992))} -> 0 | E25: {=SUMPRODUCT(('HR2to5 - PY data'!$A$2:$A$48992=$C$4)*('HR2to5 - PY data'!$B$2:$B$48992=$D$4)*('HR2to5 - PY data'!$C$2:$C$48992=$E$4)*('HR2to5 - PY data'!$F$2:$F$48992=E$20)*('HR2to5 - PY data'!$E$2:$E$48992=$A25)*('HR2to5 - PY data'!$G$2:$G$48992))} -> 0 | F25: =SUM(B25:E25) -> 0 | G25: {=SUMPRODUCT(('HR2to5 - PY data'!$A$2:$A$48992=$C$4)*('HR2to5 - PY data'!$B$2:$B$48992=$D$4)*('HR2to5 - PY data'!$C$2:$C$48992=$E$4)*('HR2to5 - PY data'!$F$2:$F$48992=G$20)*('HR2to5 - PY data'!$E$2:$E$48992=$A25)*('HR2to5 - PY data'!$G$2:$G$48992))} -> 0 | H25: {=SUMPRODUCT(('HR2to5 - PY data'!$A$2:$A$48992=$C$4)*('HR2to5 - PY data'!$B$2:$B$48992=$D$4)*('HR2to5 - PY data'!$C$2:$C$48992=$E$4)*('HR2to5 - PY data'!$F$2:$F$48992=H$20)*('HR2to5 - PY data'!$E$2:$E$48992=$A25)*('HR2to5 - PY data'!$G$2:$G$48992))} -> 0 | I25: {=SUMPRODUCT(('HR2to5 - PY data'!$A$2:$A$48992=$C$4)*('HR2to5 - PY data'!$B$2:$B$48992=$D$4)*('HR2to5 - PY data'!$C$2:$C$48992=$E$4)*('HR2to5 - PY data'!$F$2:$F$48992=I$20)*('HR2to5 - PY data'!$E$2:$E$48992=$A25)*('HR2to5 - PY data'!$G$2:$G$48992))} -> 0 | J25: {=SUMPRODUCT(('HR2to5 - PY data'!$A$2:$A$48992=$C$4)*('HR2to5 - PY data'!$B$2:$B$48992=$D$4)*('HR2to5 - PY data'!$C$2:$C$48992=$E$4)*('HR2to5 - PY data'!$F$2:$F$48992=J$20)*('HR2to5 - PY data'!$E$2:$E$48992=$A25)*('HR2to5 - PY data'!$G$2:$G$48992))} -> 0 | K25: =SUM(G25:J25) -> 0 | L25: {=SUMPRODUCT(('HR2to5 - PY data'!$A$2:$A$48992=$C$4)*('HR2to5 - PY data'!$B$2:$B$48992=$D$4)*('HR2to5 - PY data'!$C$2:$C$48992=$E$4)*('HR2to5 - PY data'!$F$2:$F$48992=L$20)*('HR2to5 - PY data'!$E$2:$E$48992=$A25)*('HR2to5 - PY data'!$G$2:$G$48992))} -> 0 | M25: {=SUMPRODUCT(('HR2to5 - PY data'!$A$2:$A$48992=$C$4)*('HR2to5 - PY data'!$B$2:$B$48992=$D$4)*('HR2to5 - PY data'!$C$2:$C$48992=$E$4)*('HR2to5 - PY data'!$F$2:$F$48992=M$20)*('HR2to5 - PY data'!$E$2:$E$48992=$A25)*('HR2to5 - PY data'!$G$2:$G$48992))} -> 0 | N25: {=SUMPRODUCT(('HR2to5 - PY data'!$A$2:$A$48992=$C$4)*('HR2to5 - PY data'!$B$2:$B$48992=$D$4)*('HR2to5 - PY data'!$C$2:$C$48992=$E$4)*('HR2to5 - PY data'!$F$2:$F$48992=N$20)*('HR2to5 - PY data'!$E$2:$E$48992=$A25)*('HR2to5 - PY data'!$G$2:$G$48992))} -> 0 | O25: {=SUMPRODUCT(('HR2to5 - PY data'!$A$2:$A$48992=$C$4)*('HR2to5 - PY data'!$B$2:$B$48992=$D$4)*('HR2to5 - PY data'!$C$2:$C$48992=$E$4)*('HR2to5 - PY data'!$F$2:$F$48992=O$20)*('HR2to5 - PY data'!$E$2:$E$48992=$A25)*('HR2to5 - PY data'!$G$2:$G$48992))} -> 0 | P25: =SUM(L25:O25) -> 0 | Q25: =B15+G15+L15+Q15+B25+G25+L25 -> 0 | R25: =C15+H15+M15+R15+C25+H25+M25 -> 0 | S25: =D15+I15+N15+S15+D25+I25+N25 -> 0 | T25: =E15+J15+O15+T15+E25+J25+O25 -> 0 | U25: =F15+K15+P15+U15+F25+K25+P25 -> 0
A26: Total | B26: =SUM(B21:B25) -> 0 | C26: =SUM(C21:C25) -> 0 | D26: =SUM(D21:D25) -> 0 | E26: =SUM(E21:E25) -> 0 | F26: =SUM(F21:F25) -> 0 | G26: =SUM(G21:G25) -> 0 | H26: =SUM(H21:H25) -> 0 | I26: =SUM(I21:I25) -> 0 | ... P26: =SUM(P21:P25) -> 0 | Q26: =B16+G16+L16+Q16+B26+G26+L26 -> 0 | R26: =C16+H16+M16+R16+C26+H26+M26 -> 0 | S26: =D16+I16+N16+S16+D26+I26+N26 -> 0 | T26: =E16+J16+O16+T16+E26+J26+O26 -> 0 | U26: =F16+K16+P16+U16+F26+K26+P26 -> 0
B30: White | C30: White_British_or_Irish | D30: White: Irish | E30: White: Gypsy or Irish Traveller | F30: White: Roma | G30: Any_other_white_background | H30: Mixed | I30: Mixed or Multiple Ethnic Groups: White and Black Caribbean | J30: Mixed or Multiple Ethnic Groups: White and Black African | K30: Mixed or Multiple Ethnic Groups: White and Asian | L30: Any other Mixed / Multiple ethnic background
A31: Group Manager | B31: =C31+G31 -> 0 | C31: {=SUMPRODUCT(('HR2to5 - PY data'!$A$2:$A$48992=$C$4)*('HR2to5 - PY data'!$B$2:$B$48992=$D$4)*('HR2to5 - PY data'!$C$2:$C$48992=$E$4)*('HR2to5 - PY data'!$F$2:$F$48992=C$30)*('HR2to5 - PY data'!$E$2:$E$48992=$A31)*('HR2to5 - PY data'!$G$2:$G$48992))} -> 0 | D31: {=SUMPRODUCT(('HR2to5 - PY data'!$A$2:$A$48992=$C$4)*('HR2to5 - PY data'!$B$2:$B$48992=$D$4)*('HR2to5 - PY data'!$C$2:$C$48992=$E$4)*('HR2to5 - PY data'!$F$2:$F$48992=D$30)*('HR2to5 - PY data'!$E$2:$E$48992=$A31)*('HR2to5 - PY data'!$G$2:$G$48992))} -> 0 | E31: {=SUMPRODUCT(('HR2to5 - PY data'!$A$2:$A$48992=$C$4)*('HR2to5 - PY data'!$B$2:$B$48992=$D$4)*('HR2to5 - PY data'!$C$2:$C$48992=$E$4)*('HR2to5 - PY data'!$F$2:$F$48992=E$30)*('HR2to5 - PY data'!$E$2:$E$48992=$A31)*('HR2to5 - PY data'!$G$2:$G$48992))} -> 0 | F31: {=SUMPRODUCT(('HR2to5 - PY data'!$A$2:$A$48992=$C$4)*('HR2to5 - PY data'!$B$2:$B$48992=$D$4)*('HR2to5 - PY data'!$C$2:$C$48992=$E$4)*('HR2to5 - PY data'!$F$2:$F$48992=F$30)*('HR2to5 - PY data'!$E$2:$E$48992=$A31)*('HR2to5 - PY data'!$G$2:$G$48992))} -> 0 | G31: {=SUMPRODUCT(('HR2to5 - PY data'!$A$2:$A$48992=$C$4)*('HR2to5 - PY data'!$B$2:$B$48992=$D$4)*('HR2to5 - PY data'!$C$2:$C$48992=$E$4)*('HR2to5 - PY data'!$F$2:$F$48992=G$30)*('HR2to5 - PY data'!$E$2:$E$48992=$A31)*('HR2to5 - PY data'!$G$2:$G$48992))} -> 0 | H31: {=SUMPRODUCT(('HR2to5 - PY data'!$A$2:$A$48992=$C$4)*('HR2to5 - PY data'!$B$2:$B$48992=$D$4)*('HR2to5 - PY data'!$C$2:$C$48992=$E$4)*('HR2to5 - PY data'!$F$2:$F$48992=H$30)*('HR2to5 - PY data'!$E$2:$E$48992=$A31)*('HR2to5 - PY data'!$G$2:$G$48992))} -> 0 | I31: {=SUMPRODUCT(('HR2to5 - PY data'!$A$2:$A$48992=$C$4)*('HR2to5 - PY data'!$B$2:$B$48992=$D$4)*('HR2to5 - PY data'!$C$2:$C$48992=$E$4)*('HR2to5 - PY data'!$F$2:$F$48992=I$30)*('HR2to5 - PY data'!$E$2:$E$48992=$A31)*('HR2to5 - PY data'!$G$2:$G$48992))} -> 0 | J31: {=SUMPRODUCT(('HR2to5 - PY data'!$A$2:$A$48992=$C$4)*('HR2to5 - PY data'!$B$2:$B$48992=$D$4)*('HR2to5 - PY data'!$C$2:$C$48992=$E$4)*('HR2to5 - PY data'!$F$2:$F$48992=J$30)*('HR2to5 - PY data'!$E$2:$E$48992=$A31)*('HR2to5 - PY data'!$G$2:$G$48992))} -> 0 | ... M31: {=SUMPRODUCT(('HR2to5 - PY data'!$A$2:$A$48992=$C$4)*('HR2to5 - PY data'!$B$2:$B$48992=$D$4)*('HR2to5 - PY data'!$C$2:$C$48992=$E$4)*('HR2to5 - PY data'!$F$2:$F$48992=M$30)*('HR2to5 - PY data'!$E$2:$E$48992=$A31)*('HR2to5 - PY data'!$G$2:$G$48992))} -> 0
A32: Station Manager | B32: =C32+G32 -> 0 | C32: {=SUMPRODUCT(('HR2to5 - PY data'!$A$2:$A$48992=$C$4)*('HR2to5 - PY data'!$B$2:$B$48992=$D$4)*('HR2to5 - PY data'!$C$2:$C$48992=$E$4)*('HR2to5 - PY data'!$F$2:$F$48992=C$30)*('HR2to5 - PY data'!$E$2:$E$48992=$A32)*('HR2to5 - PY data'!$G$2:$G$48992))} -> 0 | D32: {=SUMPRODUCT(('HR2to5 - PY data'!$A$2:$A$48992=$C$4)*('HR2to5 - PY data'!$B$2:$B$48992=$D$4)*('HR2to5 - PY data'!$C$2:$C$48992=$E$4)*('HR2to5 - PY data'!$F$2:$F$48992=D$30)*('HR2to5 - PY data'!$E$2:$E$48992=$A32)*('HR2to5 - PY data'!$G$2:$G$48992))} -> 0 | E32: {=SUMPRODUCT(('HR2to5 - PY data'!$A$2:$A$48992=$C$4)*('HR2to5 - PY data'!$B$2:$B$48992=$D$4)*('HR2to5 - PY data'!$C$2:$C$48992=$E$4)*('HR2to5 - PY data'!$F$2:$F$48992=E$30)*('HR2to5 - PY data'!$E$2:$E$48992=$A32)*('HR2to5 - PY data'!$G$2:$G$48992))} -> 0 | F32: {=SUMPRODUCT(('HR2to5 - PY data'!$A$2:$A$48992=$C$4)*('HR2to5 - PY data'!$B$2:$B$48992=$D$4)*('HR2to5 - PY data'!$C$2:$C$48992=$E$4)*('HR2to5 - PY data'!$F$2:$F$48992=F$30)*('HR2to5 - PY data'!$E$2:$E$48992=$A32)*('HR2to5 - PY data'!$G$2:$G$48992))} -> 0 | G32: {=SUMPRODUCT(('HR2to5 - PY data'!$A$2:$A$48992=$C$4)*('HR2to5 - PY data'!$B$2:$B$48992=$D$4)*('HR2to5 - PY data'!$C$2:$C$48992=$E$4)*('HR2to5 - PY data'!$F$2:$F$48992=G$30)*('HR2to5 - PY data'!$E$2:$E$48992=$A32)*('HR2to5 - PY data'!$G$2:$G$48992))} -> 0 | H32: {=SUMPRODUCT(('HR2to5 - PY data'!$A$2:$A$48992=$C$4)*('HR2to5 - PY data'!$B$2:$B$48992=$D$4)*('HR2to5 - PY data'!$C$2:$C$48992=$E$4)*('HR2to5 - PY data'!$F$2:$F$48992=H$30)*('HR2to5 - PY data'!$E$2:$E$48992=$A32)*('HR2to5 - PY data'!$G$2:$G$48992))} -> 0 | I32: {=SUMPRODUCT(('HR2to5 - PY data'!$A$2:$A$48992=$C$4)*('HR2to5 - PY data'!$B$2:$B$48992=$D$4)*('HR2to5 - PY data'!$C$2:$C$48992=$E$4)*('HR2to5 - PY data'!$F$2:$F$48992=I$30)*('HR2to5 - PY data'!$E$2:$E$48992=$A32)*('HR2to5 - PY data'!$G$2:$G$48992))} -> 0 | J32: {=SUMPRODUCT(('HR2to5 - PY data'!$A$2:$A$48992=$C$4)*('HR2to5 - PY data'!$B$2:$B$48992=$D$4)*('HR2to5 - PY data'!$C$2:$C$48992=$E$4)*('HR2to5 - PY data'!$F$2:$F$48992=J$30)*('HR2to5 - PY data'!$E$2:$E$48992=$A32)*('HR2to5 - PY data'!$G$2:$G$48992))} -> 0 | ... M32: {=SUMPRODUCT(('HR2to5 - PY data'!$A$2:$A$48992=$C$4)*('HR2to5 - PY data'!$B$2:$B$48992=$D$4)*('HR2to5 - PY data'!$C$2:$C$48992=$E$4)*('HR2to5 - PY data'!$F$2:$F$48992=M$30)*('HR2to5 - PY data'!$E$2:$E$48992=$A32)*('HR2to5 - PY data'!$G$2:$G$48992))} -> 0
A33: Watch Manager | B33: =C33+G33 -> 0 | C33: {=SUMPRODUCT(('HR2to5 - PY data'!$A$2:$A$48992=$C$4)*('HR2to5 - PY data'!$B$2:$B$48992=$D$4)*('HR2to5 - PY data'!$C$2:$C$48992=$E$4)*('HR2to5 - PY data'!$F$2:$F$48992=C$30)*('HR2to5 - PY data'!$E$2:$E$48992=$A33)*('HR2to5 - PY data'!$G$2:$G$48992))} -> 0 | D33: {=SUMPRODUCT(('HR2to5 - PY data'!$A$2:$A$48992=$C$4)*('HR2to5 - PY data'!$B$2:$B$48992=$D$4)*('HR2to5 - PY data'!$C$2:$C$48992=$E$4)*('HR2to5 - PY data'!$F$2:$F$48992=D$30)*('HR2to5 - PY data'!$E$2:$E$48992=$A33)*('HR2to5 - PY data'!$G$2:$G$48992))} -> 0 | E33: {=SUMPRODUCT(('HR2to5 - PY data'!$A$2:$A$48992=$C$4)*('HR2to5 - PY data'!$B$2:$B$48992=$D$4)*('HR2to5 - PY data'!$C$2:$C$48992=$E$4)*('HR2to5 - PY data'!$F$2:$F$48992=E$30)*('HR2to5 - PY data'!$E$2:$E$48992=$A33)*('HR2to5 - PY data'!$G$2:$G$48992))} -> 0 | F33: {=SUMPRODUCT(('HR2to5 - PY data'!$A$2:$A$48992=$C$4)*('HR2to5 - PY data'!$B$2:$B$48992=$D$4)*('HR2to5 - PY data'!$C$2:$C$48992=$E$4)*('HR2to5 - PY data'!$F$2:$F$48992=F$30)*('HR2to5 - PY data'!$E$2:$E$48992=$A33)*('HR2to5 - PY data'!$G$2:$G$48992))} -> 0 | G33: {=SUMPRODUCT(('HR2to5 - PY data'!$A$2:$A$48992=$C$4)*('HR2to5 - PY data'!$B$2:$B$48992=$D$4)*('HR2to5 - PY data'!$C$2:$C$48992=$E$4)*('HR2to5 - PY data'!$F$2:$F$48992=G$30)*('HR2to5 - PY data'!$E$2:$E$48992=$A33)*('HR2to5 - PY data'!$G$2:$G$48992))} -> 0 | H33: {=SUMPRODUCT(('HR2to5 - PY data'!$A$2:$A$48992=$C$4)*('HR2to5 - PY data'!$B$2:$B$48992=$D$4)*('HR2to5 - PY data'!$C$2:$C$48992=$E$4)*('HR2to5 - PY data'!$F$2:$F$48992=H$30)*('HR2to5 - PY data'!$E$2:$E$48992=$A33)*('HR2to5 - PY data'!$G$2:$G$48992))} -> 0 | I33: {=SUMPRODUCT(('HR2to5 - PY data'!$A$2:$A$48992=$C$4)*('HR2to5 - PY data'!$B$2:$B$48992=$D$4)*('HR2to5 - PY data'!$C$2:$C$48992=$E$4)*('HR2to5 - PY data'!$F$2:$F$48992=I$30)*('HR2to5 - PY data'!$E$2:$E$48992=$A33)*('HR2to5 - PY data'!$G$2:$G$48992))} -> 0 | J33: {=SUMPRODUCT(('HR2to5 - PY data'!$A$2:$A$48992=$C$4)*('HR2to5 - PY data'!$B$2:$B$48992=$D$4)*('HR2to5 - PY data'!$C$2:$C$48992=$E$4)*('HR2to5 - PY data'!$F$2:$F$48992=J$30)*('HR2to5 - PY data'!$E$2:$E$48992=$A33)*('HR2to5 - PY data'!$G$2:$G$48992))} -> 0 | ... M33: {=SUMPRODUCT(('HR2to5 - PY data'!$A$2:$A$48992=$C$4)*('HR2to5 - PY data'!$B$2:$B$48992=$D$4)*('HR2to5 - PY data'!$C$2:$C$48992=$E$4)*('HR2to5 - PY data'!$F$2:$F$48992=M$30)*('HR2to5 - PY data'!$E$2:$E$48992=$A33)*('HR2to5 - PY data'!$G$2:$G$48992))} -> 0
A34: Crew Manager | B34: =C34+G34 -> 0 | C34: {=SUMPRODUCT(('HR2to5 - PY data'!$A$2:$A$48992=$C$4)*('HR2to5 - PY data'!$B$2:$B$48992=$D$4)*('HR2to5 - PY data'!$C$2:$C$48992=$E$4)*('HR2to5 - PY data'!$F$2:$F$48992=C$30)*('HR2to5 - PY data'!$E$2:$E$48992=$A34)*('HR2to5 - PY data'!$G$2:$G$48992))} -> 0 | D34: {=SUMPRODUCT(('HR2to5 - PY data'!$A$2:$A$48992=$C$4)*('HR2to5 - PY data'!$B$2:$B$48992=$D$4)*('HR2to5 - PY data'!$C$2:$C$48992=$E$4)*('HR2to5 - PY data'!$F$2:$F$48992=D$30)*('HR2to5 - PY data'!$E$2:$E$48992=$A34)*('HR2to5 - PY data'!$G$2:$G$48992))} -> 0 | E34: {=SUMPRODUCT(('HR2to5 - PY data'!$A$2:$A$48992=$C$4)*('HR2to5 - PY data'!$B$2:$B$48992=$D$4)*('HR2to5 - PY data'!$C$2:$C$48992=$E$4)*('HR2to5 - PY data'!$F$2:$F$48992=E$30)*('HR2to5 - PY data'!$E$2:$E$48992=$A34)*('HR2to5 - PY data'!$G$2:$G$48992))} -> 0 | F34: {=SUMPRODUCT(('HR2to5 - PY data'!$A$2:$A$48992=$C$4)*('HR2to5 - PY data'!$B$2:$B$48992=$D$4)*('HR2to5 - PY data'!$C$2:$C$48992=$E$4)*('HR2to5 - PY data'!$F$2:$F$48992=F$30)*('HR2to5 - PY data'!$E$2:$E$48992=$A34)*('HR2to5 - PY data'!$G$2:$G$48992))} -> 0 | G34: {=SUMPRODUCT(('HR2to5 - PY data'!$A$2:$A$48992=$C$4)*('HR2to5 - PY data'!$B$2:$B$48992=$D$4)*('HR2to5 - PY data'!$C$2:$C$48992=$E$4)*('HR2to5 - PY data'!$F$2:$F$48992=G$30)*('HR2to5 - PY data'!$E$2:$E$48992=$A34)*('HR2to5 - PY data'!$G$2:$G$48992))} -> 0 | H34: {=SUMPRODUCT(('HR2to5 - PY data'!$A$2:$A$48992=$C$4)*('HR2to5 - PY data'!$B$2:$B$48992=$D$4)*('HR2to5 - PY data'!$C$2:$C$48992=$E$4)*('HR2to5 - PY data'!$F$2:$F$48992=H$30)*('HR2to5 - PY data'!$E$2:$E$48992=$A34)*('HR2to5 - PY data'!$G$2:$G$48992))} -> 0 | I34: {=SUMPRODUCT(('HR2to5 - PY data'!$A$2:$A$48992=$C$4)*('HR2to5 - PY data'!$B$2:$B$48992=$D$4)*('HR2to5 - PY data'!$C$2:$C$48992=$E$4)*('HR2to5 - PY data'!$F$2:$F$48992=I$30)*('HR2to5 - PY data'!$E$2:$E$48992=$A34)*('HR2to5 - PY data'!$G$2:$G$48992))} -> 0 | J34: {=SUMPRODUCT(('HR2to5 - PY data'!$A$2:$A$48992=$C$4)*('HR2to5 - PY data'!$B$2:$B$48992=$D$4)*('HR2to5 - PY data'!$C$2:$C$48992=$E$4)*('HR2to5 - PY data'!$F$2:$F$48992=J$30)*('HR2to5 - PY data'!$E$2:$E$48992=$A34)*('HR2to5 - PY data'!$G$2:$G$48992))} -> 0 | ... M34: {=SUMPRODUCT(('HR2to5 - PY data'!$A$2:$A$48992=$C$4)*('HR2to5 - PY data'!$B$2:$B$48992=$D$4)*('HR2to5 - PY data'!$C$2:$C$48992=$E$4)*('HR2to5 - PY data'!$F$2:$F$48992=M$30)*('HR2to5 - PY data'!$E$2:$E$48992=$A34)*('HR2to5 - PY data'!$G$2:$G$48992))} -> 0
A35: Firefighter | B35: =C35+G35 -> 0 | C35: {=SUMPRODUCT(('HR2to5 - PY data'!$A$2:$A$48992=$C$4)*('HR2to5 - PY data'!$B$2:$B$48992=$D$4)*('HR2to5 - PY data'!$C$2:$C$48992=$E$4)*('HR2to5 - PY data'!$F$2:$F$48992=C$30)*('HR2to5 - PY data'!$E$2:$E$48992=$A35)*('HR2to5 - PY data'!$G$2:$G$48992))} -> 0 | D35: {=SUMPRODUCT(('HR2to5 - PY data'!$A$2:$A$48992=$C$4)*('HR2to5 - PY data'!$B$2:$B$48992=$D$4)*('HR2to5 - PY data'!$C$2:$C$48992=$E$4)*('HR2to5 - PY data'!$F$2:$F$48992=D$30)*('HR2to5 - PY data'!$E$2:$E$48992=$A35)*('HR2to5 - PY data'!$G$2:$G$48992))} -> 0 | E35: {=SUMPRODUCT(('HR2to5 - PY data'!$A$2:$A$48992=$C$4)*('HR2to5 - PY data'!$B$2:$B$48992=$D$4)*('HR2to5 - PY data'!$C$2:$C$48992=$E$4)*('HR2to5 - PY data'!$F$2:$F$48992=E$30)*('HR2to5 - PY data'!$E$2:$E$48992=$A35)*('HR2to5 - PY data'!$G$2:$G$48992))} -> 0 | F35: {=SUMPRODUCT(('HR2to5 - PY data'!$A$2:$A$48992=$C$4)*('HR2to5 - PY data'!$B$2:$B$48992=$D$4)*('HR2to5 - PY data'!$C$2:$C$48992=$E$4)*('HR2to5 - PY data'!$F$2:$F$48992=F$30)*('HR2to5 - PY data'!$E$2:$E$48992=$A35)*('HR2to5 - PY data'!$G$2:$G$48992))} -> 0 | G35: {=SUMPRODUCT(('HR2to5 - PY data'!$A$2:$A$48992=$C$4)*('HR2to5 - PY data'!$B$2:$B$48992=$D$4)*('HR2to5 - PY data'!$C$2:$C$48992=$E$4)*('HR2to5 - PY data'!$F$2:$F$48992=G$30)*('HR2to5 - PY data'!$E$2:$E$48992=$A35)*('HR2to5 - PY data'!$G$2:$G$48992))} -> 0 | H35: {=SUMPRODUCT(('HR2to5 - PY data'!$A$2:$A$48992=$C$4)*('HR2to5 - PY data'!$B$2:$B$48992=$D$4)*('HR2to5 - PY data'!$C$2:$C$48992=$E$4)*('HR2to5 - PY data'!$F$2:$F$48992=H$30)*('HR2to5 - PY data'!$E$2:$E$48992=$A35)*('HR2to5 - PY data'!$G$2:$G$48992))} -> 0 | I35: {=SUMPRODUCT(('HR2to5 - PY data'!$A$2:$A$48992=$C$4)*('HR2to5 - PY data'!$B$2:$B$48992=$D$4)*('HR2to5 - PY data'!$C$2:$C$48992=$E$4)*('HR2to5 - PY data'!$F$2:$F$48992=I$30)*('HR2to5 - PY data'!$E$2:$E$48992=$A35)*('HR2to5 - PY data'!$G$2:$G$48992))} -> 0 | J35: {=SUMPRODUCT(('HR2to5 - PY data'!$A$2:$A$48992=$C$4)*('HR2to5 - PY data'!$B$2:$B$48992=$D$4)*('HR2to5 - PY data'!$C$2:$C$48992=$E$4)*('HR2to5 - PY data'!$F$2:$F$48992=J$30)*('HR2to5 - PY data'!$E$2:$E$48992=$A35)*('HR2to5 - PY data'!$G$2:$G$48992))} -> 0 | ... M35: {=SUMPRODUCT(('HR2to5 - PY data'!$A$2:$A$48992=$C$4)*('HR2to5 - PY data'!$B$2:$B$48992=$D$4)*('HR2to5 - PY data'!$C$2:$C$48992=$E$4)*('HR2to5 - PY data'!$F$2:$F$48992=M$30)*('HR2to5 - PY data'!$E$2:$E$48992=$A35)*('HR2to5 - PY data'!$G$2:$G$48992))} -> 0
A36: Total | B36: =SUM(B31:B35) -> 0 | C36: =SUM(C31:C35) -> 0 | D36: =SUM(D31:D35) -> 0 | E36: =SUM(E31:E35) -> 0 | F36: =SUM(F31:F35) -> 0 | G36: =SUM(G31:G35) -> 0 | H36: =SUM(H31:H35) -> 0 | I36: =SUM(I31:I35) -> 0 | ... M36: =SUM(M31:M35) -> 0
B40: Asian_or_Asian_British | C40: Asian/Asian British: Indian | D40: Asian/Asian British: Pakistani | E40: Asian/Asian British: Bangladeshi | F40: Chinese | G40: Any other Asian/Asian British background | H40: Black_or_Black_British | I40: Black / African / Caribbean / Black British: African | J40: Black / African / Caribbean / Black British: Caribbean | K40: Any other Black/African/ Caribbean background | L40: Any_other_Minority_Ethnic_Background | M40: Other ethnic group: Arab | N40: Any other ethnic group | O40: Ethnic_origin_Not_Stated
