Workbook
Name _ftn1: Guidance!#REF!
Name _ftnref1: Guidance!#REF!
Name _Toc253397785: Guidance!#REF!
Name _Toc253397786: Guidance!#REF!
Name _Toc253397787: Guidance!#REF!
Name _Toc253397788: Guidance!#REF!
Name _Toc253397789: Guidance!#REF!
Name Data: #REF!
Name Data: #REF!
Name Data: #REF!
Name FS3_f: #REF!
Name FS3_formula: #REF!
Name FS4_formula: #REF!
Name FS5_formula: #REF!
Name FS9_f: '[1]FS9 2020-21'!#REF!
Name FS9_formula: [1]FS9!#REF!
Name HR1_formula: #REF!
Name HR2_f: #REF!
Name HR2_formula: #REF!
Name HR2_formula: #REF!
Name HR2_formula: #REF!
Name HR3_formula: #REF!
Name HR3_formula: #REF!
Name HR3_formula: #REF!
Name HR4_formula: #REF!
Name HR4_formula: #REF!
Name HR4_formula: #REF!
Name HR5_formula: #REF!
Name HR5_formula: #REF!
Name HR5_formula: #REF!

Sheet Cover
A6: 2025_26
A7: Operational Statistics Collection
A8: FP Tables
A10: =VLOOKUP(B250,B251:D316,2,FALSE) -> West Yorkshire
A11: =VLOOKUP(B250,B251:D316,3,FALSE) -> E31000045
A14: Index of Tables | B14: Description
A15: FP1 | B15: Home Fire Safety Visits
A16: Guidance | B16: Guidance notes
A18: Key
A19: 999999 | B19: Cells highlighted yellow following data entry indicate a significant change in the figures inputted relative to the previous year. Please double check the relevant figures prior to submitting this return.
A21: Please complete by Friday 1 May 2026 and send the spreadsheet as an attachment via e-mail to firestatistics@homeoffice.gov.uk
A23: Contact
A24: E-mail Address
A26: If you have any comments on the data submitted please provide them in the box below. If not, please leave blank.
A250: FRS Selector>>>>> | B250: 44 | C250: =MAX(B251:B316) -> 44
B251: 1 | C251: Avon | D251: E31000001
B252: 2 | C252: Bedfordshire | D252: E31000002
B253: 3 | C253: Berkshire | D253: E31000003
B254: 4 | C254: Buckinghamshire | D254: E31000004
B255: 5 | C255: Cambridgeshire | D255: E31000005
B256: 6 | C256: Cheshire | D256: E31000006
B257: 7 | C257: Cleveland | D257: E31000007
B258: 8 | C258: Cornwall | D258: E31000008
B259: 9 | C259: Cumbria | D259: E31000009
B260: 10 | C260: Derbyshire | D260: E31000010
B261: 11 | C261: Devon and Somerset | D261: E31000011
B262: 12 | C262: Dorset and Wiltshire | D262: E31000047
... B294: 44 | C294: West Yorkshire | D294: E31000045
B316: 0 | C316: Template FRS | D316: 0
B319: 2023_24 | C319: 2023 | D319: 2022/23
B320: 2024_25 | C320: 2024 | D320: 2023/24
B321: 2025_26 | C321: 2025 | D321: 2024/25
B322: 2026_27 | C322: 2026 | D322: 2025/26
B323: 2027_28 | C323: 2027 | D323: 2026/27
B324: 2028_29 | C324: 2028 | D324: 2027/28
D325: 2028/29

Sheet Guidance
A1: Guidance notes for the completion of the Fire Prevention form (FP1)
A3: The Fire Prevention and Community Fire Safety return (FP1) collects information to monitor the activity conducted by the FRS with the intent of preventing fires and improving Community Fire Safety.
A5: This form focuses on Home Fire Safety Visits (HFSVs) between 1st April 2025 and 31st March 2026.
A7: Definitions
A9: Home Fire Safety Visit (HFSV): | B9: The term Home Fire Safety Visit (HFSV) is used as a generic name to capture data on fire safety checks within homes, as FRSs use different terminology. Previously, this data was collected under Home Fire Safety Check (HFSC) and the sub-category Safe and Well Visit (SWV). However, following feedback from FRSs and discussions with the CLIP-Fire group, the return has been simplified into a single category: Home Fire Safety Visits (HFSVs). This return should reflect all fire safety checks carried out in homes. Examples of such checks include:
B10: 1. Identifying and advising on potential fire risks in the home.
B11: 2. Providing guidance on reducing or preventing these risks.
B12: 3. Developing an escape plan in case of a fire and ensuring the householder has working smoke alarms. This may include installing smoke alarms where appropriate.
B13: If multiple checks are carried out at the same location, each visit should be counted separately.
B14: As in recent years, HFSVs have continued to be carried out in different ways, so the Home Office data collection will continue to collect the number of checks carried out both face-to-face and virtually. - A face-to-face (in-person) check is one where FRS personnel or a partner organisation representative physically enter the property. - A virtual or telephone check is defined as one where FRS personnel, or a partner organisation on behalf of the FRS, contacted an individual via video or phone call to conduct a HFSV. - The online safety checker tool does not count as a HFSV
A16: FRS Personnel: | B16: FRS personnel include all staff employed directly by the Fire and Rescue Authorities across all duty systems. The returns should include checks completed by:
B17: a) All temporary staff
B18: b) Staff on fixed-term contracts
B19: c) Secondees at 31 March 2026, if their salaries are paid by the FRS
B20: The following personnel should be excluded:
B21: d) Personnel employed by outside contractors
B22: e) Secondees at 31 March 2026, if their salaries are not paid by the FRS
A24: Partners: | B24: Partners include organisations such as:
B25: - Home Improvement Services
B26: - Education
B27: - Social Services
B28: - Voluntary Sector
B29: - Housing
B30: - Health or social care (previously Primary Care Trusts)
A32: Elderly people: | B32: Home Fire Safety Visits to households where at least one resident is aged 65 or over.
A34: Disabled: | B34: This category includes visits to households where at least one resident has a disability, as defined by the Equality Act 2010:
B35: a) they have a physical or mental impairment
B36: b) the impairment has a substantial and long-term adverse effect on their ability to perform normal day-to-day activities
B38: If a HFSV is carried out at a home with a resident who is both elderly (65+) and disabled, record this information once in the "65+ and disabled" category.
A40: Examples of vulnerabilities/risk factors: | B40: • Elderly • Disabled or immobile • Living alone • Smoker • Mental health problem or learning difficulty • Drug or alcohol use • Single adult present in the household (including single parenthood) • Domestic violence/abuse • Any other locally identified risk (e.g., rented accommodation)
A42: Number of FRS and partner staff carrying out HFSV | B42: Please record the total number of staff visiting by using the following calculation: Total Number of Visits x Average Number of Staff Per Visit Example: If there were 1,000 visits, and each visit involved two firefighters and one volunteer, the total number of staff would be: (1,000 × 2 firefighters) + (1,000 × 1 volunteer) = 3,000 staff members.
B44: Since more than one person may conduct a visit, the total number of staff recorded should never be lower than the total number of visits.
B45: Some key considerations:
B46: The term "Firefighters" refers to all operational station staff conducting visits, including crew managers and watch managers.
B47: Partner staff should be recorded in the 'Other' category

Sheet FP1
A6: FP1 - Home Fire Safety Visits 1st April 2025 - 31st March 2026 | E6: QA checks versus data submitted last year
E7: Cells highlighted yellow following data entry indicate a significant change between the figures inputted this year relative to the previous year. Please double check the relevant figures prior to submitting this return and provide explanation of why there is a significant increase/decrease in the numbers
B8: Total NUMBER of Home Fire Safety Visits carried out:
B9: Number of HFSVs (face-to-face) | C9: Number of HFSVs carried out virtually (eg desktop, telephone)
A10: HFSV carried out by FRS personnel
A11: of which household contains at least 1 person with at least 1 vulnerability or risk factor (include elderly/disability vulnerabilities)
A12: Elderly and/or disability vulnerabilities
A13: of which household contains: at least 1 person aged 65+ and one person disabled (can be same person)
A14: of which household contains: at least 1 person aged 65+, but no one in household disabled
A15: of which household contains: all aged under 65 but at least 1 person disabled
A16: HFSV carried out by Partners (if known)
A17: of which household contains: at least 1 person aged 65+ and one person disabled (can be same person)
A18: of which household contains: at least 1 person aged 65+, but no one in household disabled
A19: of which household contains: all aged under 65 but at least 1 person disabled
A22: TOTAL NUMBER of STAFF VISITING (total number of visits x average number of staff per visit) from FRS and partners carrying out Home Fire Safety Visit:
B23: Number of staff carrying out HFSV | E23: HFSV - Staff QA checks
E24: Total staff performing HFSV - must be equal to or greater than the Total number of Home Fire Safety Visits | F24: =IF(B31>=SUM(B10:C10,B16:C16),"YES","NO") -> YES
A25: Firefighter(s)
A26: FRS volunteer(s)
A27: Community safety advocate(s) | E27: Total Home Fire Safety Visits | F27: =SUM(B10:C10,B16:C16) -> 0
A28: Non-operational fire prevention staff | E28: Average number of staff performing each visit - if less than 1 or greater than 5, please add a note to explain | F28: =B31/F27 -> #DIV/0!
A29: Fire control partner(s)
A30: Other (please specify below)
A31: Total NUMBER OF STAFF per visit carrying out Home Fire Safety Visits: | B31: =SUM(B25:B30) -> 0
A33: FRS Notes

Sheet FP1a - PY data
A1: SHEET | B1: FINANCIAL_YEAR | C1: FRS_NAME | D1: FRS_PARTNERS | E1: VIRTUAL_F2F | F1: TOTAL

Sheet FP1b - PY data
A1: SHEET | B1: FINANCIAL_YEAR | C1: FRS_NAME | D1: STAFF_TYPE | E1: TOTAL

Sheet FP1 PY
A4: FP | B4: =VLOOKUP(Cover!A6,Cover!B319:D325,3,FALSE) -> 2024/25 | C4: =Cover!A10 -> West Yorkshire
B9: Face to face | C9: Virtual
A10: FRS | B10: {=SUMPRODUCT(('FP1a - PY data'!$A$2:$A$100000='FP1 PY'!$A$4)*('FP1a - PY data'!$B$2:$B$100000='FP1 PY'!$B$4)*('FP1a - PY data'!$C$2:$C$100000='FP1 PY'!$C$4)*('FP1a - PY data'!$D$2:$D$100000='FP1 PY'!$A10)*('FP1a - PY data'!$E$2:$E$100000='FP1 PY'!B$9)*('FP1a - PY data'!$F$2:$F$100000))} -> 0 | C10: {=SUMPRODUCT(('FP1a - PY data'!$A$2:$A$100000='FP1 PY'!$A$4)*('FP1a - PY data'!$B$2:$B$100000='FP1 PY'!$B$4)*('FP1a - PY data'!$C$2:$C$100000='FP1 PY'!$C$4)*('FP1a - PY data'!$D$2:$D$100000='FP1 PY'!$A10)*('FP1a - PY data'!$E$2:$E$100000='FP1 PY'!C$9)*('FP1a - PY data'!$F$2:$F$100000))} -> 0
A12: HFSV carried out by FRS personnel | B12: =B10 -> 0 | C12: =C10 -> 0
A16: Partners | B16: {=SUMPRODUCT(('FP1a - PY data'!$A$2:$A$100000='FP1 PY'!$A$4)*('FP1a - PY data'!$B$2:$B$100000='FP1 PY'!$B$4)*('FP1a - PY data'!$C$2:$C$100000='FP1 PY'!$C$4)*('FP1a - PY data'!$D$2:$D$100000='FP1 PY'!$A16)*('FP1a - PY data'!$E$2:$E$100000='FP1 PY'!B$9)*('FP1a - PY data'!$F$2:$F$100000))} -> 0 | C16: {=SUMPRODUCT(('FP1a - PY data'!$A$2:$A$100000='FP1 PY'!$A$4)*('FP1a - PY data'!$B$2:$B$100000='FP1 PY'!$B$4)*('FP1a - PY data'!$C$2:$C$100000='FP1 PY'!$C$4)*('FP1a - PY data'!$D$2:$D$100000='FP1 PY'!$A16)*('FP1a - PY data'!$E$2:$E$100000='FP1 PY'!C$9)*('FP1a - PY data'!$F$2:$F$100000))} -> 0
B23: Number of staff carrying out HFSV
A25: Firefighter(s) | B25: {=SUMPRODUCT(('FP1b - PY data'!$A$2:$A$100000='FP1 PY'!$A$4)*('FP1b - PY data'!$B$2:$B$100000='FP1 PY'!$B$4)*('FP1b - PY data'!$C$2:$C$100000='FP1 PY'!$C$4)*('FP1b - PY data'!$D$2:$D$100000='FP1 PY'!$A25)*('FP1b - PY data'!$E$2:$E$100000))} -> 0
A26: FRS volunteer(s) | B26: {=SUMPRODUCT(('FP1b - PY data'!$A$2:$A$100000='FP1 PY'!$A$4)*('FP1b - PY data'!$B$2:$B$100000='FP1 PY'!$B$4)*('FP1b - PY data'!$C$2:$C$100000='FP1 PY'!$C$4)*('FP1b - PY data'!$D$2:$D$100000='FP1 PY'!$A26)*('FP1b - PY data'!$E$2:$E$100000))} -> 0
A27: Community safety advocate(s) | B27: {=SUMPRODUCT(('FP1b - PY data'!$A$2:$A$100000='FP1 PY'!$A$4)*('FP1b - PY data'!$B$2:$B$100000='FP1 PY'!$B$4)*('FP1b - PY data'!$C$2:$C$100000='FP1 PY'!$C$4)*('FP1b - PY data'!$D$2:$D$100000='FP1 PY'!$A27)*('FP1b - PY data'!$E$2:$E$100000))} -> 0
A28: Non-operational fire prevention staff | B28: {=SUMPRODUCT(('FP1b - PY data'!$A$2:$A$100000='FP1 PY'!$A$4)*('FP1b - PY data'!$B$2:$B$100000='FP1 PY'!$B$4)*('FP1b - PY data'!$C$2:$C$100000='FP1 PY'!$C$4)*('FP1b - PY data'!$D$2:$D$100000='FP1 PY'!$A28)*('FP1b - PY data'!$E$2:$E$100000))} -> 0
A29: Fire control partner(s) | B29: {=SUMPRODUCT(('FP1b - PY data'!$A$2:$A$100000='FP1 PY'!$A$4)*('FP1b - PY data'!$B$2:$B$100000='FP1 PY'!$B$4)*('FP1b - PY data'!$C$2:$C$100000='FP1 PY'!$C$4)*('FP1b - PY data'!$D$2:$D$100000='FP1 PY'!$A29)*('FP1b - PY data'!$E$2:$E$100000))} -> 0
A30: Other | B30: {=SUMPRODUCT(('FP1b - PY data'!$A$2:$A$100000='FP1 PY'!$A$4)*('FP1b - PY data'!$B$2:$B$100000='FP1 PY'!$B$4)*('FP1b - PY data'!$C$2:$C$100000='FP1 PY'!$C$4)*('FP1b - PY data'!$D$2:$D$100000='FP1 PY'!$A30)*('FP1b - PY data'!$E$2:$E$100000))} -> 0
A31: Total NUMBER OF STAFF per visit carrying out Home Fire Safety Visits:
A33: FRS Notes

Sheet QA checks
A1: Errors | B1: =COUNTIF(3:9,"No, check notes and consider email to FRS") -> 1
A3: FP B11 >= sum(B13:B15) | B3: FP C11 >= sum(C13:C15) | C3: FP B10 >= B11 | D3: FP C10 >= C11 | E3: FP B31 >= B10 | F3: Number of checks are similar to previous year (within 35%) | G3: Average number of staff performing each visit is between 1 and 5 | H3: Check FRS notes
A4: =IF('FP1'!B11>=SUM('FP1'!B13:B15),"Yes","No, email FRS") -> Yes | B4: =IF('FP1'!C11>=SUM('FP1'!C13:C15),"Yes","No, email FRS") -> Yes | C4: =IF('FP1'!B10>='FP1'!B11,"Yes","No, email FRS") -> Yes | D4: =IF('FP1'!C10>='FP1'!C11,"Yes","No, email FRS") -> Yes | E4: =IF('FP1'!B31>='FP1'!B10,"Yes","No, email FRS") -> Yes | F4: =IF(AND(SUM('FP1'!B10:C10,'FP1'!B16:C16)<SUM('FP1 PY'!B10:C10,'FP1 PY'!B16:C16)*1.35,SUM('FP1'!B10:C10,'FP1'!B16:C16)>SUM('FP1 PY'!B10:C10,'FP1 PY'!B16:C16)*0.75),"Yes", "No, check notes and consider email to FRS") -> No, check notes and consider email to FRS | G4: =IF(AND('FP1'!F28>=1,'FP1'!F28<=5),"Yes","No, check notes and consider email to FRS") -> #DIV/0! | H4: =IF('FP1'!A34="","No notes","Check notes") -> No notes

Sheet QA check thresholds
A1: Absolute value thresholds | C1: Percentage thresholds
A2: -40 | C2: 0.75
A3: 40 | C3: 1.25
